Timestamp;Scheduled Date;Scheduled Time;Train ID;Status;Origin;Destination;Train Type Classification;Carriage Info;Raw Units
2026-03-12 16:05:36;12-03-2026;17:02:30;397;Scheduled;KH;AP;Talgo;16 cars (Nos. 1-25);EB + BPD + APT + AP + BPH + BP + BPT + BP + BPT + BP + BPT + BP + BPT + BP + BPT + BPD
2026-03-12 16:05:36;12-03-2026;17:03:00;394;Scheduled;HMB;KH;IC3;4 cars (Nos. 11-22);MFU + MFU
2026-03-12 17:53:55;12-03-2026;19:02:30;399;Scheduled;KH;AP;German IC Coaches;9 cars (Nos. 1-111);EB + BV + BV + BPX + BPX + BPB + BVS + AV + EB
2026-03-12 17:53:55;12-03-2026;19:03:00;1172;Cancelled;HMB;KH;Talgo;17 cars (Nos. 1-25);EB + BPD + APT + AP + BPH + BP + BPT + BP + BPT + BP + BPT + BP + BPT + BP + BPT + BPD + EB
2026-03-13 07:52:19;13-03-2026;09:02:30;1173;Scheduled;KH;HMB;IC3;4 cars (Nos. 71-82);MFU + MFU
2026-03-13 09:54:47;13-03-2026;11:02:30;92463;Scheduled;PA;PAGR;Unknown;0 cars;
2026-03-13 09:54:47;13-03-2026;11:02:30;393;Cancelled;KH;HMB;IC3;4 cars (Nos. 11-22);MFU + MFU
2026-03-13 09:54:47;13-03-2026;11:03:00;398;Scheduled;AP;KH;German IC Coaches;9 cars (Nos. 1-12);EB + BV + BV + BPX + BPX + BPB + BVS + AV + EB
2026-03-13 11:43:36;13-03-2026;13:02:30;1175;Scheduled;KH;HMB;Talgo;17 cars (Nos. 1-25);EB + BPD + BPT + BP + BPT + BP + BPT + BP + BPT + BP + BPT + BP + BPH + AP + APT + BPD + EB
2026-03-13 11:43:36;13-03-2026;13:03:00;396;Scheduled;AP;KH;Talgo;16 cars (Nos. 1-25);EB + BPD + BPT + BP + BPT + BP + BPT + BP + BPT + BP + BPT + BP + BPH + AP + APT + BPD
2026-03-13 13:22:37;13-03-2026;15:03:00;51174;Scheduled;HMB;KH;IC3;4 cars (Nos. 71-82);MFU + MFU
2026-03-13 15:56:11;13-03-2026;17:02:30;397;Scheduled;KH;AP;Talgo;16 cars (Nos. 1-25);EB + BPD + BPT + BP + BPT + BP + BPT + BP + BPT + BP + BPT + BP + BPH + AP + APT + BPD
2026-03-13 15:56:11;13-03-2026;17:03:00;394;Scheduled;HMB;KH;IC3;4 cars (Nos. 11-22);MFU + MFU
2026-03-13 17:51:04;13-03-2026;19:02:30;399;Scheduled;KH;AP;German IC Coaches;9 cars (Nos. 1-12);EB + AV + BVS + BPB + BPX + BPX + BV + BV + EB
2026-03-13 17:51:04;13-03-2026;19:03:00;1172;Scheduled;HMB;KH;Talgo;17 cars (Nos. 1-25);EB + BPD + APT + AP + BPH + BP + BPT + BP + BPT + BP + BPT + BP + BPT + BP + BPT + BPD + EB
2026-03-14 07:48:18;14-03-2026;09:02:30;1173;Scheduled;KH;HMB;IC3;4 cars (Nos. 71-82);MFU + MFU
2026-03-14 09:47:52;14-03-2026;11:02:30;92463;Scheduled;PA;AFW;Unknown;0 cars;
2026-03-14 09:47:52;14-03-2026;11:03:00;398;Scheduled;HMB;KH;German IC Coaches;9 cars (Nos. 1-111);EB + BV + BV + BPX + BPX + BPB + BVS + AV + EB
2026-03-14 11:36:01;14-03-2026;13:02:30;1175;Scheduled;KH;HMB;Talgo;17 cars (Nos. 1-111);EB + BPD + APT + AP + BPH + BP + BPT + BP + BPT + BP + BPT + BP + BPT + BP + BPT + BPD + EB
2026-03-14 11:36:01;14-03-2026;13:03:00;396;Scheduled;HMB;KH;Talgo;16 cars (Nos. 1-25);EB + BPD + APT + AP + BPH + BP + BPT + BP + BPT + BP + BPT + BP + BPT + BP + BPT + BPD
2026-03-14 13:54:07;14-03-2026;15:03:00;51174;Scheduled;HMB;KH;IC3;4 cars (Nos. 71-82);MFU + MFU
2026-03-14 15:39:44;14-03-2026;17:02:30;397;Scheduled;KH;HMB;Talgo;16 cars (Nos. 1-25);EB + BPD + APT + AP + BPH + BP + BPT + BP + BPT + BP + BPT + BP + BPT + BP + BPT + BPD
2026-03-14 15:39:44;14-03-2026;17:03:00;394;Scheduled;HMB;KH;IC3;4 cars (Nos. 11-22);MFU + MFU
2026-03-14 17:40:53;14-03-2026;19:02:30;399;Scheduled;KH;HMB;German IC Coaches;9 cars (Nos. 1-111);EB + BV + BV + BPX + BPX + BPB + BVS + AV + EB
2026-03-14 17:40:53;14-03-2026;19:03:00;1172;Scheduled;HMB;KH;Talgo;17 cars (Nos. 1-111);EB + BPD + BPT + BP + BPT + BP + BPT + BP + BPT + BP + BPT + BP + BPH + AP + APT + BPD + EB
2026-03-15 07:52:11;15-03-2026;09:02:30;1173;Scheduled;KH;HMB;IC3;4 cars (Nos. 71-82);MFU + MFU
2026-03-15 09:48:08;15-03-2026;11:02:30;92463;Scheduled;PA;AFW;Unknown;0 cars;
2026-03-15 09:48:08;15-03-2026;11:03:00;398;Scheduled;HMB;KH;German IC Coaches;9 cars (Nos. 1-111);EB + AV + BVS + BPB + BPX + BPX + BV + BV + EB
2026-03-15 11:36:38;15-03-2026;13:02:30;1175;Scheduled;KH;HMB;Talgo;17 cars (Nos. 1-111);EB + BPD + APT + AP + BPH + BP + BPT + BP + BPT + BP + BPT + BP + BPT + BP + BPT + BPD + EB
2026-03-15 11:36:38;15-03-2026;13:03:00;396;Scheduled;HMB;KH;Talgo;16 cars (Nos. 1-25);EB + BPD + BPT + BP + BPT + BP + BPT + BP + BPT + BP + BPT + BP + BPH + AP + APT + BPD
2026-03-15 13:15:25;15-03-2026;15:03:00;51174;Scheduled;HMB;KH;IC3;4 cars (Nos. 71-82);MFU + MFU
2026-03-15 15:42:19;15-03-2026;17:02:30;397;Scheduled;KH;HMB;Talgo;16 cars (Nos. 1-25);EB + BPD + BPT + BP + BPT + BP + BPT + BP + BPT + BP + BPT + BP + BPH + AP + APT + BPD
2026-03-15 15:42:19;15-03-2026;17:03:00;394;Scheduled;HMB;KH;IC3;4 cars (Nos. 11-22);MFU + MFU
2026-03-15 17:43:45;15-03-2026;19:02:30;399;Scheduled;KH;HMB;German IC Coaches;9 cars (Nos. 1-111);EB + BV + BV + BPX + BPX + BPB + BVS + AV + EB
2026-03-15 17:43:45;15-03-2026;19:03:00;1172;Scheduled;HMB;KH;Talgo;17 cars (Nos. 1-111);EB + BPD + BPT + BP + BPT + BP + BPT + BP + BPT + BP + BPT + BP + BPH + AP + APT + BPD + EB
2026-03-16 07:46:21;16-03-2026;09:02:30;1173;Scheduled;KH;HMB;IC3;4 cars (Nos. 71-82);MFU + MFU
2026-03-16 09:11:43;16-03-2026;11:02:30;393;Scheduled;KH;HMB;IC3;4 cars (Nos. 11-22);MFU + MFU
2026-03-16 10:13:39;16-03-2026;11:03:00;398;Scheduled;HMB;KH;German IC Coaches;8 cars (Nos. 1-12);EB + AV + BVS + BPB + BPX + BPX + BV + BV
2026-03-16 11:55:59;16-03-2026;13:02:30;1175;Scheduled;KH;HMB;Talgo;17 cars (Nos. 1-111);EB + BPD + APT + AP + BPH + BP + BPT + BP + BPT + BP + BPT + BP + BPT + BP + BPT + BPD + EB
2026-03-16 11:55:59;16-03-2026;13:03:00;396;Scheduled;HMB;KH;Talgo;16 cars (Nos. 1-25);EB + BPD + APT + AP + BPH + BP + BPT + BP + BPT + BP + BPT + BP + BPT + BP + BPT + BPD
2026-03-16 13:52:14;16-03-2026;15:03:00;51174;Scheduled;HMB;KH;IC3;6 cars (Nos. 71-82);MFU + MFA + MFU
2026-03-16 15:16:55;16-03-2026;17:02:30;397;Scheduled;KH;HMB;Talgo;16 cars (Nos. 1-25);EB + BPD + APT + AP + BPH + BP + BPT + BP + BPT + BP + BPT + BP + BPT + BP + BPT + BPD
2026-03-16 15:16:55;16-03-2026;17:03:00;394;Scheduled;HMB;KH;IC3;4 cars (Nos. 11-22);MFU + MFU
2026-03-16 17:15:52;16-03-2026;19:02:30;399;Scheduled;KH;HMB;German IC Coaches;8 cars (Nos. 2-12);EB + BV + BV + BPX + BPX + BPB + BVS + AV
2026-03-16 17:15:52;16-03-2026;19:03:00;1172;Scheduled;HMB;KH;Talgo;17 cars (Nos. 1-111);EB + BPD + BPT + BP + BPT + BP + BPT + BP + BPT + BP + BPT + BP + BPH + AP + APT + BPD + EB
2026-03-17 07:17:50;17-03-2026;09:02:30;1173;Scheduled;KH;HMB;IC3;4 cars (Nos. 71-82);MFU + MFU
2026-03-17 09:06:38;17-03-2026;11:02:30;393;Scheduled;KH;HMB;IC3;4 cars (Nos. 1-12);MFU + MFU
2026-03-17 10:06:23;17-03-2026;11:03:00;398;Scheduled;HMB;KH;German IC Coaches;5 cars (Nos. 1-8);EB + AV + BVS + BPB + BPX
2026-03-17 11:53:14;17-03-2026;13:02:30;1175;Scheduled;KH;HMB;Talgo;17 cars (Nos. 1-25);EB + BPD + BPT + BP + BPT + BP + BPT + BP + BPT + BP + BPT + BP + BPH + AP + APT + BPD + EB
2026-03-17 11:53:14;17-03-2026;13:03:00;396;Scheduled;HMB;KH;Talgo;16 cars (Nos. 1-25);EB + BPD + BPT + BP + BPT + BP + BPT + BP + BPT + BP + BPT + BP + BPH + AP + APT + BPD
2026-03-17 13:48:59;17-03-2026;15:03:00;51174;Scheduled;HMB;KH;IC3;4 cars (Nos. 71-82);MFU + MFU
2026-03-17 16:17:56;17-03-2026;17:02:30;397;Scheduled;KH;HMB;Talgo;16 cars (Nos. 1-25);EB + BPD + BPT + BP + BPT + BP + BPT + BP + BPT + BP + BPT + BP + BPH + AP + APT + BPD
2026-03-17 16:17:56;17-03-2026;17:03:00;394;Scheduled;HMB;KH;IC3;4 cars (Nos. 1-12);MFU + MFU
2026-03-17 18:07:39;17-03-2026;19:02:30;399;Scheduled;KH;HMB;German IC Coaches;8 cars (Nos. 5-111);EB + BV + BV + BPX + BPX + BPB + BVS + AV
2026-03-17 18:07:39;17-03-2026;19:03:00;1172;Scheduled;HMB;FA;Talgo;17 cars (Nos. 1-25);EB + BPD + APT + AP + BPH + BP + BPT + BP + BPT + BP + BPT + BP + BPT + BP + BPT + BPD + EB
2026-03-18 07:16:23;18-03-2026;09:02:30;1173;Scheduled;KH;HMB;IC3;4 cars (Nos. 71-82);MFU + MFU
2026-03-18 09:05:28;18-03-2026;11:02:30;393;Scheduled;KH;HMB;IC3;4 cars (Nos. 1-12);MFU + MFU
2026-03-18 10:09:30;18-03-2026;11:03:00;398;Scheduled;HMB;KH;German IC Coaches;8 cars (Nos. 1-12);EB + AV + BVS + BPB + BPX + BPX + BV + BV
2026-03-18 11:56:10;18-03-2026;13:02:30;1175;Scheduled;KH;HMB;Talgo;17 cars (Nos. 1-25);EB + BPD + APT + AP + BPH + BP + BPT + BP + BPT + BP + BPT + BP + BPT + BP + BPT + BPD + EB
2026-03-18 11:56:10;18-03-2026;13:03:00;396;Cancelled;HMB;KH;Talgo;16 cars (Nos. 1-25);EB + BPD + APT + AP + BPH + BP + BPT + BP + BPT + BP + BPT + BP + BPT + BP + BPT + BPD
2026-03-18 13:51:07;18-03-2026;15:03:00;51174;Scheduled;HMB;KH;IC3;4 cars (Nos. 71-82);MFU + MFU
2026-03-18 15:22:37;18-03-2026;17:02:30;397;Scheduled;KH;HMB;Talgo;16 cars (Nos. 1-25);EB + BPD + APT + AP + BPH + BP + BPT + BP + BPT + BP + BPT + BP + BPT + BP + BPT + BPD
2026-03-18 15:22:37;18-03-2026;17:03:00;394;Scheduled;HMB;KH;IC3;4 cars (Nos. 1-12);MFU + MFU
2026-03-18 17:15:59;18-03-2026;19:02:30;399;Scheduled;KH;HMB;German IC Coaches;8 cars (Nos. 1-12);EB + BV + BV + BPX + BPX + BPB + BVS + AV
2026-03-18 17:15:59;18-03-2026;19:03:00;1172;Scheduled;HMB;KH;Talgo;17 cars (Nos. 1-25);EB + BPD + BPT + BP + BPT + BP + BPT + BP + BPT + BP + BPT + BP + BPH + AP + APT + BPD + EB
2026-03-19 07:54:01;19-03-2026;09:02:30;1173;Scheduled;KH;HMB;IC3;4 cars (Nos. 71-82);MFU + MFU
2026-03-19 09:59:10;19-03-2026;11:02:30;393;Scheduled;KH;HMB;IC3;4 cars (Nos. 11-22);MFU + MFU
2026-03-19 09:59:10;19-03-2026;11:03:00;398;Scheduled;HMB;KH;German IC Coaches;8 cars (Nos. 1-12);EB + BV + BV + BPX + BPX + BPB + BVS + AV
2026-03-19 11:48:39;19-03-2026;13:02:30;1175;Scheduled;KH;HMB;Talgo;17 cars (Nos. 1-25);EB + BPD + APT + AP + BPH + BP + BPT + BP + BPT + BP + BPT + BP + BPT + BP + BPT + BPD + EB
2026-03-19 11:48:39;19-03-2026;13:03:00;396;Scheduled;HMB;KH;Talgo;16 cars (Nos. 1-25);EB + BPD + APT + AP + BPH + BP + BPT + BP + BPT + BP + BPT + BP + BPT + BP + BPT + BPD
2026-03-19 13:40:52;19-03-2026;15:03:00;51174;Scheduled;HMB;KH;IC3;4 cars (Nos. 71-82);MFU + MFU
2026-03-19 15:04:10;19-03-2026;17:02:30;397;Cancelled;KH;HMB;Talgo;16 cars (Nos. 1-25);EB + BPD + APT + AP + BPH + BP + BPT + BP + BPT + BP + BPT + BP + BPT + BP + BPT + BPD
2026-03-19 16:05:46;19-03-2026;17:03:00;394;Scheduled;HMB;KH;IC3;4 cars (Nos. 11-22);MFU + MFU
2026-03-19 18:01:11;19-03-2026;19:02:30;399;Scheduled;KH;HMB;German IC Coaches;8 cars (Nos. 1-12);EB + AV + BVS + BPB + BPX + BPX + BV + BV
2026-03-19 18:01:11;19-03-2026;19:03:00;1172;Scheduled;HMB;KH;Talgo;17 cars (Nos. 1-25);EB + BPD + BPT + BP + BPT + BP + BPT + BP + BPT + BP + BPT + BP + BPH + AP + APT + BPD + EB
2026-03-20 07:52:54;20-03-2026;09:02:30;1173;Scheduled;KH;HMB;IC3;4 cars (Nos. 71-82);MFU + MFU
2026-03-20 09:56:44;20-03-2026;11:02:30;393;Scheduled;KH;HMB;IC3;4 cars (Nos. 11-22);MFU + MFU
2026-03-20 09:56:44;20-03-2026;11:03:00;398;Scheduled;HMB;KH;German IC Coaches;9 cars (Nos. 1-111);EB + AV + BVS + BPB + BPX + BPX + BV + BV + EB
2026-03-20 11:44:18;20-03-2026;13:02:30;1175;Cancelled;KH;HMB;Vectron-hauled;1 cars (Nos. 1-1);EB
2026-03-20 11:44:18;20-03-2026;13:03:00;396;Cancelled;HMB;KH;Talgo;16 cars (Nos. 1-25);EB + BPD + APT + AP + BPH + BP + BPT + BP + BPT + BP + BPT + BP + BPT + BP + BPT + BPD
2026-03-20 13:23:01;20-03-2026;15:03:00;51174;Scheduled;HMB;KH;IC3;4 cars (Nos. 71-82);MFU + MFU
2026-03-20 17:51:28;20-03-2026;17:02:30;397;Scheduled;KH;HMB;Talgo;16 cars (Nos. 1-25);EB + BPD + APT + AP + BPH + BP + BPT + BP + BPT + BP + BPT + BP + BPT + BP + BPT + BPD
2026-03-20 15:56:34;20-03-2026;17:03:00;394;Scheduled;HMB;KH;IC3;4 cars (Nos. 11-22);MFU + MFU
2026-03-20 17:51:28;20-03-2026;19:02:30;399;Scheduled;KH;HMB;German IC Coaches;9 cars (Nos. 1-111);EB + BV + BV + BPX + BPX + BPB + BVS + AV + EB
2026-03-20 17:51:28;20-03-2026;19:03:00;1172;Cancelled;HMB;KH;Vectron-hauled;1 cars (Nos. 111-111);EB
2026-03-20 14:59:36;20-03-2026;15:03:00;1174;Scheduled;HMB;KH;IC3;4 cars (Nos. 71-82);MFU + MFU
2026-03-21 07:44:32;21-03-2026;09:02:30;1173;Scheduled;KH;HMB;IC3;4 cars (Nos. 71-82);MFU + MFU
2026-03-21 10:44:41;21-03-2026;11:02:30;393;Scheduled;KH;HMB;IC3;4 cars (Nos. 11-22);MFU + MFU
2026-03-21 09:44:52;21-03-2026;11:03:00;398;Scheduled;HMB;KH;German IC Coaches;9 cars (Nos. 1-111);EB + AV + BVS + BPB + BPX + BPX + BV + BV + EB
2026-03-21 11:34:06;21-03-2026;13:02:30;1175;Scheduled;KH;HMB;Talgo;17 cars (Nos. 1-111);EB + BPD + APT + AP + BPH + BP + BPT + BP + BPT + BP + BPT + BP + BPT + BP + BPT + BPD + EB
2026-03-21 11:34:06;21-03-2026;13:03:00;396;Scheduled;HMB;KH;Talgo;16 cars (Nos. 1-25);EB + BPD + BPT + BP + BPT + BP + BPT + BP + BPT + BP + BPT + BP + BPH + AP + APT + BPD
2026-03-21 13:50:45;21-03-2026;15:03:00;51174;Scheduled;HMB;KH;IC3;4 cars (Nos. 71-82);MFU + MFU
2026-03-21 15:37:48;21-03-2026;17:02:30;397;Scheduled;KH;HMB;Talgo;16 cars (Nos. 1-25);EB + BPD + APT + AP + BPH + BP + BPT + BP + BPT + BP + BPT + BP + BPT + BP + BPT + BPD
2026-03-21 15:37:48;21-03-2026;17:03:00;394;Scheduled;HMB;KH;IC3;4 cars (Nos. 1-22);MFU + MFU
2026-03-21 17:37:47;21-03-2026;19:02:30;399;Scheduled;KH;HMB;German IC Coaches;9 cars (Nos. 1-111);EB + BV + BV + BPX + BPX + BPB + BVS + AV + EB
2026-03-21 17:37:47;21-03-2026;19:03:00;1172;Scheduled;HMB;KH;Talgo;17 cars (Nos. 1-111);EB + BPD + BPT + BP + BPT + BP + BPT + BP + BPT + BP + BPT + BP + BPH + AP + APT + BPD + EB
2026-03-22 07:48:12;22-03-2026;09:02:30;1173;Scheduled;KH;HMB;IC3;4 cars (Nos. 71-82);MFU + MFU
2026-03-22 09:46:26;22-03-2026;11:02:30;393;Scheduled;KH;HMB;IC3;4 cars (Nos. 11-22);MFU + MFU
2026-03-22 09:46:26;22-03-2026;11:03:00;398;Scheduled;HMB;KH;German IC Coaches;9 cars (Nos. 1-111);EB + BV + BV + BPX + BPX + BPB + BV + AV + EB
2026-03-22 11:35:00;22-03-2026;13:02:30;1175;Scheduled;KH;HMB;Talgo;17 cars (Nos. 1-111);EB + BPD + APT + AP + BPH + BP + BPT + BP + BPT + BP + BPT + BP + BPT + BP + BPT + BPD + EB
2026-03-22 11:35:00;22-03-2026;13:03:00;396;Scheduled;HMB;KH;Talgo;16 cars (Nos. 1-25);EB + BPD + BPT + BP + BPT + BP + BPT + BP + BPT + BP + BPT + BP + BPH + AP + APT + BPD
2026-03-22 13:52:00;22-03-2026;15:03:00;51174;Scheduled;HMB;KH;IC3;4 cars (Nos. 71-82);MFU + MFU
2026-03-22 15:37:40;22-03-2026;17:02:30;397;Scheduled;KH;HMB;Talgo;16 cars (Nos. 1-25);EB + BPD + APT + AP + BPH + BP + BPT + BP + BPT + BP + BPT + BP + BPT + BP + BPT + BPD
2026-03-22 15:37:40;22-03-2026;17:03:00;394;Scheduled;HMB;KH;IC3;4 cars (Nos. 11-22);MFU + MFU
2026-03-22 17:37:58;22-03-2026;19:02:30;399;Scheduled;KH;HMB;German IC Coaches;9 cars (Nos. 1-111);EB + AV + BV + BPB + BPX + BPX + BV + BV + EB
2026-03-22 17:37:58;22-03-2026;19:03:00;1172;Scheduled;HMB;KH;Talgo;17 cars (Nos. 1-111);EB + BPD + BPT + BP + BPT + BP + BPT + BP + BPT + BP + BPT + BP + BPH + AP + APT + BPD + EB
2026-03-23 07:38:35;23-03-2026;09:02:30;1173;Scheduled;KH;HMB;IC3;4 cars (Nos. 71-82);MFU + MFU
2026-03-23 10:12:24;23-03-2026;11:02:30;393;Scheduled;KH;HMB;Talgo;17 cars (Nos. 1-25);EB + BPD + APT + AP + BPH + BP + BPT + BP + BPT + BP + BPT + BP + BPT + BP + BPT + BPD + EB
2026-03-23 10:12:24;23-03-2026;11:03:00;398;Scheduled;HMB;KH;German IC Coaches;9 cars (Nos. 1-111);EB + BV + BV + BPX + BPX + BPB + BVS + AV + EB
2026-03-23 11:52:40;23-03-2026;13:02:30;1175;Scheduled;KH;HMB;Talgo;17 cars (Nos. 1-111);EB + BPD + APT + AP + BPH + BP + BPT + BP + BPT + BP + BPT + BP + BPT + BP + BPT + BPD + EB
2026-03-23 11:52:40;23-03-2026;13:03:00;396;Scheduled;HMB;KH;Talgo;16 cars (Nos. 1-25);EB + BPD + BPT + BP + BPT + BP + BPT + BP + BPT + BP + BPT + BP + BPH + AP + APT + BPD
2026-03-23 13:45:50;23-03-2026;15:03:00;51174;Scheduled;HMB;KH;IC3;4 cars (Nos. 71-82);MFU + MFU
2026-03-23 16:08:55;23-03-2026;17:02:30;397;Scheduled;RG;HMB;Talgo;16 cars (Nos. 1-25);EB + BPD + BPT + BP + BPT + BP + BPT + BP + BPT + BP + BPT + BP + BPH + AP + APT + BPD
2026-03-23 16:08:55;23-03-2026;17:03:00;394;Scheduled;HMB;KH;Talgo;17 cars (Nos. 1-25);EB + BPD + BPT + BP + BPT + BP + BPT + BP + BPT + BP + BPT + BP + BPH + AP + APT + BPD + EB
2026-03-23 18:01:22;23-03-2026;19:02:30;399;Scheduled;KH;HMB;German IC Coaches;9 cars (Nos. 1-111);EB + AV + BVS + BPB + BPX + BPX + BV + BV + EB
2026-03-23 18:01:22;23-03-2026;19:03:00;1172;Scheduled;HMB;KH;Talgo;17 cars (Nos. 1-111);EB + BPD + BPT + BP + BPT + BP + BPT + BP + BPT + BP + BPT + BP + BPH + AP + APT + BPD + EB
2026-03-24 07:18:16;24-03-2026;09:02:30;1173;Scheduled;KH;HMB;IC3;4 cars (Nos. 71-82);MFU + MFU
2026-03-24 11:07:19;24-03-2026;11:02:30;393;Scheduled;KH;HMB;Talgo;17 cars (Nos. 1-25);EB + BPD + APT + AP + BPH + BP + BPT + BP + BPT + BP + BPT + BP + BPT + BP + BPT + BPD + EB
2026-03-24 10:07:18;24-03-2026;11:03:00;398;Scheduled;HMB;KH;German IC Coaches;9 cars (Nos. 1-111);EB + BV + BV + BPX + BPX + BPB + BV + AV + EB
2026-03-24 11:54:50;24-03-2026;13:02:30;1175;Scheduled;KH;HMB;Talgo;17 cars (Nos. 1-111);EB + BPD + APT + AP + BPH + BP + BPT + BP + BPT + BP + BPT + BP + BPT + BP + BPT + BPD + EB
2026-03-24 11:54:50;24-03-2026;13:03:00;396;Scheduled;HMB;KH;Talgo;16 cars (Nos. 1-25);EB + BPD + APT + AP + BPH + BP + BPT + BP + BPT + BP + BPT + BP + BPT + BP + BPT + BPD
2026-03-24 13:48:28;24-03-2026;15:03:00;1174;Scheduled;HMB;KH;IC3;4 cars (Nos. 71-82);MFU + MFU
2026-03-24 15:17:35;24-03-2026;17:02:30;397;Scheduled;KH;HMB;Talgo;16 cars (Nos. 1-25);EB + BPD + APT + AP + BPH + BP + BPT + BP + BPT + BP + BPT + BP + BPT + BP + BPT + BPD
2026-03-24 15:17:35;24-03-2026;17:03:00;394;Scheduled;HMB;KH;Talgo;17 cars (Nos. 1-25);EB + BPD + BPT + BP + BPT + BP + BPT + BP + BPT + BP + BPT + BP + BPH + AP + APT + BPD + EB
2026-03-24 17:13:10;24-03-2026;19:02:30;399;Scheduled;KH;HMB;German IC Coaches;9 cars (Nos. 1-111);EB + AV + BV + BPB + BPX + BPX + BV + BV + EB
2026-03-24 18:07:28;24-03-2026;19:03:00;1172;Scheduled;HMB;KH;Talgo;17 cars (Nos. 1-111);EB + BPD + BPT + BP + BPT + BP + BPT + BP + BPT + BP + BPT + BP + BPH + AP + APT + BPD + EB
2026-03-25 07:16:50;25-03-2026;09:02:30;1173;Scheduled;KH;HMB;IC3;4 cars (Nos. 71-82);MFU + MFU
2026-03-25 09:06:12;25-03-2026;11:02:30;393;Cancelled (Replaced by 2817);KH;HMB;Unknown;0 cars;
2026-03-25 10:06:32;25-03-2026;11:03:00;398;Scheduled;HMB;KH;German IC Coaches;9 cars (Nos. 1-111);EB + AV + BV + BPB + BPX + BPX + BV + BV + EB
2026-03-25 11:53:41;25-03-2026;13:02:30;1175;Scheduled;KH;HMB;Talgo;17 cars (Nos. 1-111);EB + BPD + APT + AP + BPH + BP + BPT + BP + BPT + BP + BPT + BP + BPT + BP + BPT + BPD + EB
2026-03-25 11:53:41;25-03-2026;13:03:00;396;Scheduled;HMB;KH;Talgo;16 cars (Nos. 1-25);EB + BPD + BPT + BP + BPT + BP + BPT + BP + BPT + BP + BPT + BP + BPH + AP + APT + BPD
2026-03-25 13:47:38;25-03-2026;15:03:00;1174;Scheduled;HMB;KH;IC3;4 cars (Nos. 71-82);MFU + MFU
2026-03-25 15:18:53;25-03-2026;17:02:30;397;Cancelled;KH;HMB;Talgo;16 cars (Nos. 1-25);EB + BPD + BPT + BP + BPT + BP + BPT + BP + BPT + BP + BPT + BP + BPH + AP + APT + BPD
2026-03-25 15:18:53;25-03-2026;17:03:00;394;Scheduled;HMB;KH;Talgo;17 cars (Nos. 1-25);EB + BPD + BPT + BP + BPT + BP + BPT + BP + BPT + BP + BPT + BP + BPH + AP + APT + BPD + EB
2026-03-25 17:16:34;25-03-2026;19:02:30;399;Scheduled;KH;HMB;German IC Coaches;9 cars (Nos. 1-111);EB + BV + BV + BPX + BPX + BPB + BV + AV + EB
2026-03-25 10:06:32;25-03-2026;11:02:30;2817;Scheduled;KH;HMB;Talgo;17 cars (Nos. 1-25);EB + BPD + APT + AP + BPH + BP + BPT + BP + BPT + BP + BPT + BP + BPT + BP + BPT + BPD + EB
2026-03-25 17:16:34;25-03-2026;19:03:00;1172;Scheduled;HMB;KH;Talgo;17 cars (Nos. 1-111);EB + BPD + BPT + BP + BPT + BP + BPT + BP + BPT + BP + BPT + BP + BPH + AP + APT + BPD + EB
2026-03-26 07:35:02;26-03-2026;09:02:30;1173;Scheduled;KH;HMB;IC3;4 cars (Nos. 71-82);MFU + MFU
2026-03-26 09:12:02;26-03-2026;11:02:30;393;Cancelled (Replaced by 92917);KH;HMB;Unknown;0 cars;
2026-03-26 10:10:50;26-03-2026;11:03:00;398;Scheduled;HMB;KH;German IC Coaches;9 cars (Nos. 1-111);EB + AV + BV + BPB + BPX + BPX + BV + BV + EB
2026-03-26 11:57:48;26-03-2026;13:02:30;1175;Cancelled;KH;HMB;Unknown;6 cars (Nos. 1-15);EB + B + B + B + BK + ABS
2026-03-26 13:55:55;26-03-2026;15:03:00;1174;Scheduled;HMB;KH;IC3;4 cars (Nos. 71-82);MFU + MFU
2026-03-26 15:37:51;26-03-2026;17:02:30;397;Cancelled;KH;HMB;Unknown;0 cars;
2026-03-26 15:37:51;26-03-2026;17:03:00;394;Scheduled;HMB;KH;Talgo;17 cars (Nos. 11-121);EB + BPD + BPT + BP + BPT + BP + BPT + BP + BPT + BP + BPT + BP + BPH + AP + APT + BPD + EB
2026-03-26 10:10:50;26-03-2026;11:02:30;92917;Scheduled;KH;HMB;Talgo;16 cars (Nos. 1-25);EB + BPD + APT + AP + BPH + BP + BPT + BP + BPT + BP + BPT + BP + BPT + BP + BPT + BPD
2026-03-26 17:16:54;26-03-2026;19:02:30;399;Scheduled;KH;HMB;German IC Coaches;9 cars (Nos. 1-111);EB + BV + BV + BPX + BPX + BPB + BV + AV + EB
2026-03-26 17:16:54;26-03-2026;19:03:00;1172;Scheduled;HMB;KH;Talgo;17 cars (Nos. 1-111);EB + BPD + BPT + BP + BPT + BP + BPT + BP + BPT + BP + BPT + BP + BPH + AP + APT + BPD + EB
2026-03-27 07:22:59;27-03-2026;09:02:30;1173;Scheduled;KH;HMB;IC3;4 cars (Nos. 71-82);MFU + MFU
2026-03-27 10:04:34;27-03-2026;11:02:30;393;Cancelled (Replaced by 2293);KH;FLB;Vectron-hauled;1 cars (Nos. 1-1);EB
2026-03-27 10:04:34;27-03-2026;11:03:00;398;Scheduled;HMB;KH;German IC Coaches;9 cars (Nos. 1-111);EB + AV + BV + BPB + BPX + BPX + BV + BV + EB
2026-03-27 11:53:12;27-03-2026;13:02:30;1175;Scheduled;KH;HMB;Talgo;17 cars (Nos. 1-111);EB + BPD + APT + AP + BPH + BP + BPT + BP + BPT + BP + BPT + BP + BPT + BP + BPT + BPD + EB
2026-03-27 11:53:12;27-03-2026;13:03:00;396;Cancelled;HMB;KH;Talgo;16 cars (Nos. 1-25);EB + BPD + BPT + BP + BPT + BP + BPT + BP + BPT + BP + BPT + BP + BPH + AP + APT + BPD
2026-03-27 13:41:05;27-03-2026;15:03:00;1174;Scheduled;HMB;KH;IC3;4 cars (Nos. 71-82);MFU + MFU
2026-03-27 16:03:37;27-03-2026;17:02:30;397;Scheduled;KH;HMB;Talgo;16 cars (Nos. 1-25);EB + BPD + BPT + BP + BPT + BP + BPT + BP + BPT + BP + BPT + BP + BPH + AP + APT + BPD
2026-03-27 16:03:37;27-03-2026;17:03:00;394;Scheduled;HMB;KH;Talgo;17 cars (Nos. 1-25);EB + BPD + BPT + BP + BPT + BP + BPT + BP + BPT + BP + BPT + BP + BPH + AP + APT + BPD + EB
2026-03-27 19:48:26;27-03-2026;19:02:30;399;Scheduled;KH;HMB;German IC Coaches;9 cars (Nos. 1-111);EB + AV + BVS + BPX + BV + BV + BPX + BPB + EB
2026-03-27 18:01:11;27-03-2026;19:03:00;1172;Scheduled;HMB;KH;Talgo;17 cars (Nos. 1-111);EB + BPD + BPT + BP + BPT + BP + BPT + BP + BPT + BP + BPT + BP + BPH + AP + APT + BPD + EB
2026-03-27 10:04:34;27-03-2026;11:02:00;2293;Scheduled;KH;FLB;Talgo;18 cars (Nos. 1-111);EB + EB + BPD + APT + AP + BPH + BP + BPT + BP + BPT + BP + BPT + BP + BPT + BP + BPT + BPD + EB
2026-03-28 07:51:49;28-03-2026;09:02:30;1173;Scheduled;KH;HMB;IC3;4 cars (Nos. 71-82);MFU + MFU
2026-03-28 09:51:13;28-03-2026;11:02:30;2293;Scheduled;KH;HMB;Talgo;17 cars (Nos. 1-25);EB + BPD + APT + AP + BPH + BP + BPT + BP + BPT + BP + BPT + BP + BPT + BP + BPT + BPD + EB
2026-03-28 09:51:13;28-03-2026;11:03:00;398;Scheduled;HMB;KH;German IC Coaches;9 cars (Nos. 1-111);EB + BPB + BPX + BV + BV + BPX + BVS + AV + EB
2026-03-28 13:17:54;28-03-2026;13:02:30;1175;Scheduled;KH;HMB;Talgo;17 cars (Nos. 1-111);EB + BPD + APT + AP + BPH + BP + BPT + BP + BPT + BP + BPT + BP + BPT + BP + BPT + BPD + EB
2026-03-28 11:38:13;28-03-2026;13:03:00;396;Scheduled;HMB;KH;Talgo;16 cars (Nos. 1-25);EB + BPD + APT + AP + BPH + BP + BPT + BP + BPT + BP + BPT + BP + BPT + BP + BPT + BPD
2026-03-28 13:17:54;28-03-2026;15:03:00;1174;Scheduled;HMB;KH;IC3;4 cars (Nos. 71-82);MFU + MFU
2026-03-28 15:45:40;28-03-2026;17:02:30;397;Scheduled;KH;HMB;Talgo;16 cars (Nos. 1-25);EB + BPD + APT + AP + BPH + BP + BPT + BP + BPT + BP + BPT + BP + BPT + BP + BPT + BPD
2026-03-28 15:45:40;28-03-2026;17:03:00;394;Scheduled;HMB;KH;Talgo;17 cars (Nos. 1-25);EB + BPD + BPT + BP + BPT + BP + BPT + BP + BPT + BP + BPT + BP + BPH + AP + APT + BPD + EB
2026-03-28 17:44:50;28-03-2026;19:02:30;399;Scheduled;KH;HMB;German IC Coaches;9 cars (Nos. 1-111);EB + AV + BVS + BPX + BV + BV + BPX + BPB + EB
2026-03-28 17:44:50;28-03-2026;19:03:00;1172;Scheduled;HMB;KH;Talgo;17 cars (Nos. 1-111);EB + BPD + BPT + BP + BPT + BP + BPT + BP + BPT + BP + BPT + BP + BPH + AP + APT + BPD + EB
2026-03-29 05:49:26;29-03-2026;09:02:30;1173;Scheduled;KH;HMB;IC3;4 cars (Nos. 71-82);MFU + MFU
2026-03-29 08:56:58;29-03-2026;11:03:00;398;Scheduled;HMB;KH;German IC Coaches;9 cars (Nos. 1-111);EB + AV + BV + BPB + BPX + BPX + BV + BV + EB
2026-03-29 10:51:47;29-03-2026;13:02:30;1175;Scheduled;KH;HMB;Talgo;17 cars (Nos. 1-111);EB + BPD + APT + AP + BPH + BP + BPT + BP + BPT + BP + BPT + BP + BPT + BP + BPT + BPD + EB
2026-03-29 10:51:47;29-03-2026;13:03:00;396;Scheduled;HMB;KH;Talgo;16 cars (Nos. 1-25);EB + BPD + BPT + BP + BPT + BP + BPT + BP + BPT + BP + BPT + BP + BPH + AP + APT + BPD
2026-03-29 11:40:31;29-03-2026;15:03:00;1174;Scheduled;HMB;KH;IC3;4 cars (Nos. 71-82);MFU + MFU
2026-03-29 14:50:38;29-03-2026;17:02:30;397;Scheduled;KH;HMB;Talgo;16 cars (Nos. 1-25);EB + BPD + BPT + BP + BPT + BP + BPT + BP + BPT + BP + BPT + BP + BPH + AP + APT + BPD
2026-03-29 14:50:38;29-03-2026;17:03:00;394;Scheduled;PA;KH;Talgo;17 cars (Nos. 1-25);EB + BPD + BPT + BP + BPT + BP + BPT + BP + BPT + BP + BPT + BP + BPH + AP + APT + BPD + EB
2026-03-29 19:01:53;29-03-2026;19:02:30;399;Scheduled;KH;HMB;German IC Coaches;9 cars (Nos. 1-111);EB + BV + BV + BPX + BPX + BPB + BV + AV + EB
2026-03-29 16:50:13;29-03-2026;19:03:00;1172;Scheduled;HMB;KH;Talgo;17 cars (Nos. 1-111);EB + BPD + BPT + BP + BPT + BP + BPT + BP + BPT + BP + BPT + BP + BPH + AP + APT + BPD + EB
2026-03-29 08:56:58;29-03-2026;11:02:30;2293;Scheduled;PA;HMB;Unknown;0 cars;
2026-03-30 06:05:18;30-03-2026;09:02:30;1173;Scheduled;KH;HMB;IC3;4 cars (Nos. 71-82);MFU + MFU
2026-03-30 07:58:41;30-03-2026;11:02:30;393;Scheduled;KH;HMB;Talgo;17 cars (Nos. 1-25);EB + BPD + APT + AP + BPH + BP + BPT + BP + BPT + BP + BPT + BP + BPT + BP + BPT + BPD + EB
2026-03-30 07:58:41;30-03-2026;11:03:00;398;Scheduled;HMB;KH;German IC Coaches;9 cars (Nos. 1-12);EB + BPX + BPB + BV + BV + BPX + BVS + AV + EB
2026-03-30 11:17:28;30-03-2026;13:02:30;1175;Scheduled;KH;HMB;Talgo;17 cars (Nos. 1-25);EB + BPD + APT + AP + BPH + BP + BPT + BP + BPT + BP + BPT + BP + BPT + BP + BPT + BPD + EB
2026-03-30 11:17:28;30-03-2026;13:03:00;396;Scheduled;HMB;KH;Talgo;16 cars (Nos. 1-25);EB + BPD + APT + AP + BPH + BP + BPT + BP + BPT + BP + BPT + BP + BPT + BP + BPT + BPD
2026-03-30 11:17:28;30-03-2026;15:03:00;1174;Scheduled;HMB;KH;IC3;4 cars (Nos. 71-82);MFU + MFU
2026-03-30 14:00:13;30-03-2026;17:02:30;397;Scheduled;KH;HMB;Talgo;16 cars (Nos. 1-25);EB + BPD + BPT + BP + BPT + BP + BPT + BP + BPT + BP + BPT + BP + BPH + AP + APT + BPD
2026-03-30 14:00:13;30-03-2026;17:03:00;394;Scheduled;HMB;KH;Talgo;17 cars (Nos. 1-25);EB + BPD + BPT + BP + BPT + BP + BPT + BP + BPT + BP + BPT + BP + BPH + AP + APT + BPD + EB
2026-03-30 17:09:34;30-03-2026;19:02:30;399;Scheduled;KH;HMB;German IC Coaches;9 cars (Nos. 1-12);EB + EB + AV + BVS + BPX + BV + BV + BPB + BPX
2026-03-30 17:09:34;30-03-2026;19:03:00;1172;Scheduled;HMB;KH;Talgo;17 cars (Nos. 1-25);EB + BPD + BPT + BP + BPT + BP + BPT + BP + BPT + BP + BPT + BP + BPH + AP + APT + BPD + EB
2026-03-31 05:52:05;31-03-2026;09:02:30;1173;Scheduled;KH;HMB;IC3;4 cars (Nos. 71-82);MFU + MFU
2026-03-31 07:43:09;31-03-2026;11:02:30;393;Scheduled;KH;HMB;Talgo;17 cars (Nos. 1-25);EB + BPD + APT + AP + BPH + BP + BPT + BP + BPT + BP + BPT + BP + BPT + BP + BPT + BPD + EB
2026-03-31 07:43:09;31-03-2026;11:03:00;398;Scheduled;HMB;KH;German IC Coaches;9 cars (Nos. 1-12);EB + BV + BPB + BPX + BPX + BV + BV + AV + EB
2026-03-31 11:09:36;31-03-2026;13:02:30;1175;Scheduled;KH;HMB;Talgo;17 cars (Nos. 1-25);EB + BPD + APT + AP + BPH + BP + BPT + BP + BPT + BP + BPT + BP + BPT + BP + BPT + BPD + EB
2026-03-31 11:09:36;31-03-2026;13:03:00;396;Scheduled;HMB;KH;Talgo;16 cars (Nos. 1-25);EB + BPD + APT + AP + BPH + BP + BPT + BP + BPT + BP + BPT + BP + BPT + BP + BPT + BPD
2026-03-31 11:58:13;31-03-2026;15:03:00;1174;Scheduled;HMB;KH;IC3;4 cars (Nos. 71-82);MFU + MFU
2026-03-31 14:00:02;31-03-2026;17:02:30;397;Scheduled;KH;HMB;Talgo;16 cars (Nos. 1-25);EB + BPD + BPT + BP + BPT + BP + BPT + BP + BPT + BP + BPT + BP + BPH + AP + APT + BPD
2026-03-31 14:00:02;31-03-2026;17:03:00;394;Scheduled;HMB;KH;Talgo;17 cars (Nos. 1-25);EB + BPD + BPT + BP + BPT + BP + BPT + BP + BPT + BP + BPT + BP + BPH + AP + APT + BPD + EB
2026-03-31 17:12:29;31-03-2026;19:02:30;399;Scheduled;KH;HMB;German IC Coaches;9 cars (Nos. 1-12);EB + AV + BV + BV + BPX + BPX + BPB + BV + EB
2026-03-31 15:20:49;31-03-2026;19:03:00;1172;Scheduled;HMB;KH;Talgo;17 cars (Nos. 1-25);EB + BPD + BPT + BP + BPT + BP + BPT + BP + BPT + BP + BPT + BP + BPH + AP + APT + BPD + EB
2026-04-01 06:02:40;01-04-2026;09:02:30;1173;Scheduled;KH;HMB;IC3;4 cars (Nos. 71-82);MFU + MFU
2026-04-01 07:51:51;01-04-2026;11:02:30;393;Scheduled;KH;HMB;Talgo;17 cars (Nos. 1-111);EB + BPD + APT + AP + BPH + BP + BPT + BP + BPT + BP + BPT + BP + BPT + BP + BPT + BPD + EB
2026-04-01 07:51:51;01-04-2026;11:03:00;398;Scheduled;HMB;KH;German IC Coaches;9 cars (Nos. 1-111);EB + BV + BPB + BPX + BPX + BV + BV + AV + EB
2026-04-01 09:20:37;01-04-2026;13:02:30;1175;Scheduled;KH;HMB;Talgo;17 cars (Nos. 1-25);EB + BPD + APT + AP + BPH + BP + BPT + BP + BPT + BP + BPT + BP + BPT + BP + BPT + BPD + EB
2026-04-01 09:20:37;01-04-2026;13:03:00;396;Scheduled;HMB;KH;Talgo;16 cars (Nos. 1-25);EB + BPD + APT + AP + BPH + BP + BPT + BP + BPT + BP + BPT + BP + BPT + BP + BPT + BPD
2026-04-01 12:00:06;01-04-2026;15:03:00;1174;Scheduled;HMB;FA;IC3;4 cars (Nos. 71-82);MFU + MFU
2026-04-01 14:02:39;01-04-2026;17:02:30;397;Scheduled;KH;HMB;Talgo;16 cars (Nos. 1-25);EB + BPD + BPT + BP + BPT + BP + BPT + BP + BPT + BP + BPT + BP + BPH + AP + APT + BPD
2026-04-01 14:02:39;01-04-2026;17:03:00;394;Scheduled;HMB;KH;Talgo;17 cars (Nos. 1-111);EB + BPD + BPT + BP + BPT + BP + BPT + BP + BPT + BP + BPT + BP + BPH + AP + APT + BPD + EB
2026-04-01 15:38:58;01-04-2026;19:02:30;399;Scheduled;KH;HMB;German IC Coaches;9 cars (Nos. 1-111);EB + AV + BV + BV + BPX + BPX + BPB + BV + EB
2026-04-01 17:09:55;01-04-2026;19:03:00;1172;Scheduled;HMB;KH;Talgo;17 cars (Nos. 1-25);EB + BPD + BPT + BP + BPT + BP + BPT + BP + BPT + BP + BPT + BP + BPH + AP + APT + BPD + EB
2026-04-07 05:53:59;07-04-2026;09:02:30;1173;Scheduled;FA;HMB;IC3;4 cars (Nos. 71-82);MFU + MFU
2026-04-07 09:18:23;07-04-2026;11:02:30;393;Scheduled;KD;HMB;Talgo;17 cars (Nos. 1-25);EB + BPD + BPT + BP + BPT + BP + BPT + BP + BPT + BP + BPT + BP + BPH + AP + APT + BPD + EB
2026-04-07 09:18:23;07-04-2026;11:03:00;398;Scheduled;HMB;KH;German IC Coaches;9 cars (Nos. 1-12);EB + BPX + BPB + BV + BV + BPX + BVS + AV + EB
2026-04-07 12:01:44;07-04-2026;13:02:30;1175;Scheduled;KH;HMB;Talgo;17 cars (Nos. 1-111);EB + BPD + APT + AP + BPH + BP + BPT + BP + BPT + BP + BPT + BP + BPT + BP + BPT + BPD + EB
2026-04-07 11:12:51;07-04-2026;13:03:00;396;Scheduled;HMB;KH;Talgo;16 cars (Nos. 1-25);EB + BPD + APT + AP + BPH + BP + BPT + BP + BPT + BP + BPT + BP + BPT + BP + BPT + BPD
2026-04-07 12:01:44;07-04-2026;15:03:00;1174;Scheduled;HMB;KH;IC3;4 cars (Nos. 71-82);MFU + MFU
2026-04-07 13:58:34;07-04-2026;17:02:30;397;Scheduled;KH;HMB;Talgo;16 cars (Nos. 1-25);EB + BPD + BPT + BP + BPT + BP + BPT + BP + BPT + BP + BPT + BP + BPH + AP + APT + BPD
2026-04-07 13:58:34;07-04-2026;17:03:00;394;Scheduled;HMB;KH;Talgo;17 cars (Nos. 1-25);EB + BPD + APT + AP + BPH + BP + BPT + BP + BPT + BP + BPT + BP + BPT + BP + BPT + BPD + EB
2026-04-07 17:14:44;07-04-2026;19:02:30;399;Scheduled;KH;HMB;German IC Coaches;9 cars (Nos. 1-111);EB + AV + BVS + BPX + BV + BV + BPB + BPX + EB
2026-04-07 15:40:43;07-04-2026;19:03:00;1172;Scheduled;HMB;KH;Talgo;17 cars (Nos. 1-111);EB + BPD + BPT + BP + BPT + BP + BPT + BP + BPT + BP + BPT + BP + BPH + AP + APT + BPD + EB
2026-04-08 05:55:02;08-04-2026;09:02:30;1173;Scheduled;KH;HMB;IC3;4 cars (Nos. 71-82);MFU + MFU
2026-04-08 09:16:53;08-04-2026;11:02:30;393;Scheduled;KH;HMB;Talgo;17 cars (Nos. 1-111);EB + BPD + BPT + BP + BPT + BP + BPT + BP + BPT + BP + BPT + BP + BPH + AP + APT + BPD + EB
2026-04-08 07:51:25;08-04-2026;11:03:00;398;Scheduled;HMB;KH;German IC Coaches;9 cars (Nos. 1-111);EB + BPX + BPB + BV + BV + BPX + BVS + AV + EB
2026-04-08 11:14:06;08-04-2026;13:02:30;1175;Scheduled;KH;HMB;Talgo;17 cars (Nos. 1-111);EB + BPD + APT + AP + BPH + BP + BPT + BP + BPT + BP + BPT + BP + BPT + BP + BPT + BPD + EB
2026-04-08 11:14:06;08-04-2026;13:03:00;396;Scheduled;HMB;KH;Talgo;16 cars (Nos. 1-25);EB + BPD + APT + AP + BPH + BP + BPT + BP + BPT + BP + BPT + BP + BPT + BP + BPT + BPD
2026-04-08 12:02:39;08-04-2026;15:03:00;1174;Scheduled;HMB;KH;IC3;4 cars (Nos. 71-82);MFU + MFU
2026-04-08 14:00:04;08-04-2026;17:02:30;397;Scheduled;KH;HMB;Talgo;16 cars (Nos. 1-25);EB + BPD + BPT + BP + BPT + BP + BPT + BP + BPT + BP + BPT + BP + BPH + AP + APT + BPD
2026-04-08 14:00:04;08-04-2026;17:03:00;394;Scheduled;HMB;KH;Talgo;17 cars (Nos. 1-111);EB + BPD + APT + AP + BPH + BP + BPT + BP + BPT + BP + BPT + BP + BPT + BP + BPT + BPD + EB
2026-04-08 15:45:09;08-04-2026;19:02:30;399;Scheduled;KH;HMB;German IC Coaches;9 cars (Nos. 1-111);EB + AV + BVS + BPX + BV + BV + BPB + BPX + EB
2026-04-08 17:19:15;08-04-2026;19:03:00;1172;Scheduled;HMB;KH;Talgo;17 cars (Nos. 1-111);EB + BPD + BPT + BP + BPT + BP + BPT + BP + BPT + BP + BPT + BP + BPH + AP + APT + BPD + EB
2026-04-09 05:56:01;09-04-2026;09:02:30;1173;Scheduled;KH;HMB;IC3;4 cars (Nos. 71-82);MFU + MFU
2026-04-09 07:53:05;09-04-2026;11:02:30;393;Scheduled;KH;HMB;Talgo;17 cars (Nos. 1-111);EB + BPD + BPT + BP + BPT + BP + BPT + BP + BPT + BP + BPT + BP + BPH + AP + APT + BPD + EB
2026-04-09 07:53:05;09-04-2026;11:03:00;398;Scheduled;HMB;KH;German IC Coaches;9 cars (Nos. 1-111);EB + BPX + BPB + BV + BV + BPX + BVS + AV + EB
2026-04-09 11:15:26;09-04-2026;13:02:30;1175;Scheduled;KH;HMB;Talgo;17 cars (Nos. 1-111);EB + BPD + APT + AP + BPH + BP + BPT + BP + BPT + BP + BPT + BP + BPT + BP + BPT + BPD + EB
2026-04-09 09:22:30;09-04-2026;13:03:00;396;Scheduled;HMB;KH;Talgo;16 cars (Nos. 1-25);EB + BPD + APT + AP + BPH + BP + BPT + BP + BPT + BP + BPT + BP + BPT + BP + BPT + BPD
2026-04-09 11:15:26;09-04-2026;15:03:00;1174;Scheduled;HMB;KH;IC3;4 cars (Nos. 71-82);MFU + MFU
2026-04-09 14:09:24;09-04-2026;17:02:30;397;Scheduled;KH;HMB;Talgo;16 cars (Nos. 1-25);EB + BPD + BPT + BP + BPT + BP + BPT + BP + BPT + BP + BPT + BP + BPH + AP + APT + BPD
2026-04-09 14:09:24;09-04-2026;17:03:00;394;Scheduled;HMB;KH;Talgo;17 cars (Nos. 1-111);EB + BPD + BPT + BP + BPT + BP + BPT + BP + BPT + BP + BPT + BP + BPH + AP + APT + BPD + EB
2026-04-09 15:51:44;09-04-2026;19:02:30;399;Scheduled;KH;HMB;German IC Coaches;9 cars (Nos. 1-111);EB + AV + BVS + BPX + BV + BV + BPB + BPX + EB
2026-04-09 15:51:44;09-04-2026;19:03:00;1172;Scheduled;HMB;KH;Talgo;17 cars (Nos. 1-111);EB + BPD + BPT + BP + BPT + BP + BPT + BP + BPT + BP + BPT + BP + BPH + AP + APT + BPD + EB
2026-04-10 06:05:34;10-04-2026;09:02:30;1173;Scheduled;KH;HMB;IC3;4 cars (Nos. 71-82);MFU + MFU
2026-04-10 07:57:46;10-04-2026;11:02:30;393;Scheduled;KH;HMB;Talgo;17 cars (Nos. 1-111);EB + BPD + APT + AP + BPH + BP + BPT + BP + BPT + BP + BPT + BP + BPT + BP + BPT + BPD + EB
2026-04-10 07:57:46;10-04-2026;11:03:00;398;Scheduled;HMB;KH;German IC Coaches;9 cars (Nos. 1-111);EB + BPX + BPB + BV + BV + BPX + BVS + AV + EB
2026-04-10 11:10:41;10-04-2026;13:02:30;1175;Cancelled;PA;HMB;Talgo;17 cars (Nos. 1-111);EB + BPD + APT + AP + BPH + BP + BPT + BP + BPT + BP + BPT + BP + BPT + BP + BPT + BPD + EB
2026-04-10 11:10:41;10-04-2026;13:03:00;396;Scheduled;HMB;KH;Talgo;16 cars (Nos. 1-25);EB + BPD + APT + AP + BPH + BP + BPT + BP + BPT + BP + BPT + BP + BPT + BP + BPT + BPD
2026-04-10 11:58:03;10-04-2026;15:03:00;1174;Scheduled;HMB;KH;IC3;4 cars (Nos. 71-82);MFU + MFU
2026-04-10 15:03:09;10-04-2026;17:02:30;397;Scheduled;KH;HMB;Talgo;16 cars (Nos. 1-25);EB + BPD + BPT + BP + BPT + BP + BPT + BP + BPT + BP + BPT + BP + BPH + AP + APT + BPD
2026-04-10 15:03:09;10-04-2026;17:03:00;394;Scheduled;HMB;KH;Talgo;17 cars (Nos. 1-111);EB + BPD + BPT + BP + BPT + BP + BPT + BP + BPT + BP + BPT + BP + BPH + AP + APT + BPD + EB
2026-04-10 17:04:13;10-04-2026;19:02:30;399;Scheduled;KH;HMB;German IC Coaches;9 cars (Nos. 1-111);EB + AV + BV + BPB + BPX + BPX + BV + BV + EB
2026-04-10 17:04:13;10-04-2026;19:03:00;1172;Cancelled;HMB;KH;Talgo;17 cars (Nos. 1-111);EB + BPD + BPT + BP + BPT + BP + BPT + BP + BPT + BP + BPT + BP + BPH + AP + APT + BPD + EB
2026-04-11 05:38:05;11-04-2026;09:02:30;1173;Scheduled;KH;HMB;IC3;4 cars (Nos. 71-82);MFU + MFU
2026-04-11 09:00:15;11-04-2026;11:02:30;393;Scheduled;KH;HMB;Talgo;17 cars (Nos. 1-111);EB + BPD + APT + AP + BPH + BP + BPT + BP + BPT + BP + BPT + BP + BPT + BP + BPT + BPD + EB
2026-04-11 09:00:15;11-04-2026;11:03:00;398;Scheduled;HMB;KH;German IC Coaches;9 cars (Nos. 1-111);EB + BV + BV + BPX + BPX + BPB + BV + AV + EB
2026-04-11 10:54:22;11-04-2026;13:02:30;1175;Cancelled;PA;HMB;Talgo;17 cars (Nos. 1-111);EB + BPD + APT + AP + BPH + BP + BPT + BP + BPT + BP + BPT + BP + BPT + BP + BPT + BPD + EB
2026-04-11 10:54:22;11-04-2026;13:03:00;396;Scheduled;HMB;KH;Talgo;16 cars (Nos. 1-25);EB + BPD + APT + AP + BPH + BP + BPT + BP + BPT + BP + BPT + BP + BPT + BP + BPT + BPD
2026-04-11 11:43:43;11-04-2026;15:03:00;1174;Scheduled;HMB;KH;IC3;4 cars (Nos. 71-82);MFU + MFU
2026-04-11 14:52:39;11-04-2026;17:02:30;397;Scheduled;KH;HMB;Talgo;16 cars (Nos. 1-25);EB + BPD + BPT + BP + BPT + BP + BPT + BP + BPT + BP + BPT + BP + BPH + AP + APT + BPD
2026-04-11 14:52:39;11-04-2026;17:03:00;394;Scheduled;HMB;KH;Talgo;17 cars (Nos. 1-111);EB + BPD + BPT + BP + BPT + BP + BPT + BP + BPT + BP + BPT + BP + BPH + AP + APT + BPD + EB
2026-04-11 16:53:01;11-04-2026;19:02:30;399;Scheduled;KH;HMB;German IC Coaches;9 cars (Nos. 1-111);EB + AV + BV + BPB + BPX + BPX + BV + BV + EB
2026-04-11 16:53:01;11-04-2026;19:03:00;1172;Scheduled;PA;KH;Unknown;6 cars (Nos. 71-92);MFA + MFA + MFA
2026-04-12 06:01:23;12-04-2026;09:02:30;1173;Scheduled;KH;HMB;IC3;4 cars (Nos. 71-82);MFU + MFU
2026-04-12 09:02:46;12-04-2026;11:02:30;393;Scheduled;KH;HMB;Talgo;17 cars (Nos. 1-111);EB + BPD + APT + AP + BPH + BP + BPT + BP + BPT + BP + BPT + BP + BPT + BP + BPT + BPD + EB
2026-04-12 09:02:46;12-04-2026;11:03:00;398;Scheduled;HMB;KH;German IC Coaches;9 cars (Nos. 1-111);EB + BPB + BV + BV + BPX + BPX + BVS + AV + EB
2026-04-12 10:57:04;12-04-2026;13:02:30;1175;Cancelled;KH;HMB;IC3;4 cars (Nos. 51-54);MFU + MFU
2026-04-12 10:57:04;12-04-2026;13:03:00;396;Scheduled;HMB;KH;Talgo;16 cars (Nos. 1-25);EB + BPD + APT + AP + BPH + BP + BPT + BP + BPT + BP + BPT + BP + BPT + BP + BPT + BPD
2026-04-12 11:47:01;12-04-2026;15:03:00;1174;Scheduled;HMB;KH;IC3;4 cars (Nos. 71-82);MFU + MFU
2026-04-12 14:55:38;12-04-2026;17:02:30;397;Scheduled;KH;HMB;Talgo;16 cars (Nos. 1-25);EB + BPD + APT + AP + BPH + BP + BPT + BP + BPT + BP + BPT + BP + BPT + BP + BPT + BPD
2026-04-12 14:55:38;12-04-2026;17:03:00;394;Scheduled;HMB;KH;Talgo;17 cars (Nos. 1-111);EB + BPD + BPT + BP + BPT + BP + BPT + BP + BPT + BP + BPT + BP + BPH + AP + APT + BPD + EB
2026-04-12 16:56:00;12-04-2026;19:02:30;399;Scheduled;KH;HMB;German IC Coaches;9 cars (Nos. 1-111);EB + BPB + BV + BV + BPX + BPX + BVS + AV + EB
2026-04-12 16:56:00;12-04-2026;19:03:00;1172;Scheduled;HMB;KH;IC3;4 cars (Nos. 51-54);MFU + MFU
2026-04-12 10:57:04;12-04-2026;13:02:30;2923;Scheduled;KH;HMB;IC3;4 cars (Nos. 51-54);MFU + MFU
2026-04-13 06:25:08;13-04-2026;09:02:30;1173;Scheduled;KH;HMB;IC3;4 cars (Nos. 71-82);MFU + MFU
2026-04-13 09:07:38;13-04-2026;11:02:30;393;Scheduled;KH;HMB;Talgo;17 cars (Nos. 1-111);EB + BPD + BPT + BP + BPT + BP + BPT + BP + BPT + BP + BPT + BP + BPH + AP + APT + BPD + EB
2026-04-13 09:07:38;13-04-2026;11:03:00;398;Scheduled;HMB;KH;German IC Coaches;9 cars (Nos. 1-111);EB + AV + BVS + BPX + BPX + BV + BV + BPB + EB
2026-04-13 10:54:09;13-04-2026;13:02:30;1175;Scheduled;KH;HMB;IC3;4 cars (Nos. 51-54);MFU + MFU
2026-04-13 10:54:09;13-04-2026;13:03:00;396;Scheduled;HMB;KH;Talgo;16 cars (Nos. 1-25);EB + BPD + BPT + BP + BPT + BP + BPT + BP + BPT + BP + BPT + BP + BPH + AP + APT + BPD
2026-04-13 12:09:09;13-04-2026;15:03:00;1174;Scheduled;HMB;KH;IC3;4 cars (Nos. 71-82);MFU + MFU
2026-04-13 14:05:12;13-04-2026;17:02:30;397;Scheduled;KH;HMB;Talgo;16 cars (Nos. 1-25);EB + BPD + APT + AP + BPH + BP + BPT + BP + BPT + BP + BPT + BP + BPT + BP + BPT + BPD
2026-04-13 14:05:12;13-04-2026;17:03:00;394;Scheduled;HMB;KH;Talgo;17 cars (Nos. 1-111);EB + BPD + APT + AP + BPH + BP + BPT + BP + BPT + BP + BPT + BP + BPT + BP + BPT + BPD + EB
2026-04-13 15:42:50;13-04-2026;19:02:30;399;Scheduled;KH;HMB;German IC Coaches;9 cars (Nos. 1-111);EB + BPB + BV + BV + BPX + BPX + BVS + AV + EB
2026-04-13 15:42:50;13-04-2026;19:03:00;1172;Scheduled;HMB;KH;IC3;4 cars (Nos. 51-54);MFU + MFU
2026-04-14 08:01:44;14-04-2026;09:02:30;1173;Scheduled;KH;HMB;IC3;4 cars (Nos. 71-82);MFU + MFU
2026-04-14 08:01:44;14-04-2026;11:02:30;393;Scheduled;KH;HMB;Talgo;17 cars (Nos. 1-111);EB + BPD + BPT + BP + BPT + BP + BPT + BP + BPT + BP + BPT + BP + BPH + AP + APT + BPD + EB
2026-04-14 08:01:44;14-04-2026;11:03:00;398;Scheduled;HMB;KH;German IC Coaches;9 cars (Nos. 1-111);EB + AV + BVS + BPX + BPX + BV + BV + BPB + EB
2026-04-14 11:17:49;14-04-2026;13:02:30;1175;Scheduled;KH;HMB;Talgo;17 cars (Nos. 1-111);EB + BPD + APT + AP + BPH + BP + BPT + BP + BPT + BP + BPT + BP + BPT + BP + BPT + BPD + EB
2026-04-14 11:17:49;14-04-2026;13:03:00;396;Scheduled;HMB;KH;Talgo;16 cars (Nos. 1-25);EB + BPD + BPT + BP + BPT + BP + BPT + BP + BPT + BP + BPT + BP + BPH + AP + APT + BPD
2026-04-14 11:17:49;14-04-2026;15:03:00;1174;Scheduled;HMB;KH;IC3;4 cars (Nos. 71-82);MFU + MFU
2026-04-14 15:23:12;14-04-2026;17:02:30;397;Scheduled;KH;HMB;Talgo;16 cars (Nos. 1-25);EB + BPD + BPT + BP + BPT + BP + BPT + BP + BPT + BP + BPT + BP + BPH + AP + APT + BPD
2026-04-14 14:08:08;14-04-2026;17:03:00;394;Scheduled;HMB;KH;Talgo;17 cars (Nos. 1-111);EB + BPD + APT + AP + BPH + BP + BPT + BP + BPT + BP + BPT + BP + BPT + BP + BPT + BPD + EB
2026-04-14 17:20:58;14-04-2026;19:02:30;399;Scheduled;PA;HMB;German IC Coaches;8 cars (Nos. 5-111);BPB + BV + BV + BPX + BPX + BVS + AV + EB
2026-04-14 15:23:12;14-04-2026;19:03:00;1172;Scheduled;HMB;KH;Talgo;17 cars (Nos. 1-111);EB + BPD + APT + AP + BPH + BP + BPT + BP + BPT + BP + BPT + BP + BPT + BP + BPT + BPD + EB
2026-04-15 06:07:26;15-04-2026;09:02:30;1173;Scheduled;KH;HMB;IC3;4 cars (Nos. 71-82);MFU + MFU
2026-04-15 08:02:39;15-04-2026;11:02:30;393;Cancelled;PA;HMB;Talgo;17 cars (Nos. 1-111);EB + BPD + APT + AP + BPH + BP + BPT + BP + BPT + BP + BPT + BP + BPT + BP + BPT + BPD + EB
2026-04-15 08:02:39;15-04-2026;11:03:00;398;Cancelled;HMB;KH;German IC Coaches;9 cars (Nos. 1-111);EB + BPB + BV + BV + BPX + BPX + BVS + AV + EB
2026-04-15 09:47:36;15-04-2026;13:02:30;1175;Scheduled;PA;HMB;Vectron-hauled;2 cars (Nos. 1-111);EB + EB
2026-04-15 09:47:36;15-04-2026;13:03:00;396;Cancelled;HMB;KH;Talgo;16 cars (Nos. 1-25);EB + BPD + BPT + BP + BPT + BP + BPT + BP + BPT + BP + BPT + BP + BPH + AP + APT + BPD
2026-04-15 12:05:22;15-04-2026;15:03:00;1174;Scheduled;HMB;KH;IC3;4 cars (Nos. 71-82);MFU + MFU
2026-04-15 14:02:20;15-04-2026;17:02:30;397;Cancelled;PA;HMB;Talgo;16 cars (Nos. 1-25);EB + BPD + APT + AP + BPH + BP + BPT + BP + BPT + BP + BPT + BP + BPT + BP + BPT + BPD
2026-04-15 14:02:20;15-04-2026;17:03:00;394;Cancelled;HMB;KH;Talgo;17 cars (Nos. 1-111);EB + BPD + BPT + BP + BPT + BP + BPT + BP + BPT + BP + BPT + BP + BPH + AP + APT + BPD + EB
2026-04-15 17:17:31;15-04-2026;19:02:30;399;Scheduled;KH;HMB;German IC Coaches;8 cars (Nos. 1-12);EB + AV + BVS + BPX + BPX + BV + BV + BPB
2026-04-15 15:20:36;15-04-2026;19:03:00;1172;Cancelled;HMB;KH;Talgo;17 cars (Nos. 1-111);EB + BPD + BPT + BP + BPT + BP + BPT + BP + BPT + BP + BPT + BP + BPH + AP + APT + BPD + EB
2026-04-16 06:12:03;16-04-2026;09:02:30;1173;Scheduled;KH;HMB;IC3;4 cars (Nos. 71-82);MFU + MFU
2026-04-16 08:02:05;16-04-2026;11:02:30;393;Scheduled;KH;HMB;Talgo;17 cars (Nos. 1-111);EB + BPD + APT + AP + BPH + BP + BPT + BP + BPT + BP + BPT + BP + BPT + BP + BPT + BPD + EB
2026-04-16 08:02:05;16-04-2026;11:03:00;398;Scheduled;HMB;KH;German IC Coaches;9 cars (Nos. 5-121);EB + BV + BV + BPX + BPX + BPB + BV + AV + EB
2026-04-16 11:18:17;16-04-2026;13:02:30;1175;Scheduled;KH;HMB;Talgo;17 cars (Nos. 1-111);EB + BPD + APT + AP + BPH + BP + BPT + BP + BPT + BP + BPT + BP + BPT + BP + BPT + BPD + EB
2026-04-16 09:45:16;16-04-2026;13:03:00;396;Scheduled;HMB;KH;Talgo;16 cars (Nos. 1-25);EB + BPD + BPT + BP + BPT + BP + BPT + BP + BPT + BP + BPT + BP + BPH + AP + APT + BPD
2026-04-16 11:18:17;16-04-2026;15:03:00;1174;Scheduled;HMB;KH;IC3;4 cars (Nos. 71-82);MFU + MFU
2026-04-16 14:09:46;16-04-2026;17:02:30;397;Scheduled;KH;HMB;Talgo;16 cars (Nos. 1-25);EB + BPD + BPT + BP + BPT + BP + BPT + BP + BPT + BP + BPT + BP + BPH + AP + APT + BPD
2026-04-16 14:09:46;16-04-2026;17:03:00;394;Scheduled;HMB;KH;Talgo;17 cars (Nos. 1-111);EB + BPD + BPT + BP + BPT + BP + BPT + BP + BPT + BP + BPT + BP + BPH + AP + APT + BPD + EB
2026-04-16 15:52:54;16-04-2026;19:02:30;399;Scheduled;KH;HMB;German IC Coaches;9 cars (Nos. 1-111);EB + AV + BV + BPB + BPX + BPX + BV + BV + EB
2026-04-16 15:52:54;16-04-2026;19:03:00;1172;Cancelled;HMB;KH;Talgo;17 cars (Nos. 1-111);EB + BPD + BPT + BP + BPT + BP + BPT + BP + BPT + BP + BPT + BP + BPH + AP + APT + BPD + EB
2026-04-17 06:12:28;17-04-2026;09:02:30;1173;Scheduled;KH;HMB;IC3;4 cars (Nos. 71-82);MFU + MFU
2026-04-17 08:03:11;17-04-2026;11:02:30;393;Cancelled;PA;HMB;Talgo;17 cars (Nos. 1-111);EB + BPD + APT + AP + BPH + BP + BPT + BP + BPT + BP + BPT + BP + BPT + BP + BPT + BPD + EB
2026-04-17 08:03:11;17-04-2026;11:03:00;398;Scheduled;HMB;KH;German IC Coaches;9 cars (Nos. 1-111);EB + BPX + BV + BV + BPX + BVS + BV + AV + EB
2026-04-17 09:44:27;17-04-2026;13:02:30;1175;Scheduled;KH;HMB;Talgo;17 cars (Nos. 1-111);EB + BPD + BPT + BP + BPT + BP + BPT + BP + BPT + BP + BPT + BP + BPH + AP + APT + BPD + EB
2026-04-17 11:10:57;17-04-2026;13:03:00;396;Scheduled;HMB;KH;Talgo;16 cars (Nos. 1-25);EB + BPD + APT + AP + BPH + BP + BPT + BP + BPT + BP + BPT + BP + BPT + BP + BPT + BPD
2026-04-17 12:01:45;17-04-2026;15:03:00;1174;Scheduled;HMB;KH;IC3;4 cars (Nos. 71-82);MFU + MFU
2026-04-17 15:12:34;17-04-2026;17:02:30;397;Scheduled;RG;HMB;Talgo;31 cars (Nos. 111-150);EB + BPD + APT + AP + BPH + BP + BPT + BP + BPT + BP + BPT + BP + BPT + BP + BPT + BPD + BPD + APT + AP + BPH + BP + BPT + BP + BPT + BP + BPT + BP + BPT + BP + BPT + BPD
2026-04-17 13:56:22;17-04-2026;17:03:00;394;Cancelled;HMB;KH;Talgo;17 cars (Nos. 1-111);EB + BPD + BPT + BP + BPT + BP + BPT + BP + BPT + BP + BPT + BP + BPH + AP + APT + BPD + EB
2026-04-17 17:06:20;17-04-2026;19:02:30;399;Scheduled;KH;HMB;German IC Coaches;9 cars (Nos. 1-111);EB + AV + BV + BVS + BPX + BV + BV + BPX + EB
2026-04-17 18:01:30;17-04-2026;19:03:00;1172;Scheduled;HMB;KH;Talgo;17 cars (Nos. 1-111);EB + BPD + APT + AP + BPH + BP + BPT + BP + BPT + BP + BPT + BP + BPT + BP + BPT + BPD + EB
2026-04-18 05:48:31;18-04-2026;09:02:30;1173;Scheduled;KH;HMB;IC3;2 cars (Nos. 71-72);MFU
2026-04-18 09:03:01;18-04-2026;11:02:30;393;Cancelled;PA;HMB;Talgo;16 cars (Nos. 1-25);EB + BPD + APT + AP + BPH + BP + BPT + BP + BPT + BP + BPT + BP + BPT + BP + BPT + BPD
2026-04-18 09:03:01;18-04-2026;11:03:00;398;Scheduled;HMB;KH;German IC Coaches;9 cars (Nos. 1-111);EB + AV + BV + BVS + BPX + BV + BV + BPX + EB
2026-04-18 10:57:55;18-04-2026;13:02:30;1175;Scheduled;PA;HMB;Talgo;17 cars (Nos. 11-121);BPD + APT + AP + BPH + BP + BPT + BP + BPT + BP + BPT + BP + BPT + BP + BPT + BPD + EB + EB
2026-04-18 10:57:55;18-04-2026;13:03:00;396;Scheduled;PA;KH;IC3;8 cars (Nos. 1-114);ER + ER
2026-04-18 11:47:19;18-04-2026;15:03:00;1174;Scheduled;HMB;KH;IC3;2 cars (Nos. 71-72);MFU
2026-04-18 14:56:10;18-04-2026;17:02:30;397;Scheduled;KH;HMB;Talgo;16 cars (Nos. 1-25);EB + BPD + BPT + BP + BPT + BP + BPT + BP + BPT + BP + BPT + BP + BPH + AP + APT + BPD
2026-04-18 14:56:10;18-04-2026;17:03:00;394;Cancelled;HMB;KH;Vectron-hauled;1 cars (Nos. 111-111);EB
2026-04-18 16:56:35;18-04-2026;19:02:30;399;Scheduled;KH;HMB;German IC Coaches;9 cars (Nos. 1-111);EB + BPX + BV + BV + BPX + BVS + BV + AV + EB
2026-04-18 16:56:35;18-04-2026;19:03:00;1172;Scheduled;HMB;KH;Talgo;17 cars (Nos. 11-121);EB + BPD + BPT + BP + BPT + BP + BPT + BP + BPT + BP + BPT + BP + BPH + AP + APT + BPD + EB
2026-04-19 06:06:21;19-04-2026;09:02:30;1173;Scheduled;KH;HMB;IC3;4 cars (Nos. 71-82);MFU + MFU
2026-04-19 09:05:07;19-04-2026;11:02:30;393;Scheduled;KH;HMB;Talgo;17 cars (Nos. 1-111);EB + BPD + BPT + BP + BPT + BP + BPT + BP + BPT + BP + BPT + BP + BPH + AP + APT + BPD + EB
2026-04-19 09:05:07;19-04-2026;11:03:00;398;Scheduled;HMB;KH;German IC Coaches;9 cars (Nos. 1-111);EB + AV + BV + BVS + BPX + BV + BV + BPX + EB
2026-04-19 11:48:14;19-04-2026;13:02:30;1175;Scheduled;KH;HMB;Talgo;17 cars (Nos. 1-111);EB + BPD + APT + AP + BPH + BP + BPT + BP + BPT + BP + BPT + BP + BPT + BP + BPT + BPD + EB
2026-04-19 10:57:52;19-04-2026;13:03:00;396;Scheduled;HMB;KH;Talgo;16 cars (Nos. 1-25);EB + BPD + APT + AP + BPH + BP + BPT + BP + BPT + BP + BPT + BP + BPT + BP + BPT + BPD
2026-04-19 11:48:14;19-04-2026;15:03:00;1174;Scheduled;HMB;KH;IC3;4 cars (Nos. 71-82);MFU + MFU
2026-04-19 14:56:39;19-04-2026;17:02:30;397;Scheduled;KH;HMB;Talgo;16 cars (Nos. 11-111);EB + BPD + BPT + BP + BPT + BP + BPT + BP + BPT + BP + BPT + BP + BPH + AP + APT + BPD
2026-04-19 14:56:39;19-04-2026;17:03:00;394;Scheduled;HMB;KH;Talgo;17 cars (Nos. 1-111);EB + BPD + APT + AP + BPH + BP + BPT + BP + BPT + BP + BPT + BP + BPT + BP + BPT + BPD + EB
2026-04-19 16:56:32;19-04-2026;19:02:30;399;Scheduled;KH;HMB;German IC Coaches;9 cars (Nos. 1-111);EB + BV + AV + BV + BPB + BPX + BPX + BV + EB
2026-04-19 16:56:32;19-04-2026;19:03:00;1172;Scheduled;HMB;KH;Talgo;17 cars (Nos. 1-111);EB + BPD + BPT + BP + BPT + BP + BPT + BP + BPT + BP + BPT + BP + BPH + AP + APT + BPD + EB
2026-04-20 06:25:57;20-04-2026;09:02:30;1173;Scheduled;KH;HMB;IC3;4 cars (Nos. 71-82);MFU + MFU
2026-04-20 06:25:57;20-04-2026;11:02:30;393;Scheduled;KH;HMB;Talgo;17 cars (Nos. 111-145);EB + BPD + APT + AP + BPH + BP + BPT + BP + BPT + BP + BPT + BP + BPT + BP + BPT + BPD + EB
2026-04-20 09:16:57;20-04-2026;11:03:00;398;Scheduled;HMB;KH;German IC Coaches;9 cars (Nos. 1-111);EB + BPX + BV + BPX + BVS + BV + BPB + AV + EB
2026-04-20 09:16:57;20-04-2026;13:02:30;1175;Cancelled;PA;HMB;Talgo;17 cars (Nos. 1-111);EB + BPD + APT + AP + BPH + BP + BPT + BP + BPT + BP + BPT + BP + BPT + BP + BPT + BPD + EB
2026-04-20 09:16:57;20-04-2026;13:03:00;396;Scheduled;HMB;KH;Talgo;16 cars (Nos. 1-25);EB + BPD + APT + AP + BPH + BP + BPT + BP + BPT + BP + BPT + BP + BPT + BP + BPT + BPD
2026-04-20 11:40:40;20-04-2026;15:03:00;1174;Scheduled;HMB;KH;IC3;4 cars (Nos. 71-82);MFU + MFU
2026-04-20 14:08:25;20-04-2026;17:02:30;397;Scheduled;KH;HMB;Talgo;16 cars (Nos. 1-25);EB + BPD + APT + AP + BPH + BP + BPT + BP + BPT + BP + BPT + BP + BPT + BP + BPT + BPD
2026-04-20 14:08:25;20-04-2026;17:03:00;394;Scheduled;HMB;KH;Talgo;17 cars (Nos. 1-25);EB + BPD + APT + AP + BPH + BP + BPT + BP + BPT + BP + BPT + BP + BPT + BP + BPT + BPD + EB
2026-04-20 15:41:53;20-04-2026;19:02:30;399;Scheduled;KH;HMB;German IC Coaches;9 cars (Nos. 1-12);EB + AV + BPB + BV + BVS + BPX + BV + BPX + EB
2026-04-20 15:41:53;20-04-2026;19:03:00;1172;Cancelled;HMB;KH;Talgo;17 cars (Nos. 1-111);EB + BPD + BPT + BP + BPT + BP + BPT + BP + BPT + BP + BPT + BP + BPH + AP + APT + BPD + EB
2026-04-21 06:12:04;21-04-2026;09:02:30;1173;Scheduled;KH;HMB;IC3;4 cars (Nos. 71-82);MFU + MFU
2026-04-21 08:07:09;21-04-2026;11:02:30;393;Scheduled;KH;HMB;Talgo;17 cars (Nos. 1-111);EB + BPD + APT + AP + BPH + BP + BPT + BP + BPT + BP + BPT + BP + BPT + BP + BPT + BPD + EB
2026-04-21 08:07:09;21-04-2026;11:03:00;398;Scheduled;HMB;KH;German IC Coaches;9 cars (Nos. 1-111);EB + BPX + BV + BPX + BVS + BV + BPB + AV + EB
2026-04-21 11:21:49;21-04-2026;13:02:30;1175;Scheduled;KH;HMB;Talgo;17 cars (Nos. 1-111);EB + BPD + BPT + BP + BPT + BP + BPT + BP + BPT + BP + BPT + BP + BPH + AP + APT + BPD + EB
2026-04-21 11:21:49;21-04-2026;13:03:00;396;Scheduled;HMB;KH;Talgo;16 cars (Nos. 1-25);EB + BPD + BPT + BP + BPT + BP + BPT + BP + BPT + BP + BPT + BP + BPH + AP + APT + BPD
2026-04-21 11:21:49;21-04-2026;15:03:00;1174;Scheduled;HMB;KH;IC3;4 cars (Nos. 71-82);MFU + MFU
2026-04-21 14:06:08;21-04-2026;17:02:30;397;Cancelled;PA;HMB;Talgo;16 cars (Nos. 1-25);EB + BPD + BPT + BP + BPT + BP + BPT + BP + BPT + BP + BPT + BP + BPH + AP + APT + BPD
2026-04-21 14:06:08;21-04-2026;17:03:00;394;Scheduled;HMB;KH;Talgo;17 cars (Nos. 1-111);EB + BPD + BPT + BP + BPT + BP + BPT + BP + BPT + BP + BPT + BP + BPH + AP + APT + BPD + EB
2026-04-21 15:40:20;21-04-2026;19:02:30;399;Scheduled;KH;HMB;German IC Coaches;9 cars (Nos. 1-111);EB + BV + BV + BV + BPB + BPX + BPX + AV + EB
2026-04-21 15:40:20;21-04-2026;19:03:00;1172;Scheduled;HMB;KH;Talgo;17 cars (Nos. 1-111);EB + BPD + APT + AP + BPH + BP + BPT + BP + BPT + BP + BPT + BP + BPT + BP + BPT + BPD + EB
2026-04-22 06:08:16;22-04-2026;09:02:30;1173;Scheduled;KH;HMB;IC3;2 cars (Nos. 71-72);MFU
2026-04-22 08:04:00;22-04-2026;11:02:30;393;Scheduled;KH;HMB;Talgo;17 cars (Nos. 1-111);EB + BPD + APT + AP + BPH + BP + BPT + BP + BPT + BP + BPT + BP + BPT + BP + BPT + BPD + EB
2026-04-22 08:04:00;22-04-2026;11:03:00;398;Scheduled;HMB;KH;German IC Coaches;9 cars (Nos. 1-111);EB + AV + BPX + BPX + BPB + BV + BV + BV + EB
2026-04-22 09:48:34;22-04-2026;13:02:30;1175;Scheduled;KH;HMB;Talgo;17 cars (Nos. 1-111);EB + BPD + BPT + BP + BPT + BP + BPT + BP + BPT + BP + BPT + BP + BPH + AP + APT + BPD + EB
2026-04-22 09:48:34;22-04-2026;13:03:00;396;Scheduled;PA;KH;Unknown;2 cars (Nos. 51-52);MFA
2026-04-22 11:20:19;22-04-2026;15:03:00;1174;Scheduled;HMB;KH;IC3;2 cars (Nos. 71-72);MFU
2026-04-22 14:05:16;22-04-2026;17:02:30;397;Scheduled;KH;HMB;Talgo;16 cars (Nos. 1-25);EB + BPD + APT + AP + BPH + BP + BPT + BP + BPT + BP + BPT + BP + BPT + BP + BPT + BPD
2026-04-22 14:05:16;22-04-2026;17:03:00;394;Scheduled;HMB;KH;Talgo;17 cars (Nos. 1-111);EB + BPD + BPT + BP + BPT + BP + BPT + BP + BPT + BP + BPT + BP + BPH + AP + APT + BPD + EB
2026-04-22 17:13:31;22-04-2026;19:02:30;399;Scheduled;KH;HMB;German IC Coaches;9 cars (Nos. 1-111);EB + BV + BPX + BPX + BPB + AV + BV + BV + EB
2026-04-22 15:38:28;22-04-2026;19:03:00;1172;Cancelled;HMB;KH;Talgo;17 cars (Nos. 1-111);EB + BPD + APT + AP + BPH + BP + BPT + BP + BPT + BP + BPT + BP + BPT + BP + BPT + BPD + EB
2026-04-23 06:15:54;23-04-2026;09:02:30;1173;Scheduled;KH;HMB;IC3;4 cars (Nos. 71-82);MFU + MFU
2026-04-23 09:01:04;23-04-2026;11:02:30;393;Scheduled;KH;HMB;Talgo;17 cars (Nos. 1-111);EB + BPD + APT + AP + BPH + BP + BPT + BP + BPT + BP + BPT + BP + BPT + BP + BPT + BPD + EB
2026-04-23 09:01:04;23-04-2026;11:03:00;398;Scheduled;HMB;KH;German IC Coaches;9 cars (Nos. 1-111);EB + BV + BV + AV + BPB + BPX + BPX + BV + EB
2026-04-23 12:07:06;23-04-2026;13:02:30;1175;Scheduled;KH;HMB;Talgo;17 cars (Nos. 1-111);EB + BPD + APT + AP + BPH + BP + BPT + BP + BPT + BP + BPT + BP + BPT + BP + BPT + BPD + EB
2026-04-23 10:43:49;23-04-2026;13:03:00;396;Scheduled;HMB;KH;Talgo;16 cars (Nos. 1-25);EB + BPD + BPT + BP + BPT + BP + BPT + BP + BPT + BP + BPT + BP + BPH + AP + APT + BPD
2026-04-23 12:07:06;23-04-2026;15:03:00;1174;Scheduled;HMB;KH;IC3;4 cars (Nos. 71-82);MFU + MFU
2026-04-23 14:08:08;23-04-2026;17:02:30;397;Scheduled;KH;HMB;Talgo;16 cars (Nos. 1-25);EB + BPD + APT + AP + BPH + BP + BPT + BP + BPT + BP + BPT + BP + BPT + BP + BPT + BPD
2026-04-23 14:08:08;23-04-2026;17:03:00;394;Scheduled;HMB;KH;Talgo;17 cars (Nos. 1-111);EB + BPD + BPT + BP + BPT + BP + BPT + BP + BPT + BP + BPT + BP + BPH + AP + APT + BPD + EB
2026-04-23 16:05:09;23-04-2026;19:02:30;399;Scheduled;KH;HMB;German IC Coaches;8 cars (Nos. 1-12);EB + BV + BPX + BPX + BPB + AV + BV + BV
2026-04-23 16:05:09;23-04-2026;19:03:00;1172;Scheduled;HMB;KH;Talgo;17 cars (Nos. 1-111);EB + BPD + BPT + BP + BPT + BP + BPT + BP + BPT + BP + BPT + BP + BPH + AP + APT + BPD + EB
2026-04-24 06:19:14;24-04-2026;09:02:30;1173;Scheduled;KH;HMB;IC3;4 cars (Nos. 71-82);MFU + MFU
2026-04-24 09:07:23;24-04-2026;11:02:30;393;Scheduled;KH;HMB;Talgo;17 cars (Nos. 1-111);EB + BPD + APT + AP + BPH + BP + BPT + BP + BPT + BP + BPT + BP + BPT + BP + BPT + BPD + EB
2026-04-24 09:07:23;24-04-2026;11:03:00;398;Scheduled;HMB;KH;German IC Coaches;9 cars (Nos. 1-111);EB + AV + BVS + BPB + BPX + BPX + BV + BV + EB
2026-04-24 10:42:51;24-04-2026;13:02:30;1175;Scheduled;KH;HMB;Talgo;17 cars (Nos. 1-111);EB + BPD + BPT + BP + BPT + BP + BPT + BP + BPT + BP + BPT + BP + BPH + AP + APT + BPD + EB
2026-04-24 10:42:51;24-04-2026;13:03:00;396;Scheduled;HMB;KH;Talgo;16 cars (Nos. 1-25);EB + BPD + BPT + BP + BPT + BP + BPT + BP + BPT + BP + BPT + BP + BPH + AP + APT + BPD
2026-04-24 12:03:25;24-04-2026;15:03:00;1174;Scheduled;HMB;KH;IC3;4 cars (Nos. 71-82);MFU + MFU
2026-04-24 14:03:40;24-04-2026;17:02:30;397;Scheduled;KH;HMB;Talgo;16 cars (Nos. 1-25);EB + BPD + APT + AP + BPH + BP + BPT + BP + BPT + BP + BPT + BP + BPT + BP + BPT + BPD
2026-04-24 15:22:15;24-04-2026;17:03:00;394;Scheduled;HMB;KH;Talgo;17 cars (Nos. 1-111);EB + BPD + BPT + BP + BPT + BP + BPT + BP + BPT + BP + BPT + BP + BPH + AP + APT + BPD + EB
2026-04-24 15:22:15;24-04-2026;19:02:30;399;Scheduled;KH;HMB;German IC Coaches;9 cars (Nos. 1-111);EB + BV + BV + BPX + BPX + BPB + BVS + AV + EB
2026-04-24 15:22:15;24-04-2026;19:03:00;1172;Scheduled;HMB;KH;Talgo;17 cars (Nos. 1-111);EB + BPD + APT + AP + BPH + BP + BPT + BP + BPT + BP + BPT + BP + BPT + BP + BPT + BPD + EB
2026-04-25 05:56:13;25-04-2026;09:02:30;1173;Scheduled;KH;HMB;IC3;4 cars (Nos. 71-82);MFU + MFU
2026-04-25 07:43:32;25-04-2026;11:02:30;393;Scheduled;KH;HMB;Talgo;17 cars (Nos. 1-111);EB + BPD + BPT + BP + BPT + BP + BPT + BP + BPT + BP + BPT + BP + BPH + AP + APT + BPD + EB
2026-04-25 09:07:37;25-04-2026;11:03:00;398;Scheduled;HMB;KH;German IC Coaches;9 cars (Nos. 1-111);EB + AV + BVS + BPB + BPX + BPX + BV + BV + EB
2026-04-25 11:01:12;25-04-2026;13:02:30;1175;Scheduled;KH;HMB;Talgo;17 cars (Nos. 1-111);EB + BPD + BPT + BP + BPT + BP + BPT + BP + BPT + BP + BPT + BP + BPH + AP + APT + BPD + EB
2026-04-25 11:01:12;25-04-2026;13:03:00;396;Scheduled;HMB;KH;Talgo;16 cars (Nos. 1-25);EB + BPD + BPT + BP + BPT + BP + BPT + BP + BPT + BP + BPT + BP + BPH + AP + APT + BPD
2026-04-25 11:51:02;25-04-2026;15:03:00;1174;Scheduled;HMB;KH;IC3;4 cars (Nos. 71-82);MFU + MFU
2026-04-25 14:57:55;25-04-2026;17:02:30;397;Scheduled;KH;HMB;Talgo;16 cars (Nos. 1-25);EB + BPD + APT + AP + BPH + BP + BPT + BP + BPT + BP + BPT + BP + BPT + BP + BPT + BPD
2026-04-25 14:57:55;25-04-2026;17:03:00;394;Scheduled;HMB;KH;Talgo;17 cars (Nos. 1-111);EB + BPD + APT + AP + BPH + BP + BPT + BP + BPT + BP + BPT + BP + BPT + BP + BPT + BPD + EB
2026-04-25 16:59:08;25-04-2026;19:02:30;399;Scheduled;KH;HMB;German IC Coaches;9 cars (Nos. 1-111);EB + BV + BV + BPX + BPX + BPB + BVS + AV + EB
2026-04-25 16:59:08;25-04-2026;19:03:00;1172;Scheduled;HMB;KH;Talgo;17 cars (Nos. 1-111);EB + BPD + APT + AP + BPH + BP + BPT + BP + BPT + BP + BPT + BP + BPT + BP + BPT + BPD + EB
2026-04-26 06:18:30;26-04-2026;09:02:30;1173;Scheduled;KH;HMB;IC3;4 cars (Nos. 71-82);MFU + MFU
2026-04-26 08:21:25;26-04-2026;11:02:30;393;Scheduled;KH;HMB;Talgo;17 cars (Nos. 1-111);EB + BPD + BPT + BP + BPT + BP + BPT + BP + BPT + BP + BPT + BP + BPH + AP + APT + BPD + EB
2026-04-26 08:21:25;26-04-2026;11:03:00;398;Scheduled;HMB;KH;German IC Coaches;9 cars (Nos. 1-111);EB + AV + BVS + BPB + BPX + BPX + BV + BV + EB
2026-04-26 11:00:35;26-04-2026;13:02:30;1175;Cancelled;PA;HMB;Vectron-hauled;1 cars (Nos. 1-1);EB
2026-04-26 11:00:35;26-04-2026;13:03:00;396;Scheduled;HMB;KH;Talgo;16 cars (Nos. 1-25);EB + BPD + BPT + BP + BPT + BP + BPT + BP + BPT + BP + BPT + BP + BPH + AP + APT + BPD
2026-04-26 11:52:38;26-04-2026;15:03:00;1174;Scheduled;HMB;KH;IC3;4 cars (Nos. 71-82);MFU + MFU
2026-04-26 14:59:34;26-04-2026;17:02:30;397;Scheduled;KH;HMB;Talgo;16 cars (Nos. 1-25);EB + BPD + APT + AP + BPH + BP + BPT + BP + BPT + BP + BPT + BP + BPT + BP + BPT + BPD
2026-04-26 14:59:34;26-04-2026;17:03:00;394;Scheduled;HMB;KH;Talgo;17 cars (Nos. 1-111);EB + BPD + APT + AP + BPH + BP + BPT + BP + BPT + BP + BPT + BP + BPT + BP + BPT + BPD + EB
2026-04-26 16:59:29;26-04-2026;19:02:30;399;Scheduled;KH;HMB;German IC Coaches;9 cars (Nos. 1-111);EB + BV + BV + BPX + BPX + BPB + BV + AV + EB
2026-04-26 16:59:29;26-04-2026;19:03:00;1172;Cancelled;HMB;KH;Talgo;17 cars (Nos. 1-111);EB + BPD + BPT + BP + BPT + BP + BPT + BP + BPT + BP + BPT + BP + BPH + AP + APT + BPD + EB
2026-04-27 06:39:31;27-04-2026;09:02:30;1173;Scheduled;KH;HMB;IC3;4 cars (Nos. 71-82);MFU + MFU
2026-04-27 06:39:31;27-04-2026;11:02:30;393;Scheduled;KH;HMB;Talgo;17 cars (Nos. 1-111);EB + BPD + BPT + BP + BPT + BP + BPT + BP + BPT + BP + BPT + BP + BPH + AP + APT + BPD + EB
2026-04-27 06:39:31;27-04-2026;11:03:00;398;Scheduled;HMB;KH;German IC Coaches;9 cars (Nos. 1-111);EB + AV + BVS + BPB + BPX + BPX + BV + BV + EB
2026-04-27 09:28:22;27-04-2026;13:02:30;1175;Scheduled;KH;HMB;Talgo;17 cars (Nos. 1-111);EB + BPD + BPT + BP + BPT + BP + BPT + BP + BPT + BP + BPT + BP + BPH + AP + APT + BPD + EB
2026-04-27 11:58:16;27-04-2026;13:03:00;396;Scheduled;HMB;KH;Talgo;16 cars (Nos. 1-25);EB + BPD + BPT + BP + BPT + BP + BPT + BP + BPT + BP + BPT + BP + BPH + AP + APT + BPD
2026-04-27 11:58:16;27-04-2026;15:03:00;1174;Scheduled;HMB;KH;IC3;4 cars (Nos. 71-82);MFU + MFU
2026-04-27 14:23:55;27-04-2026;17:02:30;397;Scheduled;KH;HMB;Talgo;17 cars (Nos. 1-111);EB + BPD + APT + AP + BPH + BP + BPT + BP + BPT + BP + BPT + BP + BPT + BP + BPT + BPD + EB
2026-04-27 14:23:55;27-04-2026;17:03:00;394;Scheduled;HMB;KH;Talgo;17 cars (Nos. 1-111);EB + BPD + APT + AP + BPH + BP + BPT + BP + BPT + BP + BPT + BP + BPT + BP + BPT + BPD + EB
2026-04-27 16:52:46;27-04-2026;19:02:30;399;Scheduled;KH;HMB;German IC Coaches;9 cars (Nos. 1-111);EB + BV + BV + BPX + BPX + BPB + BVS + AV + EB
2026-04-27 16:52:46;27-04-2026;19:03:00;1172;Scheduled;HMB;KH;Talgo;17 cars (Nos. 1-111);EB + BPD + APT + AP + BPH + BP + BPT + BP + BPT + BP + BPT + BP + BPT + BP + BPT + BPD + EB
2026-04-28 06:42:01;28-04-2026;09:02:30;81173;Scheduled;KH;HMB;IC3;4 cars (Nos. 71-82);MFU + MFU
2026-04-28 06:42:01;28-04-2026;11:02:30;393;Scheduled;KH;HMB;Talgo;17 cars (Nos. 1-25);EB + BPD + BPT + BP + BPT + BP + BPT + BP + BPT + BP + BPT + BP + BPH + AP + APT + BPD + EB
2026-04-28 06:42:01;28-04-2026;11:03:00;398;Scheduled;HMB;KH;German IC Coaches;9 cars (Nos. 1-12);EB + AV + BV + BPB + BPX + BPX + BV + BV + EB
2026-04-28 09:32:35;28-04-2026;13:02:30;1175;Scheduled;KH;HMB;Talgo;17 cars (Nos. 11-121);EB + BPD + APT + AP + BPH + BP + BPT + BP + BPT + BP + BPT + BP + BPT + BP + BPT + BPD + EB
2026-04-28 09:32:35;28-04-2026;13:03:00;396;Scheduled;HMB;KH;Talgo;17 cars (Nos. 1-111);EB + BPD + BPT + BP + BPT + BP + BPT + BP + BPT + BP + BPT + BP + BPH + AP + APT + BPD + EB
2026-04-28 12:01:03;28-04-2026;15:03:00;1174;Scheduled;HMB;KH;IC3;4 cars (Nos. 71-82);MFU + MFU
2026-04-28 14:39:15;28-04-2026;17:02:30;397;Scheduled;KH;HMB;Talgo;16 cars (Nos. 1-25);EB + BPD + APT + AP + BPH + BP + BPT + BP + BPT + BP + BPT + BP + BPT + BP + BPT + BPD
2026-04-28 14:39:15;28-04-2026;17:03:00;394;Scheduled;HMB;KH;Talgo;17 cars (Nos. 1-25);EB + BPD + APT + AP + BPH + BP + BPT + BP + BPT + BP + BPT + BP + BPT + BP + BPT + BPD + EB
2026-04-28 17:01:27;28-04-2026;19:02:30;399;Scheduled;KH;HMB;German IC Coaches;9 cars (Nos. 1-12);EB + BV + BV + BPX + BPX + BPB + BV + AV + EB
2026-04-28 17:01:27;28-04-2026;19:03:00;1172;Scheduled;HMB;KH;Talgo;17 cars (Nos. 1-111);EB + BPD + BPT + BP + BPT + BP + BPT + BP + BPT + BP + BPT + BP + BPH + AP + APT + BPD + EB
2026-04-29 06:34:39;29-04-2026;09:02:30;81173;Scheduled;KH;HMB;IC3;4 cars (Nos. 71-82);MFU + MFU
2026-04-29 09:22:13;29-04-2026;11:02:30;393;Scheduled;KH;HMB;Talgo;17 cars (Nos. 1-25);EB + BPD + APT + AP + BPH + BP + BPT + BP + BPT + BP + BPT + BP + BPT + BP + BPT + BPD + EB
2026-04-29 06:34:39;29-04-2026;11:03:00;398;Scheduled;HMB;KH;German IC Coaches;9 cars (Nos. 1-111);EB + AV + BV + BPB + BPX + BPX + BV + BV + EB
2026-04-29 11:53:10;29-04-2026;13:02:30;1175;Scheduled;KH;HMB;Talgo;17 cars (Nos. 1-25);EB + BPD + APT + AP + BPH + BP + BPT + BP + BPT + BP + BPT + BP + BPT + BP + BPT + BPD + EB
2026-04-29 09:22:13;29-04-2026;13:03:00;396;Scheduled;HMB;KH;Talgo;16 cars (Nos. 1-25);EB + BPD + BPT + BP + BPT + BP + BPT + BP + BPT + BP + BPT + BP + BPH + AP + APT + BPD
2026-04-29 11:53:10;29-04-2026;15:03:00;1174;Scheduled;HMB;KH;IC3;4 cars (Nos. 71-82);MFU + MFU
2026-04-29 14:28:45;29-04-2026;17:02:30;397;Scheduled;KH;HMB;Talgo;16 cars (Nos. 1-25);EB + BPD + BPT + BP + BPT + BP + BPT + BP + BPT + BP + BPT + BP + BPH + AP + APT + BPD
2026-04-29 14:28:45;29-04-2026;17:03:00;394;Scheduled;HMB;KH;Talgo;17 cars (Nos. 1-25);EB + BPD + BPT + BP + BPT + BP + BPT + BP + BPT + BP + BPT + BP + BPH + AP + APT + BPD + EB
2026-04-29 16:51:20;29-04-2026;19:02:30;399;Scheduled;KH;HMB;German IC Coaches;9 cars (Nos. 1-111);EB + BV + BV + BPX + BPX + BPB + BV + AV + EB
2026-04-29 16:51:20;29-04-2026;19:03:00;1172;Scheduled;HMB;KH;Talgo;17 cars (Nos. 1-25);EB + BPD + BPT + BP + BPT + BP + BPT + BP + BPT + BP + BPT + BP + BPH + AP + APT + BPD + EB
2026-04-30 06:39:18;30-04-2026;09:02:30;81173;Scheduled;KH;HMB;IC3;4 cars (Nos. 71-82);MFU + MFU
2026-04-30 06:39:18;30-04-2026;11:02:30;393;Scheduled;KH;HMB;Talgo;17 cars (Nos. 1-111);EB + BPD + APT + AP + BPH + BP + BPT + BP + BPT + BP + BPT + BP + BPT + BP + BPT + BPD + EB
2026-04-30 06:39:18;30-04-2026;11:03:00;398;Scheduled;HMB;KH;German IC Coaches;9 cars (Nos. 1-111);EB + AV + BV + BPB + BPX + BPX + BV + BV + EB
2026-04-30 09:23:22;30-04-2026;13:02:30;1175;Scheduled;KH;HMB;Talgo;17 cars (Nos. 1-111);EB + BPD + APT + AP + BPH + BP + BPT + BP + BPT + BP + BPT + BP + BPT + BP + BPT + BPD + EB
2026-04-30 09:23:22;30-04-2026;13:03:00;396;Scheduled;HMB;KH;Talgo;16 cars (Nos. 1-25);EB + BPD + APT + AP + BPH + BP + BPT + BP + BPT + BP + BPT + BP + BPT + BP + BPT + BPD
2026-04-30 11:52:10;30-04-2026;15:03:00;1174;Scheduled;HMB;KH;IC3;4 cars (Nos. 71-82);MFU + MFU
2026-04-30 14:21:56;30-04-2026;17:02:30;397;Scheduled;KH;HMB;Talgo;16 cars (Nos. 1-25);EB + BPD + APT + AP + BPH + BP + BPT + BP + BPT + BP + BPT + BP + BPT + BP + BPT + BPD
2026-04-30 14:21:56;30-04-2026;17:03:00;394;Scheduled;HMB;KH;Talgo;17 cars (Nos. 1-111);EB + BPD + BPT + BP + BPT + BP + BPT + BP + BPT + BP + BPT + BP + BPH + AP + APT + BPD + EB
2026-04-30 16:44:30;30-04-2026;19:02:30;399;Scheduled;KH;HMB;German IC Coaches;9 cars (Nos. 1-111);EB + BV + BV + BPX + BPX + BPB + BV + AV + EB
2026-04-30 16:44:30;30-04-2026;19:03:00;1172;Scheduled;HMB;KH;Talgo;17 cars (Nos. 1-111);EB + BPD + BPT + BP + BPT + BP + BPT + BP + BPT + BP + BPT + BP + BPH + AP + APT + BPD + EB
2026-05-01 06:44:04;01-05-2026;09:02:30;1173;Scheduled;RG;AA;Talgo;16 cars (Nos. 1-25);EB + BPD + BPT + BP + BPT + BP + BPT + BP + BPT + BP + BPT + BP + BPH + AP + APT + BPD
2026-05-01 09:06:30;01-05-2026;11:02:30;385;Scheduled;KH;AA;Railjet;10 cars (Nos. 1-263);EB + BDMPZ + BMPZ + BMPZ + BMPZ + BMPZ + BBMPZ + BRMPZ + AMPZ + AFMPZ
2026-05-01 09:06:30;01-05-2026;11:03:00;398;Scheduled;HMB;KH;Talgo;17 cars (Nos. 1-111);EB + BPD + APT + AP + BPH + BP + BPT + BP + BPT + BP + BPT + BP + BPT + BP + BPT + BPD + EB
2026-05-01 10:41:48;01-05-2026;13:02:30;1179;Scheduled;KH;#PH;Talgo;17 cars (Nos. 1-111);EB + BPD + APT + AP + BPH + BP + BPT + BP + BPT + BP + BPT + BP + BPT + BP + BPT + BPD + EB
2026-05-01 10:41:48;01-05-2026;13:03:00;396;Scheduled;HMB;KH;Talgo;16 cars (Nos. 1-25);EB + BPD + BPT + BP + BPT + BP + BPT + BP + BPT + BP + BPT + BP + BPH + AP + APT + BPD
2026-05-01 12:04:34;01-05-2026;15:02:30;395;Scheduled;KH;HMB;IC3;4 cars (Nos. 71-82);MFU + MFU
2026-05-01 16:07:49;01-05-2026;15:03:00;1176;Cancelled;PAGR;KH;Railjet;10 cars (Nos. 1-263);EB + BDMPZ + BMPZ + BMPZ + BMPZ + BMPZ + BBMPZ + BRMPZ + AMPZ + AFMPZ
2026-05-01 13:51:35;01-05-2026;17:02:30;397;Scheduled;KH;HMB;Talgo;17 cars (Nos. 1-111);EB + BPD + APT + AP + BPH + BP + BPT + BP + BPT + BP + BPT + BP + BPT + BP + BPT + BPD + EB
2026-05-01 16:07:49;01-05-2026;17:03:00;384;Cancelled;AA;KH;Railjet;10 cars (Nos. 1-263);EB + AFMPZ + AMPZ + BRMPZ + BBMPZ + BMPZ + BMPZ + BMPZ + BMPZ + BDMPZ
2026-05-01 18:09:19;01-05-2026;19:02:30;399;Scheduled;KH;HMB;Talgo;17 cars (Nos. 1-111);EB + BPD + APT + AP + BPH + BP + BPT + BP + BPT + BP + BPT + BP + BPT + BP + BPT + BPD + EB
2026-05-01 18:09:19;01-05-2026;19:03:00;1170;Scheduled;PA;KH;Talgo;17 cars (Nos. 1-135);EB + BPD + BPT + BP + BPT + BP + BPT + BP + BPT + BP + BPT + BP + BPH + AP + APT + BPD + EB
2026-05-01 19:35:37;01-05-2026;21:03:00;392;Cancelled;HMB;KH;IC3;4 cars (Nos. 71-82);MFU + MFU
2026-05-02 06:19:01;02-05-2026;09:02:30;1171;Cancelled;KH;#PH;Railjet;10 cars (Nos. 1-263);EB + AFMPZ + AMPZ + BRMPZ + BBMPZ + BMPZ + BMPZ + BMPZ + BMPZ + BDMPZ
2026-05-02 06:19:01;02-05-2026;09:03:00;1198;Scheduled;HMB;KH;Talgo;17 cars (Nos. 1-25);EB + BPD + BPT + BP + BPT + BP + BPT + BP + BPT + BP + BPT + BP + BPH + AP + APT + BPD + EB
2026-05-02 08:42:16;02-05-2026;11:02:30;385;Cancelled;KH;AA;Railjet;10 cars (Nos. 1-263);EB + AFMPZ + AMPZ + BRMPZ + BBMPZ + BMPZ + BMPZ + BMPZ + BMPZ + BDMPZ
2026-05-01 19:35:37;01-05-2026;21:03:00;991170;Scheduled;PA;KH;Unknown;0 cars;
2026-05-02 08:42:16;02-05-2026;11:03:00;398;Scheduled;HMB;KH;Talgo;17 cars (Nos. 1-25);EB + BPD + BPT + BP + BPT + BP + BPT + BP + BPT + BP + BPT + BP + BPH + AP + APT + BPD + EB
2026-05-02 11:05:01;02-05-2026;13:02:30;1179;Scheduled;KH;AA;Talgo;17 cars (Nos. 1-25);EB + BPD + BPT + BP + BPT + BP + BPT + BP + BPT + BP + BPT + BP + BPH + AP + APT + BPD + EB
2026-05-02 11:05:01;02-05-2026;13:03:00;396;Cancelled;HMB;KH;Talgo;17 cars (Nos. 1-111);EB + BPD + BPT + BP + BPT + BP + BPT + BP + BPT + BP + BPT + BP + BPH + AP + APT + BPD + EB
2026-05-02 11:56:10;02-05-2026;15:02:30;395;Scheduled;KH;HMB;IC3;4 cars (Nos. 71-82);MFU + MFU
2026-05-02 11:56:10;02-05-2026;15:03:00;1176;Scheduled;PA;KH;Railjet;10 cars (Nos. 1-263);EB + BDMPZ + BMPZ + BMPZ + BMPZ + BMPZ + BBMPZ + BRMPZ + AMPZ + AFMPZ
2026-05-02 15:02:47;02-05-2026;17:02:30;397;Scheduled;KH;HMB;Talgo;17 cars (Nos. 1-25);EB + BPD + APT + AP + BPH + BP + BPT + BP + BPT + BP + BPT + BP + BPT + BP + BPT + BPD + EB
2026-05-02 17:04:00;02-05-2026;17:03:00;384;Scheduled;AA;KH;Railjet;10 cars (Nos. 1-263);EB + AFMPZ + AMPZ + BRMPZ + BBMPZ + BMPZ + BMPZ + BMPZ + BMPZ + BDMPZ
2026-05-02 18:00:12;02-05-2026;19:02:30;399;Cancelled;KH;HMB;Talgo;17 cars (Nos. 1-25);EB + BPD + APT + AP + BPH + BP + BPT + BP + BPT + BP + BPT + BP + BPT + BP + BPT + BPD + EB
2026-05-02 17:04:00;02-05-2026;19:03:00;1170;Cancelled;PA;KH;Talgo;17 cars (Nos. 1-25);EB + BPD + APT + AP + BPH + BP + BPT + BP + BPT + BP + BPT + BP + BPT + BP + BPT + BPD + EB
2026-05-02 19:15:11;02-05-2026;21:02:30;1199;Scheduled;KH;HMB;Talgo;16 cars (Nos. 1-25);EB + BPD + BPT + BP + BPT + BP + BPT + BP + BPT + BP + BPT + BP + BPH + AP + APT + BPD
2026-05-02 18:00:12;02-05-2026;21:05:00;392;Cancelled;HMB;KH;IC3;4 cars (Nos. 71-82);MFU + MFU
2026-05-03 06:36:32;03-05-2026;09:02:30;1171;Scheduled;KH;AA;Railjet;10 cars (Nos. 1-263);EB + AFMPZ + AMPZ + BRMPZ + BBMPZ + BMPZ + BMPZ + BMPZ + BMPZ + BDMPZ
2026-05-03 06:36:32;03-05-2026;09:03:00;1198;Scheduled;HMB;KH;Talgo;17 cars (Nos. 1-111);EB + BPD + APT + AP + BPH + BP + BPT + BP + BPT + BP + BPT + BP + BPT + BP + BPT + BPD + EB
2026-05-03 08:54:22;03-05-2026;11:02:30;385;Scheduled;KH;AA;Railjet;10 cars (Nos. 1-263);EB + BDMPZ + BMPZ + BMPZ + BMPZ + BMPZ + BBMPZ + BRMPZ + AMPZ + AFMPZ
2026-05-03 08:54:22;03-05-2026;11:03:00;398;Cancelled;HMB;KH;Talgo;17 cars (Nos. 1-111);EB + BPD + BPT + BP + BPT + BP + BPT + BP + BPT + BP + BPT + BP + BPH + AP + APT + BPD + EB
2026-05-03 10:14:56;03-05-2026;13:02:30;1179;Scheduled;KH;AA;Talgo;17 cars (Nos. 11-121);EB + BPD + APT + AP + BPH + BP + BPT + BP + BPT + BP + BPT + BP + BPT + BP + BPT + BPD + EB
2026-05-03 11:06:39;03-05-2026;13:03:00;396;Scheduled;HMB;KH;Talgo;17 cars (Nos. 1-111);EB + BPD + BPT + BP + BPT + BP + BPT + BP + BPT + BP + BPT + BP + BPH + AP + APT + BPD + EB
2026-05-03 11:56:08;03-05-2026;15:02:30;395;Scheduled;KH;HMB;IC3;4 cars (Nos. 71-82);MFU + MFU
2026-05-03 11:56:08;03-05-2026;15:03:00;1176;Scheduled;PA;KH;Railjet;10 cars (Nos. 1-263);EB + BDMPZ + BMPZ + BMPZ + BMPZ + BMPZ + BBMPZ + BRMPZ + AMPZ + AFMPZ
2026-05-03 15:03:32;03-05-2026;17:02:30;397;Cancelled;KH;HMB;Talgo;17 cars (Nos. 1-111);EB + EB + BPD + BPT + BP + BPT + BP + BPT + BP + BPT + BP + BPT + BP + BPH + AP + APT + BPD
2026-05-03 15:03:32;03-05-2026;17:03:00;384;Scheduled;AA;KH;Railjet;10 cars (Nos. 1-263);EB + AFMPZ + AMPZ + BRMPZ + BBMPZ + BMPZ + BMPZ + BMPZ + BMPZ + BDMPZ
2026-05-03 15:58:57;03-05-2026;19:02:30;399;Cancelled;KH;HMB;Talgo;17 cars (Nos. 1-111);EB + EB + BPD + APT + AP + BPH + BP + BPT + BP + BPT + BP + BPT + BP + BPT + BP + BPT + BPD
2026-05-03 17:05:25;03-05-2026;19:03:00;1170;Scheduled;PA;KH;Talgo;17 cars (Nos. 11-121);EB + BPD + BPT + BP + BPT + BP + BPT + BP + BPT + BP + BPT + BP + BPH + AP + APT + BPD + EB
2026-05-03 19:15:07;03-05-2026;21:02:30;1199;Scheduled;KH;HMB;Talgo;17 cars (Nos. 1-111);EB + BPD + APT + AP + BPH + BP + BPT + BP + BPT + BP + BPT + BP + BPT + BP + BPT + BPD + EB
2026-05-03 19:15:07;03-05-2026;21:03:00;392;Scheduled;HMB;KH;IC3;4 cars (Nos. 71-82);MFU + MFU
2026-05-04 06:52:20;04-05-2026;09:02:30;1171;Scheduled;KH;AA;Railjet;10 cars (Nos. 1-263);EB + BDMPZ + BMPZ + BMPZ + BMPZ + BMPZ + BBMPZ + BRMPZ + AMPZ + AFMPZ
2026-05-04 06:52:20;04-05-2026;09:03:00;1198;Scheduled;HMB;KH;Talgo;17 cars (Nos. 1-111);EB + BPD + BPT + BP + BPT + BP + BPT + BP + BPT + BP + BPT + BP + BPH + AP + APT + BPD + EB
2026-05-04 09:30:12;04-05-2026;11:02:30;385;Scheduled;KH;AA;Railjet;10 cars (Nos. 1-263);EB + AFMPZ + AMPZ + BRMPZ + BBMPZ + BMPZ + BMPZ + BMPZ + BMPZ + BDMPZ
2026-05-04 06:52:20;04-05-2026;11:03:00;398;Scheduled;HMB;KH;German IC Coaches;9 cars (Nos. 1-111);EB + AV + BV + BPB + BPX + BPX + BV + BV + EB
2026-05-04 09:30:12;04-05-2026;13:02:30;1179;Scheduled;KH;AA;Talgo;17 cars (Nos. 1-111);EB + BPD + APT + AP + BPH + BP + BPT + BP + BPT + BP + BPT + BP + BPT + BP + BPT + BPD + EB
2026-05-04 09:30:12;04-05-2026;13:03:00;396;Cancelled;HMB;KH;Talgo;16 cars (Nos. 1-25);EB + BPD + BPT + BP + BPT + BP + BPT + BP + BPT + BP + BPT + BP + BPH + AP + APT + BPD
2026-05-04 12:03:49;04-05-2026;15:02:30;395;Scheduled;KH;HMB;IC3;4 cars (Nos. 71-82);MFU + MFU
2026-05-04 12:03:49;04-05-2026;15:03:00;1176;Scheduled;PAGR;KH;Railjet;10 cars (Nos. 1-263);EB + AFMPZ + AMPZ + BRMPZ + BBMPZ + BMPZ + BMPZ + BMPZ + BMPZ + BDMPZ
2026-05-04 14:27:50;04-05-2026;17:02:30;397;Scheduled;KH;HMB;German IC Coaches;9 cars (Nos. 1-111);EB + AV + BV + BPB + BPX + BPX + BV + BV + EB
2026-05-04 14:27:50;04-05-2026;17:03:00;384;Scheduled;AA;KH;Railjet;10 cars (Nos. 1-263);EB + AFMPZ + AMPZ + BRMPZ + BBMPZ + BMPZ + BMPZ + BMPZ + BMPZ + BDMPZ
2026-05-04 16:59:16;04-05-2026;19:02:30;399;Cancelled;KH;HMB;Talgo;16 cars (Nos. 111-126);EB + BPD + APT + AP + BPH + BP + BPT + BP + BPT + BP + BPT + BP + BPT + BP + BPT + BPD
2026-05-04 16:59:16;04-05-2026;19:03:00;1170;Scheduled;PA;KH;IC3;19 cars (Nos. 1-112);MFU + EB + BPD + BPT + BP + BPT + BP + BPT + BP + BPT + BP + BPT + BP + BPH + AP + APT + BPD + EB
2026-05-04 16:59:16;04-05-2026;19:02:30;92865;Scheduled;PA;HMB;Unknown;0 cars;
2026-05-04 18:51:49;04-05-2026;21:02:30;1199;Cancelled;KH;HMB;Talgo;17 cars (Nos. 1-111);EB + EB + BPD + APT + AP + BPH + BP + BPT + BP + BPT + BP + BPT + BP + BPT + BP + BPT + BPD
2026-05-04 18:51:49;04-05-2026;21:03:00;392;Scheduled;HMB;KH;IC3;4 cars (Nos. 71-82);MFU + MFU
2026-05-05 06:27:02;05-05-2026;09:02:30;1171;Scheduled;KH;AA;Railjet;10 cars (Nos. 1-263);EB + BDMPZ + BMPZ + BMPZ + BMPZ + BMPZ + BBMPZ + BRMPZ + AMPZ + AFMPZ
2026-05-05 06:27:02;05-05-2026;09:03:00;1198;Cancelled;HMB;KH;Talgo;17 cars (Nos. 1-111);EB + BPD + BPT + BP + BPT + BP + BPT + BP + BPT + BP + BPT + BP + BPH + AP + APT + BPD + EB
2026-05-05 06:27:02;05-05-2026;11:02:30;385;Scheduled;KH;AA;Railjet;10 cars (Nos. 1-263);EB + AFMPZ + AMPZ + BRMPZ + BBMPZ + BMPZ + BMPZ + BMPZ + BMPZ + BDMPZ
2026-05-05 06:27:02;05-05-2026;11:03:00;398;Scheduled;HMB;KH;Talgo;17 cars (Nos. 1-111);EB + BPD + BPT + BP + BPT + BP + BPT + BP + BPT + BP + BPT + BP + BPH + AP + APT + BPD + EB
2026-05-05 09:17:21;05-05-2026;13:02:30;1179;Scheduled;KH;AA;Talgo;17 cars (Nos. 1-111);EB + BPD + APT + AP + BPH + BP + BPT + BP + BPT + BP + BPT + BP + BPT + BP + BPT + BPD + EB
2026-05-05 09:17:21;05-05-2026;13:03:00;396;Cancelled;HMB;KH;Talgo;16 cars (Nos. 1-25);EB + BPD + BPT + BP + BPT + BP + BPT + BP + BPT + BP + BPT + BP + BPH + AP + APT + BPD
2026-05-05 11:36:34;05-05-2026;15:02:30;395;Scheduled;KH;HMB;IC3;4 cars (Nos. 71-82);MFU + MFU
2026-05-05 11:36:34;05-05-2026;15:03:00;1176;Scheduled;PA;KH;Railjet;10 cars (Nos. 1-263);EB + AFMPZ + AMPZ + BRMPZ + BBMPZ + BMPZ + BMPZ + BMPZ + BMPZ + BDMPZ
2026-05-05 14:22:16;05-05-2026;17:02:30;397;Scheduled;RG;HMB;Talgo;16 cars (Nos. 1-25);EB + BPD + BPT + BP + BPT + BP + BPT + BP + BPT + BP + BPT + BP + BPH + AP + APT + BPD
2026-05-05 14:22:16;05-05-2026;17:03:00;384;Scheduled;AA;KH;Railjet;10 cars (Nos. 1-263);EB + AFMPZ + AMPZ + BRMPZ + BBMPZ + BMPZ + BMPZ + BMPZ + BMPZ + BDMPZ
2026-05-05 16:52:25;05-05-2026;19:02:30;399;Cancelled;KH;HMB;Talgo;17 cars (Nos. 1-111);EB + BPD + APT + AP + BPH + BP + BPT + BP + BPT + BP + BPT + BP + BPT + BP + BPT + BPD + EB
2026-05-05 16:52:25;05-05-2026;19:03:00;1170;Scheduled;PA;KH;Talgo;17 cars (Nos. 1-111);EB + BPD + BPT + BP + BPT + BP + BPT + BP + BPT + BP + BPT + BP + BPH + AP + APT + BPD + EB
2026-05-05 20:15:39;05-05-2026;21:02:30;1199;Scheduled;KH;HMB;Talgo;17 cars (Nos. 1-111);EB + BPD + BPT + BP + BPT + BP + BPT + BP + BPT + BP + BPT + BP + BPH + AP + APT + BPD + EB
2026-05-05 18:22:49;05-05-2026;21:03:00;392;Scheduled;HMB;KH;IC3;4 cars (Nos. 71-82);MFU + MFU
2026-05-06 06:42:32;06-05-2026;09:02:30;1171;Scheduled;KH;AA;Railjet;10 cars (Nos. 1-263);EB + BDMPZ + BMPZ + BMPZ + BMPZ + BMPZ + BBMPZ + BRMPZ + AMPZ + AFMPZ
2026-05-06 06:42:32;06-05-2026;09:03:00;1198;Cancelled;HMB;KH;Talgo;17 cars (Nos. 1-111);EB + BPD + BPT + BP + BPT + BP + BPT + BP + BPT + BP + BPT + BP + BPH + AP + APT + BPD + EB
2026-05-06 06:42:32;06-05-2026;11:02:30;385;Scheduled;KH;AA;Railjet;10 cars (Nos. 1-263);EB + BDMPZ + BMPZ + BMPZ + BMPZ + BMPZ + BBMPZ + BRMPZ + AMPZ + AFMPZ
2026-05-06 06:42:32;06-05-2026;11:03:00;398;Scheduled;HMB;KH;Talgo;17 cars (Nos. 1-111);EB + BPD + APT + AP + BPH + BP + BPT + BP + BPT + BP + BPT + BP + BPT + BP + BPT + BPD + EB
2026-05-06 12:03:47;06-05-2026;13:02:30;1179;Scheduled;KH;AA;Talgo;17 cars (Nos. 1-111);EB + BPD + APT + AP + BPH + BP + BPT + BP + BPT + BP + BPT + BP + BPT + BP + BPT + BPD + EB
2026-05-06 09:35:11;06-05-2026;13:03:00;396;Scheduled;HMB;KH;Talgo;17 cars (Nos. 1-111);EB + BPD + APT + AP + BPH + BP + BPT + BP + BPT + BP + BPT + BP + BPT + BP + BPT + BPD + EB
2026-05-06 12:03:47;06-05-2026;15:02:30;395;Scheduled;KH;HMB;IC3;4 cars (Nos. 71-82);MFU + MFU
2026-05-06 12:03:47;06-05-2026;15:03:00;1176;Scheduled;PA;KH;Railjet;10 cars (Nos. 1-263);EB + AFMPZ + AMPZ + BRMPZ + BBMPZ + BMPZ + BMPZ + BMPZ + BMPZ + BDMPZ
2026-05-06 14:42:35;06-05-2026;17:02:30;397;Cancelled;KH;HMB;Talgo;15 cars (Nos. 11-25);BPD + APT + AP + BPH + BP + BPT + BP + BPT + BP + BPT + BP + BPT + BP + BPT + BPD
2026-05-06 14:42:35;06-05-2026;17:03:00;384;Scheduled;AA;KH;Railjet;10 cars (Nos. 1-263);EB + AFMPZ + AMPZ + BRMPZ + BBMPZ + BMPZ + BMPZ + BMPZ + BMPZ + BDMPZ
2026-05-06 16:52:14;06-05-2026;19:02:30;399;Scheduled;KH;HMB;Talgo;17 cars (Nos. 1-111);EB + BPD + BPT + BP + BPT + BP + BPT + BP + BPT + BP + BPT + BP + BPH + AP + APT + BPD + EB
2026-05-06 16:52:14;06-05-2026;19:03:00;1170;Scheduled;PA;KH;Talgo;17 cars (Nos. 1-111);EB + BPD + BPT + BP + BPT + BP + BPT + BP + BPT + BP + BPT + BP + BPH + AP + APT + BPD + EB
2026-05-06 18:55:10;06-05-2026;21:02:30;1199;Scheduled;KH;HMB;Talgo;17 cars (Nos. 1-111);EB + BPD + BPT + BP + BPT + BP + BPT + BP + BPT + BP + BPT + BP + BPH + AP + APT + BPD + EB
2026-05-06 18:55:10;06-05-2026;21:03:00;392;Scheduled;HMB;KH;IC3;4 cars (Nos. 71-82);MFU + MFU
2026-05-07 06:49:21;07-05-2026;09:02:30;1171;Scheduled;KH;AA;Railjet;10 cars (Nos. 1-263);EB + BDMPZ + BMPZ + BMPZ + BMPZ + BMPZ + BBMPZ + BRMPZ + AMPZ + AFMPZ
2026-05-07 06:49:21;07-05-2026;09:03:00;1198;Cancelled;HMB;KH;Talgo;16 cars (Nos. 1-25);EB + BPD + APT + AP + BPH + BP + BPT + BP + BPT + BP + BPT + BP + BPT + BP + BPT + BPD
2026-05-07 06:49:21;07-05-2026;11:02:30;385;Scheduled;KH;AA;Railjet;10 cars (Nos. 1-263);EB + BDMPZ + BMPZ + BMPZ + BMPZ + BMPZ + BBMPZ + BRMPZ + AMPZ + AFMPZ
2026-05-07 06:49:21;07-05-2026;11:03:00;398;Scheduled;HMB;KH;Talgo;16 cars (Nos. 1-25);EB + BPD + APT + AP + BPH + BP + BPT + BP + BPT + BP + BPT + BP + BPT + BP + BPT + BPD
2026-05-07 12:03:13;07-05-2026;13:02:30;1179;Cancelled;KH;AA;Talgo;17 cars (Nos. 1-111);EB + BPD + APT + AP + BPH + BP + BPT + BP + BPT + BP + BPT + BP + BPT + BP + BPT + BPD + EB
2026-05-07 09:43:47;07-05-2026;13:03:00;396;Scheduled;HMB;KH;Talgo;17 cars (Nos. 1-111);EB + BPD + APT + AP + BPH + BP + BPT + BP + BPT + BP + BPT + BP + BPT + BP + BPT + BPD + EB
2026-05-07 12:03:13;07-05-2026;15:02:30;395;Scheduled;KH;HMB;IC3;4 cars (Nos. 71-82);MFU + MFU
2026-05-07 12:03:13;07-05-2026;15:03:00;1176;Scheduled;PA;KH;Railjet;10 cars (Nos. 1-263);EB + AFMPZ + AMPZ + BRMPZ + BBMPZ + BMPZ + BMPZ + BMPZ + BMPZ + BDMPZ
2026-05-07 14:46:40;07-05-2026;17:02:30;397;Cancelled;KH;HMB;Talgo;16 cars (Nos. 1-25);EB + BPD + APT + AP + BPH + BP + BPT + BP + BPT + BP + BPT + BP + BPT + BP + BPT + BPD
2026-05-07 14:46:40;07-05-2026;17:03:00;384;Scheduled;AA;KH;Railjet;10 cars (Nos. 1-263);EB + AFMPZ + AMPZ + BRMPZ + BBMPZ + BMPZ + BMPZ + BMPZ + BMPZ + BDMPZ
2026-05-07 17:01:35;07-05-2026;19:02:30;399;Scheduled;KH;HMB;Talgo;16 cars (Nos. 1-25);EB + BPD + BPT + BP + BPT + BP + BPT + BP + BPT + BP + BPT + BP + BPH + AP + APT + BPD
2026-05-07 17:01:35;07-05-2026;19:03:00;1170;Cancelled;PA;KH;Talgo;17 cars (Nos. 1-111);EB + BPD + BPT + BP + BPT + BP + BPT + BP + BPT + BP + BPT + BP + BPH + AP + APT + BPD + EB
2026-05-07 18:57:19;07-05-2026;21:02:30;1199;Scheduled;KH;HMB;Talgo;17 cars (Nos. 1-25);EB + BPD + BPT + BP + BPT + BP + BPT + BP + BPT + BP + BPT + BP + BPH + AP + APT + BPD + EB
2026-05-07 18:57:19;07-05-2026;21:03:00;392;Scheduled;HMB;KH;IC3;4 cars (Nos. 71-82);MFU + MFU
2026-05-08 06:06:43;08-05-2026;09:02:30;1171;Scheduled;KH;AA;Railjet;10 cars (Nos. 1-263);EB + BDMPZ + BMPZ + BMPZ + BMPZ + BMPZ + BBMPZ + BRMPZ + AMPZ + AFMPZ
2026-05-08 06:06:43;08-05-2026;09:03:00;1198;Cancelled;HMB;KH;Talgo;17 cars (Nos. 1-125);EB + BPD + APT + AP + BPH + BP + BPT + BP + BPT + BP + BPT + BP + BPT + BP + BPT + BPD + EB
2026-05-08 07:55:46;08-05-2026;11:02:30;385;Scheduled;KH;AA;Railjet;10 cars (Nos. 1-263);EB + BDMPZ + BMPZ + BMPZ + BMPZ + BMPZ + BBMPZ + BRMPZ + AMPZ + AFMPZ
2026-05-08 07:55:46;08-05-2026;11:03:00;398;Scheduled;HMB;KH;Talgo;16 cars (Nos. 1-25);EB + BPD + APT + AP + BPH + BP + BPT + BP + BPT + BP + BPT + BP + BPT + BP + BPT + BPD
2026-05-08 11:43:04;08-05-2026;13:02:30;1179;Scheduled;KH;AA;Talgo;17 cars (Nos. 1-111);EB + BPD + BPT + BP + BPT + BP + BPT + BP + BPT + BP + BPT + BP + BPH + AP + APT + BPD + EB
2026-05-08 09:49:16;08-05-2026;13:03:00;396;Scheduled;HMB;KH;Talgo;16 cars (Nos. 1-25);EB + BPD + APT + AP + BPH + BP + BPT + BP + BPT + BP + BPT + BP + BPT + BP + BPT + BPD
2026-05-08 11:43:04;08-05-2026;15:02:30;395;Scheduled;KH;HMB;IC3;4 cars (Nos. 71-82);MFU + MFU
2026-05-08 11:43:04;08-05-2026;15:03:00;1176;Scheduled;PA;KH;Railjet;10 cars (Nos. 1-263);EB + AFMPZ + AMPZ + BRMPZ + BBMPZ + BMPZ + BMPZ + BMPZ + BMPZ + BDMPZ
2026-05-08 14:13:27;08-05-2026;17:02:30;397;Cancelled;KH;HMB;IC3;4 cars (Nos. 11-14);ER
2026-05-08 14:13:27;08-05-2026;17:03:00;384;Scheduled;AA;KH;Railjet;10 cars (Nos. 1-263);EB + AFMPZ + AMPZ + BRMPZ + BBMPZ + BMPZ + BMPZ + BMPZ + BMPZ + BDMPZ
2026-05-08 15:50:52;08-05-2026;19:02:30;399;Scheduled;KH;HMB;Talgo;17 cars (Nos. 1-111);EB + EB + BPD + BPT + BP + BPT + BP + BPT + BP + BPT + BP + BPT + BP + BPH + AP + APT + BPD
2026-05-08 15:50:52;08-05-2026;19:03:00;1170;Scheduled;PA;KH;Talgo;17 cars (Nos. 1-111);EB + BPD + APT + AP + BPH + BP + BPT + BP + BPT + BP + BPT + BP + BPT + BP + BPT + BPD + EB
2026-05-08 17:42:54;08-05-2026;21:02:30;1199;Scheduled;KH;HMB;Talgo;17 cars (Nos. 1-111);EB + BPD + APT + AP + BPH + BP + BPT + BP + BPT + BP + BPT + BP + BPT + BP + BPT + BPD + EB
2026-05-08 17:42:54;08-05-2026;21:03:00;392;Scheduled;HMB;KH;IC3;4 cars (Nos. 71-82);MFU + MFU
2026-05-09 06:25:46;09-05-2026;09:02:30;1171;Scheduled;KH;AA;Railjet;10 cars (Nos. 1-263);EB + BDMPZ + BMPZ + BMPZ + BMPZ + BMPZ + BBMPZ + BRMPZ + AMPZ + AFMPZ
2026-05-09 06:25:46;09-05-2026;09:03:00;1198;Scheduled;HMB;KH;Talgo;17 cars (Nos. 1-111);EB + BPD + BPT + BP + BPT + BP + BPT + BP + BPT + BP + BPT + BP + BPH + AP + APT + BPD + EB
2026-05-09 08:49:19;09-05-2026;11:02:30;385;Scheduled;KH;AA;Railjet;10 cars (Nos. 1-263);EB + BDMPZ + BMPZ + BMPZ + BMPZ + BMPZ + BBMPZ + BRMPZ + AMPZ + AFMPZ
2026-05-09 08:49:19;09-05-2026;11:03:00;398;Cancelled;HMB;KH;Talgo;17 cars (Nos. 1-111);EB + BPD + BPT + BP + BPT + BP + BPT + BP + BPT + BP + BPT + BP + BPH + AP + APT + BPD + EB
2026-05-09 10:15:12;09-05-2026;13:02:30;1179;Scheduled;KH;AA;Talgo;17 cars (Nos. 1-111);EB + BPD + BPT + BP + BPT + BP + BPT + BP + BPT + BP + BPT + BP + BPH + AP + APT + BPD + EB
2026-05-09 10:15:12;09-05-2026;13:03:00;396;Scheduled;HMB;KH;Talgo;16 cars (Nos. 1-25);EB + BPD + APT + AP + BPH + BP + BPT + BP + BPT + BP + BPT + BP + BPT + BP + BPT + BPD
2026-05-09 11:58:35;09-05-2026;15:02:30;395;Scheduled;KH;HMB;IC3;4 cars (Nos. 71-82);MFU + MFU
2026-05-09 11:58:35;09-05-2026;15:03:00;1176;Scheduled;PA;KH;Railjet;10 cars (Nos. 1-263);EB + AFMPZ + AMPZ + BRMPZ + BBMPZ + BMPZ + BMPZ + BMPZ + BMPZ + BDMPZ
2026-05-09 13:49:04;09-05-2026;17:02:30;397;Scheduled;KH;HMB;Talgo;17 cars (Nos. 1-111);EB + BPD + APT + AP + BPH + BP + BPT + BP + BPT + BP + BPT + BP + BPT + BP + BPT + BPD + EB
2026-05-09 16:05:08;09-05-2026;17:03:00;384;Scheduled;AA;KH;Railjet;10 cars (Nos. 1-263);EB + AFMPZ + AMPZ + BRMPZ + BBMPZ + BMPZ + BMPZ + BMPZ + BMPZ + BDMPZ
2026-05-09 17:09:07;09-05-2026;19:02:30;399;Scheduled;KH;HMB;Talgo;17 cars (Nos. 1-111);EB + BPD + BPT + BP + BPT + BP + BPT + BP + BPT + BP + BPT + BP + BPH + AP + APT + BPD + EB
2026-05-09 19:19:15;09-05-2026;19:03:00;1170;Scheduled;PA;KH;Talgo;17 cars (Nos. 1-111);EB + BPD + APT + AP + BPH + BP + BPT + BP + BPT + BP + BPT + BP + BPT + BP + BPT + BPD + EB
2026-05-09 19:19:15;09-05-2026;21:02:30;1199;Scheduled;KH;HMB;Talgo;17 cars (Nos. 1-111);EB + BPD + BPT + BP + BPT + BP + BPT + BP + BPT + BP + BPT + BP + BPH + AP + APT + BPD + EB
2026-05-09 18:01:22;09-05-2026;21:05:00;392;Scheduled;HMB;KH;IC3;4 cars (Nos. 71-82);MFU + MFU
2026-05-10 06:41:30;10-05-2026;09:02:30;1171;Scheduled;KH;AA;Railjet;10 cars (Nos. 1-263);EB + BDMPZ + BMPZ + BMPZ + BMPZ + BMPZ + BBMPZ + BRMPZ + AMPZ + AFMPZ
2026-05-10 06:41:30;10-05-2026;09:03:00;1198;Scheduled;HMB;KH;Talgo;16 cars (Nos. 1-25);EB + BPD + APT + AP + BPH + BP + BPT + BP + BPT + BP + BPT + BP + BPT + BP + BPT + BPD
2026-05-10 09:00:48;10-05-2026;11:02:30;385;Scheduled;KH;AA;Railjet;10 cars (Nos. 1-263);EB + BDMPZ + BMPZ + BMPZ + BMPZ + BMPZ + BBMPZ + BRMPZ + AMPZ + AFMPZ
2026-05-10 09:00:48;10-05-2026;11:03:00;398;Scheduled;HMB;KH;Talgo;17 cars (Nos. 1-111);EB + BPD + BPT + BP + BPT + BP + BPT + BP + BPT + BP + BPT + BP + BPH + AP + APT + BPD + EB
2026-05-10 10:23:01;10-05-2026;13:02:30;1179;Scheduled;KH;AA;Talgo;17 cars (Nos. 1-111);EB + BPD + BPT + BP + BPT + BP + BPT + BP + BPT + BP + BPT + BP + BPH + AP + APT + BPD + EB
2026-05-10 10:23:01;10-05-2026;13:03:00;396;Scheduled;HMB;KH;Talgo;17 cars (Nos. 1-111);EB + BPD + APT + AP + BPH + BP + BPT + BP + BPT + BP + BPT + BP + BPT + BP + BPT + BPD + EB
2026-05-10 12:00:20;10-05-2026;15:02:30;395;Scheduled;KH;HMB;IC3;4 cars (Nos. 71-82);MFU + MFU
2026-05-10 12:00:20;10-05-2026;15:03:00;1176;Scheduled;PA;KH;Railjet;10 cars (Nos. 1-263);EB + AFMPZ + AMPZ + BRMPZ + BBMPZ + BMPZ + BMPZ + BMPZ + BMPZ + BDMPZ
2026-05-10 10:23:01;10-05-2026;17:02:30;397;Scheduled;KH;HMB;Talgo;16 cars (Nos. 1-25);EB + BPD + BPT + BP + BPT + BP + BPT + BP + BPT + BP + BPT + BP + BPH + AP + APT + BPD
2026-05-10 13:52:29;10-05-2026;17:03:00;384;Scheduled;AA;KH;Railjet;10 cars (Nos. 1-263);EB + AFMPZ + AMPZ + BRMPZ + BBMPZ + BMPZ + BMPZ + BMPZ + BMPZ + BDMPZ
2026-05-10 18:02:13;10-05-2026;19:02:30;399;Scheduled;KH;HMB;Talgo;17 cars (Nos. 1-111);EB + BPD + BPT + BP + BPT + BP + BPT + BP + BPT + BP + BPT + BP + BPH + AP + APT + BPD + EB
2026-05-10 17:09:09;10-05-2026;19:03:00;1170;Scheduled;PA;KH;Talgo;17 cars (Nos. 1-111);EB + BPD + APT + AP + BPH + BP + BPT + BP + BPT + BP + BPT + BP + BPT + BP + BPT + BPD + EB
2026-05-10 18:02:13;10-05-2026;21:02:30;1199;Scheduled;KH;HMB;Talgo;17 cars (Nos. 1-111);EB + BPD + BPT + BP + BPT + BP + BPT + BP + BPT + BP + BPT + BP + BPH + AP + APT + BPD + EB
2026-05-10 18:02:13;10-05-2026;21:03:00;392;Scheduled;HMB;KH;IC3;4 cars (Nos. 71-82);MFU + MFU
2026-05-10 15:10:11;10-05-2026;17:02:30;9397;Scheduled;PA;PAGR;Unknown;0 cars;
2026-05-11 04:21:05;11-05-2026;09:02:30;1171;Scheduled;KH;AA;Railjet;10 cars (Nos. 1-263);EB + BDMPZ + BMPZ + BMPZ + BMPZ + BMPZ + BBMPZ + BRMPZ + AMPZ + AFMPZ
2026-05-11 04:21:05;11-05-2026;09:03:00;1198;Scheduled;HMB;KH;Talgo;16 cars (Nos. 1-25);EB + BPD + APT + AP + BPH + BP + BPT + BP + BPT + BP + BPT + BP + BPT + BP + BPT + BPD
2026-05-11 08:34:00;11-05-2026;11:02:30;385;Scheduled;KH;AA;Railjet;10 cars (Nos. 1-263);EB + BDMPZ + BMPZ + BMPZ + BMPZ + BMPZ + BBMPZ + BRMPZ + AMPZ + AFMPZ
2026-05-11 08:34:00;11-05-2026;11:03:00;398;Scheduled;HMB;KH;Talgo;16 cars (Nos. 1-25);EB + BPD + APT + AP + BPH + BP + BPT + BP + BPT + BP + BPT + BP + BPT + BP + BPT + BPD
2026-05-11 12:20:25;11-05-2026;13:02:30;1179;Cancelled;KH;AA;Talgo;17 cars (Nos. 1-111);EB + BPD + BPT + BP + BPT + BP + BPT + BP + BPT + BP + BPT + BP + BPH + AP + APT + BPD + EB
2026-05-11 08:34:00;11-05-2026;13:03:00;396;Scheduled;HMB;KH;Talgo;17 cars (Nos. 1-111);EB + BPD + APT + AP + BPH + BP + BPT + BP + BPT + BP + BPT + BP + BPT + BP + BPT + BPD + EB
2026-05-11 12:20:25;11-05-2026;15:02:30;395;Scheduled;KH;HMB;IC3;4 cars (Nos. 71-82);MFU + MFU
2026-05-11 12:20:25;11-05-2026;15:03:00;1176;Scheduled;PA;KH;Railjet;10 cars (Nos. 1-263);EB + AFMPZ + AMPZ + BRMPZ + BBMPZ + BMPZ + BMPZ + BMPZ + BMPZ + BDMPZ
2026-05-11 12:20:25;11-05-2026;17:02:30;397;Scheduled;KH;HMB;Talgo;16 cars (Nos. 1-25);EB + BPD + APT + AP + BPH + BP + BPT + BP + BPT + BP + BPT + BP + BPT + BP + BPT + BPD
2026-05-11 12:20:25;11-05-2026;17:03:00;384;Scheduled;AA;KH;Railjet;10 cars (Nos. 1-263);EB + BDMPZ + BMPZ + BMPZ + BMPZ + BMPZ + BBMPZ + BRMPZ + AMPZ + AFMPZ
2026-05-11 16:10:28;11-05-2026;19:02:30;399;Scheduled;KH;HMB;Talgo;16 cars (Nos. 11-111);EB + BPD + BPT + BP + BPT + BP + BPT + BP + BPT + BP + BPT + BP + BPH + AP + APT + BPD
2026-05-11 16:10:28;11-05-2026;19:03:00;1170;Cancelled;PA;KH;Talgo;17 cars (Nos. 1-111);EB + BPD + APT + AP + BPH + BP + BPT + BP + BPT + BP + BPT + BP + BPT + BP + BPT + BPD + EB
2026-05-11 18:02:26;11-05-2026;21:02:30;1199;Scheduled;KH;HMB;Talgo;17 cars (Nos. 1-111);EB + BPD + APT + AP + BPH + BP + BPT + BP + BPT + BP + BPT + BP + BPT + BP + BPT + BPD + EB
2026-05-11 18:02:26;11-05-2026;21:03:00;392;Scheduled;HMB;KH;IC3;4 cars (Nos. 71-82);MFU + MFU
2026-05-12 06:45:51;12-05-2026;09:02:30;1171;Scheduled;KH;AA;Railjet;10 cars (Nos. 1-263);EB + BDMPZ + BMPZ + BMPZ + BMPZ + BMPZ + BBMPZ + BRMPZ + AMPZ + AFMPZ
2026-05-12 06:45:51;12-05-2026;09:03:00;1198;Scheduled;HMB;KH;Talgo;17 cars (Nos. 1-111);EB + BPD + BPT + BP + BPT + BP + BPT + BP + BPT + BP + BPT + BP + BPH + AP + APT + BPD + EB
2026-05-12 06:45:51;12-05-2026;11:02:30;385;Scheduled;KH;AA;Railjet;10 cars (Nos. 1-263);EB + BDMPZ + BMPZ + BMPZ + BMPZ + BMPZ + BBMPZ + BRMPZ + AMPZ + AFMPZ
2026-05-12 06:45:51;12-05-2026;11:03:00;398;Scheduled;HMB;KH;Talgo;16 cars (Nos. 1-25);EB + BPD + APT + AP + BPH + BP + BPT + BP + BPT + BP + BPT + BP + BPT + BP + BPT + BPD
2026-05-12 09:47:46;12-05-2026;13:02:30;1179;Scheduled;KH;AA;Talgo;17 cars (Nos. 1-111);EB + BPD + APT + AP + BPH + BP + BPT + BP + BPT + BP + BPT + BP + BPT + BP + BPT + BPD + EB
2026-05-12 09:47:46;12-05-2026;13:03:00;396;Scheduled;HMB;KH;Talgo;16 cars (Nos. 1-25);EB + BPD + APT + AP + BPH + BP + BPT + BP + BPT + BP + BPT + BP + BPT + BP + BPT + BPD
2026-05-12 12:10:44;12-05-2026;15:02:30;395;Scheduled;KH;HMB;IC3;4 cars (Nos. 71-82);MFU + MFU
2026-05-12 12:10:44;12-05-2026;15:03:00;1176;Scheduled;PA;KH;Railjet;10 cars (Nos. 1-263);EB + AFMPZ + AMPZ + BRMPZ + BBMPZ + BMPZ + BMPZ + BMPZ + BMPZ + BDMPZ
2026-05-12 14:48:03;12-05-2026;17:02:30;397;Scheduled;KH;HMB;Talgo;17 cars (Nos. 1-111);EB + BPD + APT + AP + BPH + BP + BPT + BP + BPT + BP + BPT + BP + BPT + BP + BPT + BPD + EB
2026-05-12 14:48:03;12-05-2026;17:03:00;384;Scheduled;AA;KH;Railjet;10 cars (Nos. 1-263);EB + AFMPZ + AMPZ + BRMPZ + BBMPZ + BMPZ + BMPZ + BMPZ + BMPZ + BDMPZ
2026-05-12 14:48:03;12-05-2026;19:02:30;399;Scheduled;KH;HMB;Talgo;17 cars (Nos. 11-121);EB + EB + BPD + APT + AP + BPH + BP + BPT + BP + BPT + BP + BPT + BP + BPT + BP + BPT + BPD
2026-05-12 14:48:03;12-05-2026;19:03:00;1170;Scheduled;PA;KH;Talgo;17 cars (Nos. 1-111);EB + BPD + BPT + BP + BPT + BP + BPT + BP + BPT + BP + BPT + BP + BPH + AP + APT + BPD + EB
2026-05-12 17:20:32;12-05-2026;21:02:30;1199;Scheduled;KH;HMB;Talgo;16 cars (Nos. 11-111);EB + BPD + BPT + BP + BPT + BP + BPT + BP + BPT + BP + BPT + BP + BPH + AP + APT + BPD
2026-05-12 17:20:32;12-05-2026;21:03:00;392;Scheduled;HMB;KH;IC3;4 cars (Nos. 71-82);MFU + MFU
2026-05-13 07:23:16;13-05-2026;09:02:30;1171;Scheduled;KH;AA;Railjet;10 cars (Nos. 1-263);EB + BDMPZ + BMPZ + BMPZ + BMPZ + BMPZ + BBMPZ + BRMPZ + AMPZ + AFMPZ
2026-05-13 07:23:16;13-05-2026;09:03:00;1198;Scheduled;HMB;KH;Talgo;17 cars (Nos. 1-111);EB + BPD + APT + AP + BPH + BP + BPT + BP + BPT + BP + BPT + BP + BPT + BP + BPT + BPD + EB
2026-05-13 07:23:16;13-05-2026;11:02:30;385;Scheduled;KH;AA;Railjet;10 cars (Nos. 1-263);EB + BDMPZ + BMPZ + BMPZ + BMPZ + BMPZ + BBMPZ + BRMPZ + AMPZ + AFMPZ
2026-05-13 07:23:16;13-05-2026;11:03:00;398;Scheduled;HMB;KH;Talgo;17 cars (Nos. 1-111);EB + BPD + BPT + BP + BPT + BP + BPT + BP + BPT + BP + BPT + BP + BPH + AP + APT + BPD + EB
2026-05-13 10:40:10;13-05-2026;13:02:30;1179;Scheduled;KH;AA;Talgo;17 cars (Nos. 1-111);EB + BPD + APT + AP + BPH + BP + BPT + BP + BPT + BP + BPT + BP + BPT + BP + BPT + BPD + EB
2026-05-13 10:40:10;13-05-2026;13:03:00;396;Scheduled;HMB;KH;Talgo;16 cars (Nos. 1-25);EB + BPD + BPT + BP + BPT + BP + BPT + BP + BPT + BP + BPT + BP + BPH + AP + APT + BPD
2026-05-13 10:40:10;13-05-2026;15:02:30;395;Scheduled;KH;HMB;IC3;4 cars (Nos. 71-82);MFU + MFU
2026-05-13 13:26:03;13-05-2026;15:03:00;1176;Scheduled;PA;KH;Railjet;10 cars (Nos. 1-263);EB + AFMPZ + AMPZ + BRMPZ + BBMPZ + BMPZ + BMPZ + BMPZ + BMPZ + BDMPZ
2026-05-13 13:26:03;13-05-2026;17:02:30;397;Scheduled;KH;HMB;Talgo;17 cars (Nos. 1-111);EB + BPD + BPT + BP + BPT + BP + BPT + BP + BPT + BP + BPT + BP + BPH + AP + APT + BPD + EB
2026-05-13 13:26:03;13-05-2026;17:03:00;384;Scheduled;AA;KH;Railjet;10 cars (Nos. 1-263);EB + AFMPZ + AMPZ + BRMPZ + BBMPZ + BMPZ + BMPZ + BMPZ + BMPZ + BDMPZ
2026-05-13 16:31:29;13-05-2026;19:02:30;399;Scheduled;KH;HMB;Talgo;17 cars (Nos. 1-111);EB + BPD + BPT + BP + BPT + BP + BPT + BP + BPT + BP + BPT + BP + BPH + AP + APT + BPD + EB
2026-05-13 16:31:29;13-05-2026;19:03:00;1170;Scheduled;PA;KH;Talgo;17 cars (Nos. 1-111);EB + BPD + BPT + BP + BPT + BP + BPT + BP + BPT + BP + BPT + BP + BPH + AP + APT + BPD + EB
2026-05-13 19:05:00;13-05-2026;21:02:30;1199;Scheduled;KH;HMB;Talgo;16 cars (Nos. 1-25);EB + BPD + APT + AP + BPH + BP + BPT + BP + BPT + BP + BPT + BP + BPT + BP + BPT + BPD
2026-05-13 19:05:00;13-05-2026;21:03:00;392;Scheduled;HMB;KH;IC3;4 cars (Nos. 71-82);MFU + MFU
2026-05-14 06:52:07;14-05-2026;09:02:30;1171;Scheduled;KH;AA;Railjet;10 cars (Nos. 1-263);EB + BDMPZ + BMPZ + BMPZ + BMPZ + BMPZ + BBMPZ + BRMPZ + AMPZ + AFMPZ
2026-05-14 06:52:07;14-05-2026;09:03:00;1198;Scheduled;HMB;KH;Talgo;16 cars (Nos. 1-25);EB + BPD + BPT + BP + BPT + BP + BPT + BP + BPT + BP + BPT + BP + BPH + AP + APT + BPD
2026-05-14 06:52:07;14-05-2026;11:02:30;385;Scheduled;KH;AA;Railjet;10 cars (Nos. 1-263);EB + BDMPZ + BMPZ + BMPZ + BMPZ + BMPZ + BBMPZ + BRMPZ + AMPZ + AFMPZ
2026-05-14 06:52:07;14-05-2026;11:03:00;398;Scheduled;HMB;KH;Talgo;17 cars (Nos. 1-111);EB + BPD + APT + AP + BPH + BP + BPT + BP + BPT + BP + BPT + BP + BPT + BP + BPT + BPD + EB
2026-05-14 09:39:05;14-05-2026;13:02:30;1179;Scheduled;HGL;AA;Talgo;16 cars (Nos. 1-25);EB + BPD + APT + AP + BPH + BP + BPT + BP + BPT + BP + BPT + BP + BPT + BP + BPT + BPD
2026-05-14 09:39:05;14-05-2026;13:03:00;396;Scheduled;HMB;KH;Talgo;17 cars (Nos. 1-111);EB + BPD + APT + AP + BPH + BP + BPT + BP + BPT + BP + BPT + BP + BPT + BP + BPT + BPD + EB
2026-05-14 12:04:15;14-05-2026;15:02:30;395;Scheduled;KH;HMB;IC3;4 cars (Nos. 71-82);MFU + MFU
2026-05-14 12:04:15;14-05-2026;15:03:00;1176;Scheduled;PA;KH;Railjet;10 cars (Nos. 1-263);AFMPZ + AMPZ + BRMPZ + BBMPZ + BMPZ + BMPZ + BMPZ + BMPZ + BDMPZ + EB
2026-05-14 14:37:24;14-05-2026;17:02:30;397;Scheduled;KH;HMB;Talgo;17 cars (Nos. 1-111);EB + BPD + APT + AP + BPH + BP + BPT + BP + BPT + BP + BPT + BP + BPT + BP + BPT + BPD + EB
2026-05-14 14:37:24;14-05-2026;17:03:00;384;Scheduled;AA;KH;Railjet;10 cars (Nos. 1-263);EB + AFMPZ + AMPZ + BRMPZ + BBMPZ + BMPZ + BMPZ + BMPZ + BMPZ + BDMPZ
2026-05-14 14:37:24;14-05-2026;19:02:30;399;Scheduled;KH;HMB;Talgo;17 cars (Nos. 1-111);EB + BPD + BPT + BP + BPT + BP + BPT + BP + BPT + BP + BPT + BP + BPH + AP + APT + BPD + EB
2026-05-14 14:37:24;14-05-2026;19:03:00;1170;Scheduled;PA;KH;Talgo;16 cars (Nos. 1-25);EB + BPD + BPT + BP + BPT + BP + BPT + BP + BPT + BP + BPT + BP + BPH + AP + APT + BPD
2026-05-14 19:02:57;14-05-2026;21:02:30;1199;Scheduled;KH;HMB;Talgo;16 cars (Nos. 1-25);EB + BPD + APT + AP + BPH + BP + BPT + BP + BPT + BP + BPT + BP + BPT + BP + BPT + BPD
2026-05-14 19:02:57;14-05-2026;21:03:00;392;Scheduled;HMB;KH;IC3;4 cars (Nos. 71-82);MFU + MFU
2026-05-15 04:14:47;15-05-2026;09:02:30;1171;Scheduled;KH;AA;Railjet;10 cars (Nos. 1-263);EB + BDMPZ + BMPZ + BMPZ + BMPZ + BMPZ + BBMPZ + BRMPZ + AMPZ + AFMPZ
2026-05-15 04:14:47;15-05-2026;09:03:00;1198;Scheduled;HMB;KH;Talgo;16 cars (Nos. 1-25);EB + BPD + BPT + BP + BPT + BP + BPT + BP + BPT + BP + BPT + BP + BPH + AP + APT + BPD
2026-05-15 07:32:43;15-05-2026;11:02:30;385;Scheduled;KH;AA;Railjet;10 cars (Nos. 1-263);EB + BDMPZ + BMPZ + BMPZ + BMPZ + BMPZ + BBMPZ + BRMPZ + AMPZ + AFMPZ
2026-05-15 07:32:43;15-05-2026;11:03:00;398;Scheduled;HMB;KH;Talgo;17 cars (Nos. 1-25);EB + BPD + BPT + BP + BPT + BP + BPT + BP + BPT + BP + BPT + BP + BPH + AP + APT + BPD + EB
2026-05-15 10:35:42;15-05-2026;13:02:30;1179;Scheduled;KH;AA;Talgo;17 cars (Nos. 1-25);EB + BPD + BPT + BP + BPT + BP + BPT + BP + BPT + BP + BPT + BP + BPH + AP + APT + BPD + EB
2026-05-15 10:35:42;15-05-2026;13:03:00;396;Scheduled;HMB;KH;Talgo;17 cars (Nos. 1-25);EB + BPD + APT + AP + BPH + BP + BPT + BP + BPT + BP + BPT + BP + BPT + BP + BPT + BPD + EB
2026-05-15 13:02:26;15-05-2026;15:02:30;395;Scheduled;KH;HMB;IC3;4 cars (Nos. 71-82);MFU + MFU
2026-05-15 13:02:26;15-05-2026;15:03:00;1176;Scheduled;PA;KH;Railjet;10 cars (Nos. 1-263);EB + AFMPZ + AMPZ + BRMPZ + BBMPZ + BMPZ + BMPZ + BMPZ + BMPZ + BDMPZ
2026-05-15 15:26:26;15-05-2026;17:02:30;397;Scheduled;KH;HMB;Talgo;16 cars (Nos. 1-25);EB + BPD + APT + AP + BPH + BP + BPT + BP + BPT + BP + BPT + BP + BPT + BP + BPT + BPD
2026-05-15 13:02:26;15-05-2026;17:03:00;384;Scheduled;AA;KH;Railjet;10 cars (Nos. 1-263);EB + AFMPZ + AMPZ + BRMPZ + BBMPZ + BMPZ + BMPZ + BMPZ + BMPZ + BDMPZ
2026-05-15 15:26:26;15-05-2026;19:02:30;399;Scheduled;KH;HMB;IC3;4 cars (Nos. 11-14);ER
2026-05-15 15:26:26;15-05-2026;19:03:00;1170;Scheduled;PA;KH;Talgo;17 cars (Nos. 1-25);EB + BPD + APT + AP + BPH + BP + BPT + BP + BPT + BP + BPT + BP + BPT + BP + BPT + BPD + EB
2026-05-15 17:50:34;15-05-2026;21:02:30;1199;Scheduled;KH;HMB;Talgo;16 cars (Nos. 1-25);EB + BPD + APT + AP + BPH + BP + BPT + BP + BPT + BP + BPT + BP + BPT + BP + BPT + BPD
2026-05-15 17:50:34;15-05-2026;21:03:00;392;Scheduled;HMB;KH;IC3;4 cars (Nos. 71-82);MFU + MFU
2026-05-16 06:31:41;16-05-2026;09:02:30;1171;Scheduled;KH;AA;Railjet;10 cars (Nos. 1-263);EB + BDMPZ + BMPZ + BMPZ + BMPZ + BMPZ + BBMPZ + BRMPZ + AMPZ + AFMPZ
2026-05-16 06:31:41;16-05-2026;09:03:00;1198;Cancelled;HMB;KH;Talgo;16 cars (Nos. 1-25);EB + BPD + BPT + BP + BPT + BP + BPT + BP + BPT + BP + BPT + BP + BPH + AP + APT + BPD
2026-05-16 08:58:07;16-05-2026;11:02:30;385;Scheduled;KH;AA;Railjet;10 cars (Nos. 1-263);EB + BDMPZ + BMPZ + BMPZ + BMPZ + BMPZ + BBMPZ + BRMPZ + AMPZ + AFMPZ
2026-05-16 08:58:07;16-05-2026;11:03:00;398;Scheduled;HMB;KH;Talgo;16 cars (Nos. 1-25);EB + BPD + BPT + BP + BPT + BP + BPT + BP + BPT + BP + BPT + BP + BPH + AP + APT + BPD
2026-05-16 10:36:13;16-05-2026;13:02:30;1179;Scheduled;KH;AA;Talgo;17 cars (Nos. 1-111);EB + BPD + BPT + BP + BPT + BP + BPT + BP + BPT + BP + BPT + BP + BPH + AP + APT + BPD + EB
2026-05-16 10:36:13;16-05-2026;13:03:00;396;Scheduled;HMB;KH;Talgo;16 cars (Nos. 1-25);EB + BPD + BPT + BP + BPT + BP + BPT + BP + BPT + BP + BPT + BP + BPH + AP + APT + BPD
2026-05-16 12:02:08;16-05-2026;15:02:30;395;Scheduled;KH;HMB;IC3;4 cars (Nos. 71-82);MFU + MFU
2026-05-16 12:02:08;16-05-2026;15:03:00;1176;Scheduled;PA;KH;Railjet;10 cars (Nos. 1-263);EB + AFMPZ + AMPZ + BRMPZ + BBMPZ + BMPZ + BMPZ + BMPZ + BMPZ + BDMPZ
2026-05-16 15:13:11;16-05-2026;17:02:30;397;Scheduled;KH;HMB;Talgo;16 cars (Nos. 1-25);EB + BPD + APT + AP + BPH + BP + BPT + BP + BPT + BP + BPT + BP + BPT + BP + BPT + BPD
2026-05-16 13:56:20;16-05-2026;17:03:00;384;Scheduled;AA;KH;Railjet;10 cars (Nos. 1-263);EB + AFMPZ + AMPZ + BRMPZ + BBMPZ + BMPZ + BMPZ + BMPZ + BMPZ + BDMPZ
2026-05-16 16:07:53;16-05-2026;19:02:30;399;Scheduled;KH;HMB;Talgo;16 cars (Nos. 1-25);EB + BPD + BPT + BP + BPT + BP + BPT + BP + BPT + BP + BPT + BP + BPH + AP + APT + BPD
2026-05-16 16:07:53;16-05-2026;19:03:00;1170;Scheduled;PA;KH;Talgo;17 cars (Nos. 1-111);EB + EB + BPD + APT + AP + BPH + BP + BPT + BP + BPT + BP + BPT + BP + BPT + BP + BPT + BPD
2026-05-16 18:04:30;16-05-2026;21:05:00;392;Scheduled;HMB;KH;IC3;4 cars (Nos. 71-82);MFU + MFU
2026-05-17 04:17:43;17-05-2026;09:02:30;1171;Scheduled;KH;AA;Railjet;10 cars (Nos. 1-263);EB + BDMPZ + BMPZ + BMPZ + BMPZ + BMPZ + BBMPZ + BRMPZ + AMPZ + AFMPZ
2026-05-17 07:42:40;17-05-2026;11:02:30;385;Scheduled;KH;AA;Railjet;10 cars (Nos. 1-263);EB + BDMPZ + BMPZ + BMPZ + BMPZ + BMPZ + BBMPZ + BRMPZ + AMPZ + AFMPZ
2026-05-17 07:42:40;17-05-2026;11:03:00;398;Scheduled;HMB;KH;Talgo;16 cars (Nos. 1-25);EB + BPD + BPT + BP + BPT + BP + BPT + BP + BPT + BP + BPT + BP + BPH + AP + APT + BPD
2026-05-17 09:58:14;17-05-2026;13:02:30;1179;Scheduled;KH;AA;Talgo;16 cars (Nos. 1-25);EB + BPD + BPT + BP + BPT + BP + BPT + BP + BPT + BP + BPT + BP + BPH + AP + APT + BPD
2026-05-17 11:22:57;17-05-2026;13:03:00;396;Scheduled;HMB;KH;Talgo;16 cars (Nos. 1-25);EB + BPD + APT + AP + BPH + BP + BPT + BP + BPT + BP + BPT + BP + BPT + BP + BPT + BPD
2026-05-17 11:22:57;17-05-2026;15:02:30;395;Scheduled;KH;HMB;IC3;4 cars (Nos. 71-82);MFU + MFU
2026-05-17 11:22:57;17-05-2026;15:03:00;1176;Scheduled;PA;KH;Railjet;10 cars (Nos. 1-263);EB + AFMPZ + AMPZ + BRMPZ + BBMPZ + BMPZ + BMPZ + BMPZ + BMPZ + BDMPZ
2026-05-17 13:54:28;17-05-2026;17:02:30;397;Scheduled;KH;HMB;Talgo;17 cars (Nos. 1-111);EB + BPD + BPT + BP + BPT + BP + BPT + BP + BPT + BP + BPT + BP + BPH + AP + APT + BPD + EB
2026-05-17 15:14:46;17-05-2026;17:03:00;384;Scheduled;AA;KH;Railjet;10 cars (Nos. 1-263);EB + AFMPZ + AMPZ + BRMPZ + BBMPZ + BMPZ + BMPZ + BMPZ + BMPZ + BDMPZ
2026-05-17 17:11:37;17-05-2026;19:02:30;399;Scheduled;KH;HMB;Talgo;17 cars (Nos. 1-111);EB + EB + BPD + APT + AP + BPH + BP + BPT + BP + BPT + BP + BPT + BP + BPT + BP + BPT + BPD
2026-05-17 17:11:37;17-05-2026;19:03:00;1170;Scheduled;PA;KH;Talgo;16 cars (Nos. 1-25);EB + BPD + APT + AP + BPH + BP + BPT + BP + BPT + BP + BPT + BP + BPT + BP + BPT + BPD
2026-05-17 18:08:18;17-05-2026;21:03:00;392;Scheduled;HMB;KH;IC3;4 cars (Nos. 71-82);MFU + MFU
2026-05-18 04:38:35;18-05-2026;09:02:30;1171;Scheduled;KH;AA;Railjet;10 cars (Nos. 1-263);EB + BDMPZ + BMPZ + BMPZ + BMPZ + BMPZ + BBMPZ + BRMPZ + AMPZ + AFMPZ
2026-05-18 08:51:05;18-05-2026;11:02:30;385;Scheduled;KH;AA;Railjet;10 cars (Nos. 1-263);EB + BDMPZ + BMPZ + BMPZ + BMPZ + BMPZ + BBMPZ + BRMPZ + AMPZ + AFMPZ
2026-05-18 08:51:05;18-05-2026;11:03:00;398;Scheduled;HMB;KH;Talgo;17 cars (Nos. 1-111);EB + BPD + APT + AP + BPH + BP + BPT + BP + BPT + BP + BPT + BP + BPT + BP + BPT + BPD + EB
2026-05-18 08:51:05;18-05-2026;13:02:30;1179;Scheduled;KH;AA;Talgo;16 cars (Nos. 1-25);EB + BPD + BPT + BP + BPT + BP + BPT + BP + BPT + BP + BPT + BP + BPH + AP + APT + BPD
2026-05-18 08:51:05;18-05-2026;13:03:00;396;Scheduled;HMB;KH;Talgo;16 cars (Nos. 1-25);EB + BPD + BPT + BP + BPT + BP + BPT + BP + BPT + BP + BPT + BP + BPH + AP + APT + BPD
2026-05-18 12:46:25;18-05-2026;15:02:30;395;Scheduled;KH;HMB;IC3;4 cars (Nos. 71-82);MFU + MFU
2026-05-18 12:46:25;18-05-2026;15:03:00;1176;Scheduled;PA;KH;Railjet;10 cars (Nos. 1-263);AFMPZ + AMPZ + BRMPZ + BBMPZ + BMPZ + BMPZ + BMPZ + BMPZ + BDMPZ + EB
2026-05-18 12:46:25;18-05-2026;17:02:30;397;Scheduled;KH;HMB;Talgo;17 cars (Nos. 1-111);EB + BPD + BPT + BP + BPT + BP + BPT + BP + BPT + BP + BPT + BP + BPH + AP + APT + BPD + EB
2026-05-18 12:46:25;18-05-2026;17:03:00;384;Scheduled;AA;KH;Railjet;10 cars (Nos. 1-263);EB + AFMPZ + AMPZ + BRMPZ + BBMPZ + BMPZ + BMPZ + BMPZ + BMPZ + BDMPZ
2026-05-18 16:32:21;18-05-2026;19:02:30;399;Scheduled;KH;HMB;Talgo;17 cars (Nos. 1-111);EB + BPD + BPT + BP + BPT + BP + BPT + BP + BPT + BP + BPT + BP + BPH + AP + APT + BPD + EB
2026-05-18 16:32:21;18-05-2026;19:03:00;1170;Scheduled;PA;KH;Talgo;16 cars (Nos. 1-25);EB + BPD + APT + AP + BPH + BP + BPT + BP + BPT + BP + BPT + BP + BPT + BP + BPT + BPD
2026-05-18 20:42:43;18-05-2026;21:02:30;1199;Scheduled;KH;HMB;Talgo;16 cars (Nos. 1-25);EB + BPD + APT + AP + BPH + BP + BPT + BP + BPT + BP + BPT + BP + BPT + BP + BPT + BPD
2026-05-18 20:42:43;18-05-2026;21:03:00;392;Scheduled;HMB;KH;IC3;4 cars (Nos. 71-82);MFU + MFU
2026-05-19 04:21:43;19-05-2026;09:02:30;1171;Scheduled;KH;#PH;Unknown;0 cars;
2026-05-19 04:21:43;19-05-2026;09:03:00;1198;Scheduled;HMB;KH;Talgo;16 cars (Nos. 1-25);EB + BPD + BPT + BP + BPT + BP + BPT + BP + BPT + BP + BPT + BP + BPH + AP + APT + BPD
2026-05-19 08:37:04;19-05-2026;11:02:30;385;Scheduled;KH;AA;Railjet;10 cars (Nos. 1-263);EB + BDMPZ + BMPZ + BMPZ + BMPZ + BMPZ + BBMPZ + BRMPZ + AMPZ + AFMPZ
2026-05-19 08:37:04;19-05-2026;11:03:00;398;Scheduled;HMB;KH;Talgo;17 cars (Nos. 1-111);EB + BPD + APT + AP + BPH + BP + BPT + BP + BPT + BP + BPT + BP + BPT + BP + BPT + BPD + EB
2026-05-19 08:37:04;19-05-2026;13:02:30;1179;Scheduled;KH;AA;Talgo;16 cars (Nos. 1-25);EB + BPD + APT + AP + BPH + BP + BPT + BP + BPT + BP + BPT + BP + BPT + BP + BPT + BPD
2026-05-19 08:37:04;19-05-2026;13:03:00;396;Scheduled;HMB;KH;Talgo;17 cars (Nos. 1-111);EB + BPD + APT + AP + BPH + BP + BPT + BP + BPT + BP + BPT + BP + BPT + BP + BPT + BPD + EB
2026-05-19 12:18:53;19-05-2026;15:02:30;395;Scheduled;KH;HMB;IC3;4 cars (Nos. 71-82);MFU + MFU
2026-05-19 12:18:53;19-05-2026;15:03:00;1176;Scheduled;PA;KH;Railjet;10 cars (Nos. 1-263);AFMPZ + AMPZ + BRMPZ + BBMPZ + BMPZ + BMPZ + BMPZ + BMPZ + BDMPZ + EB
2026-05-19 12:18:53;19-05-2026;17:02:30;397;Scheduled;KH;HMB;Talgo;17 cars (Nos. 1-111);EB + BPD + BPT + BP + BPT + BP + BPT + BP + BPT + BP + BPT + BP + BPH + AP + APT + BPD + EB
2026-05-19 12:18:53;19-05-2026;17:03:00;384;Scheduled;AA;KH;Railjet;10 cars (Nos. 1-263);EB + AFMPZ + AMPZ + BRMPZ + BBMPZ + BMPZ + BMPZ + BMPZ + BMPZ + BDMPZ
2026-05-19 16:30:13;19-05-2026;19:02:30;399;Scheduled;KH;HMB;Talgo;17 cars (Nos. 2-111);EB + BPD + APT + AP + BPH + BP + BPT + BP + BPT + BP + BPT + BP + BPT + BP + BPT + BPD + EB
2026-05-19 16:30:13;19-05-2026;19:03:00;1170;Scheduled;PA;KH;Talgo;16 cars (Nos. 1-25);EB + BPD + BPT + BP + BPT + BP + BPT + BP + BPT + BP + BPT + BP + BPH + AP + APT + BPD
2026-05-19 16:30:13;19-05-2026;21:02:30;1199;Scheduled;KH;HMB;Talgo;16 cars (Nos. 1-25);EB + BPD + APT + AP + BPH + BP + BPT + BP + BPT + BP + BPT + BP + BPT + BP + BPT + BPD
2026-05-19 19:15:46;19-05-2026;21:03:00;392;Scheduled;PA;KH;IC3;8 cars (Nos. 71-84);ER + ER
2026-05-20 04:33:33;20-05-2026;09:02:30;1171;Scheduled;PA;AA;IC3;12 cars (Nos. 11-24);MFU + MFU + ER + ER
2026-05-20 04:33:33;20-05-2026;09:03:00;1198;Scheduled;PA;KH;IC3;12 cars (Nos. 11-24);ER + ER + MFU + MFU
2026-05-20 08:34:08;20-05-2026;11:02:30;385;Scheduled;KH;AA;Railjet;10 cars (Nos. 1-263);EB + BDMPZ + BMPZ + BMPZ + BMPZ + BMPZ + BBMPZ + BRMPZ + AMPZ + AFMPZ
2026-05-20 08:34:08;20-05-2026;11:03:00;398;Scheduled;HMB;KH;Talgo;16 cars (Nos. 1-25);EB + BPD + APT + AP + BPH + BP + BPT + BP + BPT + BP + BPT + BP + BPT + BP + BPT + BPD
2026-05-20 08:34:08;20-05-2026;13:02:30;1179;Scheduled;KH;AA;Talgo;17 cars (Nos. 1-111);EB + BPD + APT + AP + BPH + BP + BPT + BP + BPT + BP + BPT + BP + BPT + BP + BPT + BPD + EB
2026-05-20 08:34:08;20-05-2026;13:03:00;396;Scheduled;HMB;KH;Talgo;16 cars (Nos. 1-25);EB + BPD + BPT + BP + BPT + BP + BPT + BP + BPT + BP + BPT + BP + BPH + AP + APT + BPD
2026-05-20 12:02:05;20-05-2026;15:02:30;395;Scheduled;KH;HMB;IC3;4 cars (Nos. 71-82);MFU + MFU
2026-05-20 12:02:05;20-05-2026;15:03:00;1176;Scheduled;PA;KH;IC3;4 cars (Nos. 51-54);MFU + MFU
2026-05-20 12:02:05;20-05-2026;17:02:30;397;Scheduled;KH;HMB;Talgo;16 cars (Nos. 1-25);EB + BPD + APT + AP + BPH + BP + BPT + BP + BPT + BP + BPT + BP + BPT + BP + BPT + BPD
2026-05-20 12:02:05;20-05-2026;17:03:00;384;Scheduled;AA;KH;Railjet;10 cars (Nos. 1-263);EB + AFMPZ + AMPZ + BRMPZ + BBMPZ + BMPZ + BMPZ + BMPZ + BMPZ + BDMPZ
2026-05-20 15:52:33;20-05-2026;19:02:30;399;Scheduled;KH;HMB;Talgo;17 cars (Nos. 1-111);EB + BPD + BPT + BP + BPT + BP + BPT + BP + BPT + BP + BPT + BP + BPH + AP + APT + BPD + EB
2026-05-20 15:52:33;20-05-2026;19:03:00;1170;Scheduled;PA;KH;Talgo;17 cars (Nos. 1-111);EB + BPD + BPT + BP + BPT + BP + BPT + BP + BPT + BP + BPT + BP + BPH + AP + APT + BPD + EB
2026-05-20 12:02:05;20-05-2026;21:02:30;1199;Scheduled;KH;HMB;Talgo;16 cars (Nos. 1-25);EB + BPD + APT + AP + BPH + BP + BPT + BP + BPT + BP + BPT + BP + BPT + BP + BPT + BPD
2026-05-20 18:29:13;20-05-2026;21:03:00;392;Scheduled;PA;KH;IC3;8 cars (Nos. 71-122);MFU + MFU + MFU + MFU
2026-05-21 05:18:33;21-05-2026;09:02:30;1171;Scheduled;KH;AA;Railjet;10 cars (Nos. 1-263);EB + BDMPZ + BMPZ + BMPZ + BMPZ + BMPZ + BBMPZ + BRMPZ + AMPZ + AFMPZ
2026-05-21 05:18:33;21-05-2026;09:03:00;1198;Cancelled (Replaced by 951198);HMB;KH;Unknown;0 cars;
2026-05-21 05:18:33;21-05-2026;09:03:00;951198;Cancelled;PA;KH;Unknown;0 cars;
2026-05-20 22:42:07;21-05-2026;11:02:30;385;Scheduled;KH;AA;Railjet;10 cars (Nos. 1-263);EB + AFMPZ + AMPZ + BRMPZ + BBMPZ + BMPZ + BMPZ + BMPZ + BMPZ + BDMPZ
2026-05-21 05:18:33;21-05-2026;11:03:00;398;Scheduled;HMB;KH;Talgo;16 cars (Nos. 1-25);EB + BPD + BPT + BP + BPT + BP + BPT + BP + BPT + BP + BPT + BP + BPH + AP + APT + BPD
2026-05-21 10:01:07;21-05-2026;13:02:30;1179;Scheduled;KH;AA;Talgo;16 cars (Nos. 1-25);EB + BPD + APT + AP + BPH + BP + BPT + BP + BPT + BP + BPT + BP + BPT + BP + BPT + BPD
2026-05-21 10:01:07;21-05-2026;13:03:00;396;Scheduled;HMB;KH;Talgo;16 cars (Nos. 1-25);EB + BPD + APT + AP + BPH + BP + BPT + BP + BPT + BP + BPT + BP + BPT + BP + BPT + BPD
2026-05-21 10:01:07;21-05-2026;15:02:30;395;Scheduled;KH;HMB;IC3;4 cars (Nos. 71-82);MFU + MFU
2026-05-21 13:30:28;21-05-2026;15:03:00;1176;Scheduled;PAGR;KH;Railjet;10 cars (Nos. 1-263);AFMPZ + AMPZ + BRMPZ + BBMPZ + BMPZ + BMPZ + BMPZ + BMPZ + BDMPZ + EB
2026-05-21 13:30:28;21-05-2026;17:02:30;397;Scheduled;KH;HMB;Talgo;16 cars (Nos. 1-25);EB + BPD + APT + AP + BPH + BP + BPT + BP + BPT + BP + BPT + BP + BPT + BP + BPT + BPD
2026-05-21 13:30:28;21-05-2026;17:03:00;384;Scheduled;AA;KH;Railjet;10 cars (Nos. 1-263);EB + AFMPZ + AMPZ + BRMPZ + BBMPZ + BMPZ + BMPZ + BMPZ + BMPZ + BDMPZ
2026-05-21 16:47:02;21-05-2026;19:02:30;399;Scheduled;KH;HMB;Talgo;16 cars (Nos. 1-25);EB + BPD + APT + AP + BPH + BP + BPT + BP + BPT + BP + BPT + BP + BPT + BP + BPT + BPD
2026-05-21 16:47:02;21-05-2026;19:03:00;1170;Scheduled;PA;KH;Talgo;16 cars (Nos. 1-25);EB + BPD + BPT + BP + BPT + BP + BPT + BP + BPT + BP + BPT + BP + BPH + AP + APT + BPD
2026-05-21 16:47:02;21-05-2026;21:02:30;1199;Scheduled;KH;HMB;Talgo;17 cars (Nos. 1-111);EB + EB + BPD + BPT + BP + BPT + BP + BPT + BP + BPT + BP + BPT + BP + BPH + AP + APT + BPD
2026-05-21 16:47:02;21-05-2026;21:03:00;392;Scheduled;HMB;KH;IC3;4 cars (Nos. 71-82);MFU + MFU
2026-05-22 04:35:01;22-05-2026;08:02:30;1191;Scheduled;KH;HMB;IC3;6 cars (Nos. 51-56);MFU + MFU + MFU
2026-05-22 04:35:01;22-05-2026;09:02:30;1171;Scheduled;KH;AA;Railjet;10 cars (Nos. 1-263);EB + BDMPZ + BMPZ + BMPZ + BMPZ + BMPZ + BBMPZ + BRMPZ + AMPZ + AFMPZ
2026-05-22 04:35:01;22-05-2026;09:03:00;1198;Scheduled;HMB;KH;Talgo;17 cars (Nos. 1-111);EB + BPD + APT + AP + BPH + BP + BPT + BP + BPT + BP + BPT + BP + BPT + BP + BPT + BPD + EB
2026-05-22 08:30:28;22-05-2026;11:02:30;385;Scheduled;KH;AA;IC3;18 cars (Nos. 1-263);EB + BDMPZ + BMPZ + BMPZ + BMPZ + BMPZ + BBMPZ + BRMPZ + AMPZ + AFMPZ + ER + ER
2026-05-22 08:30:28;22-05-2026;11:03:00;398;Scheduled;HMB;KH;Talgo;16 cars (Nos. 1-25);EB + BPD + BPT + BP + BPT + BP + BPT + BP + BPT + BP + BPT + BP + BPH + AP + APT + BPD
2026-05-22 11:52:51;22-05-2026;13:02:30;1179;Scheduled;KH;AA;Talgo;17 cars (Nos. 111-136);EB + BPD + APT + AP + BPH + BP + BPT + BP + BPT + BP + BPT + BP + BPT + BP + BPT + BPD + EB
2026-05-22 08:30:28;22-05-2026;13:03:00;396;Scheduled;HMB;KH;Talgo;16 cars (Nos. 1-25);EB + BPD + BPT + BP + BPT + BP + BPT + BP + BPT + BP + BPT + BP + BPH + AP + APT + BPD
2026-05-22 11:52:51;22-05-2026;14:03:00;1196;Scheduled;HMB;KH;IC3;6 cars (Nos. 51-56);MFU + MFU + MFU
2026-05-22 11:52:51;22-05-2026;15:02:30;395;Cancelled;PA;HMB;Vectron-hauled;1 cars (Nos. 1-1);EB
2026-05-22 11:52:51;22-05-2026;15:03:00;1176;Scheduled;PA;KH;Railjet;10 cars (Nos. 1-263);EB + AFMPZ + AMPZ + BRMPZ + BBMPZ + BMPZ + BMPZ + BMPZ + BMPZ + BDMPZ
2026-05-22 15:18:32;22-05-2026;17:02:30;397;Scheduled;KH;HMB;Talgo;17 cars (Nos. 1-111);EB + BPD + BPT + BP + BPT + BP + BPT + BP + BPT + BP + BPT + BP + BPH + AP + APT + BPD + EB
2026-05-22 15:18:32;22-05-2026;17:03:00;384;Cancelled;#PH;KH;Railjet;9 cars (Nos. 255-263);AFMPZ + AMPZ + BRMPZ + BBMPZ + BMPZ + BMPZ + BMPZ + BMPZ + BDMPZ
2026-05-22 15:18:32;22-05-2026;19:02:30;399;Scheduled;KH;HMB;Talgo;16 cars (Nos. 111-135);EB + BPD + APT + AP + BPH + BP + BPT + BP + BPT + BP + BPT + BP + BPT + BP + BPT + BPD
2026-05-25 04:48:31;25-05-2026;08:02:30;1191;Scheduled;KH;HMB;Talgo;16 cars (Nos. 2-25);BPD + APT + AP + BPH + BP + BPT + BP + BPT + BP + BPT + BP + BPT + BP + BPT + BPD + EB
2026-05-25 04:48:31;25-05-2026;09:02:30;1171;Cancelled (Replaced by 2905);KH;AA;IC3;4 cars (Nos. 11-22);MFU + MFU
2026-05-25 04:48:31;25-05-2026;09:03:00;1198;Scheduled;HMB;KH;Talgo;16 cars (Nos. 1-25);EB + BPD + BPT + BP + BPT + BP + BPT + BP + BPT + BP + BPT + BP + BPH + AP + APT + BPD
2026-05-25 04:48:31;25-05-2026;11:02:30;385;Scheduled;KH;AA;Railjet;10 cars (Nos. 1-263);EB + BDMPZ + BMPZ + BMPZ + BMPZ + BMPZ + BBMPZ + BRMPZ + AMPZ + AFMPZ
2026-05-25 04:48:31;25-05-2026;11:03:00;398;Scheduled;HMB;KH;Talgo;16 cars (Nos. 1-25);EB + BPD + APT + AP + BPH + BP + BPT + BP + BPT + BP + BPT + BP + BPT + BP + BPT + BPD
2026-05-25 04:48:31;25-05-2026;13:03:00;396;Scheduled;HMB;KH;Talgo;16 cars (Nos. 1-25);EB + BPD + BPT + BP + BPT + BP + BPT + BP + BPT + BP + BPT + BP + BPH + AP + APT + BPD
2026-05-25 04:48:31;25-05-2026;14:03:00;1196;Scheduled;HMB;KH;Talgo;16 cars (Nos. 1-25);EB + BPD + BPT + BP + BPT + BP + BPT + BP + BPT + BP + BPT + BP + BPH + AP + APT + BPD
2026-05-25 12:42:46;25-05-2026;15:02:30;395;Scheduled;KH;HMB;IC3;4 cars (Nos. 71-82);MFU + MFU
2026-05-25 12:42:46;25-05-2026;15:03:00;1176;Scheduled;PA;KH;IC3;4 cars (Nos. 11-22);MFU + MFU
2026-05-25 12:42:46;25-05-2026;17:02:30;397;Scheduled;KH;HMB;Talgo;17 cars (Nos. 1-111);EB + EB + BPD + APT + AP + BPH + BP + BPT + BP + BPT + BP + BPT + BP + BPT + BP + BPT + BPD
2026-05-25 12:42:46;25-05-2026;17:03:00;384;Scheduled;AA;KH;Talgo;16 cars (Nos. 1-269);EB + BPD + BPT + BP + BPT + BP + BPT + BP + BPT + BP + BPT + BP + BPH + AP + APT + BPD
2026-05-25 16:02:08;25-05-2026;19:02:30;399;Scheduled;KH;HMB;Talgo;17 cars (Nos. 1-111);EB + EB + BPD + BPT + BP + BPT + BP + BPT + BP + BPT + BP + BPT + BP + BPH + AP + APT + BPD
2026-05-25 16:02:08;25-05-2026;19:03:00;1170;Scheduled;PA;KH;Railjet;10 cars (Nos. 1-19);EB + AFMPZ + AMPZ + BRMPZ + BBMPZ + BMPZ + BMPZ + BMPZ + BMPZ + BDMPZ
2026-05-25 19:56:05;25-05-2026;21:02:30;1199;Scheduled;KH;HMB;Talgo;16 cars (Nos. 11-111);EB + BPD + APT + AP + BPH + BP + BPT + BP + BPT + BP + BPT + BP + BPT + BP + BPT + BPD
2026-05-25 17:52:22;25-05-2026;21:03:00;392;Scheduled;HMB;KH;IC3;4 cars (Nos. 71-82);MFU + MFU
2026-05-26 04:22:27;26-05-2026;08:02:30;1191;Scheduled;KH;HMB;Talgo;17 cars (Nos. 1-111);EB + BPD + APT + AP + BPH + BP + BPT + BP + BPT + BP + BPT + BP + BPT + BP + BPT + BPD + EB
2026-05-26 04:22:27;26-05-2026;09:02:30;1171;Scheduled;KH;AA;Railjet;10 cars (Nos. 1-263);EB + BDMPZ + BMPZ + BMPZ + BMPZ + BMPZ + BBMPZ + BRMPZ + AMPZ + AFMPZ
2026-05-26 04:22:27;26-05-2026;09:03:00;1198;Scheduled;HMB;KH;Talgo;16 cars (Nos. 1-25);EB + BPD + BPT + BP + BPT + BP + BPT + BP + BPT + BP + BPT + BP + BPH + AP + APT + BPD
2026-05-25 23:19:35;26-05-2026;11:02:30;385;Scheduled;KH;AA;Railjet;10 cars (Nos. 1-263);EB + AFMPZ + AMPZ + BRMPZ + BBMPZ + BMPZ + BMPZ + BMPZ + BMPZ + BDMPZ
2026-05-26 08:41:13;26-05-2026;11:03:00;398;Scheduled;HMB;KH;Talgo;16 cars (Nos. 1-25);EB + BPD + BPT + BP + BPT + BP + BPT + BP + BPT + BP + BPT + BP + BPH + AP + APT + BPD
2026-05-26 08:41:13;26-05-2026;13:02:30;1179;Cancelled;KH;#PH;Talgo;15 cars (Nos. 11-25);BPD + APT + AP + BPH + BP + BPT + BP + BPT + BP + BPT + BP + BPT + BP + BPT + BPD
2026-05-26 08:41:13;26-05-2026;13:03:00;396;Scheduled;HMB;KH;Talgo;17 cars (Nos. 1-111);EB + BPD + APT + AP + BPH + BP + BPT + BP + BPT + BP + BPT + BP + BPT + BP + BPT + BPD + EB
2026-05-26 08:41:13;26-05-2026;14:03:00;1196;Scheduled;HMB;KH;Talgo;17 cars (Nos. 1-25);EB + BPD + BPT + BP + BPT + BP + BPT + BP + BPT + BP + BPT + BP + BPH + AP + APT + BPD + EB
2026-05-26 08:41:13;26-05-2026;15:02:30;395;Scheduled;KH;HMB;IC3;4 cars (Nos. 71-82);MFU + MFU
2026-05-26 08:41:13;26-05-2026;15:03:00;1176;Scheduled;PA;KH;Railjet;10 cars (Nos. 1-263);EB + AFMPZ + AMPZ + BRMPZ + BBMPZ + BMPZ + BMPZ + BMPZ + BMPZ + BDMPZ
2026-05-26 16:51:25;26-05-2026;17:02:30;397;Scheduled;KH;HMB;Talgo;16 cars (Nos. 1-25);EB + BPD + APT + AP + BPH + BP + BPT + BP + BPT + BP + BPT + BP + BPT + BP + BPT + BPD
2026-05-26 08:41:13;26-05-2026;17:03:00;384;Scheduled;AA;KH;Railjet;10 cars (Nos. 1-263);EB + AFMPZ + AMPZ + BRMPZ + BBMPZ + BMPZ + BMPZ + BMPZ + BMPZ + BDMPZ
2026-05-26 16:51:25;26-05-2026;19:02:30;399;Scheduled;KH;HMB;Talgo;16 cars (Nos. 1-25);EB + BPD + APT + AP + BPH + BP + BPT + BP + BPT + BP + BPT + BP + BPT + BP + BPT + BPD
2026-05-26 16:51:25;26-05-2026;19:03:00;1170;Cancelled;AA;KH;Talgo;15 cars (Nos. 11-25);BPD + BPT + BP + BPT + BP + BPT + BP + BPT + BP + BPT + BP + BPH + AP + APT + BPD
2026-05-26 19:26:49;26-05-2026;21:02:30;1199;Scheduled;KH;HMB;Talgo;17 cars (Nos. 1-25);EB + BPD + BPT + BP + BPT + BP + BPT + BP + BPT + BP + BPT + BP + BPH + AP + APT + BPD + EB
2026-05-26 16:51:25;26-05-2026;21:03:00;8390;Scheduled;HMB;KH;IC3;4 cars (Nos. 71-82);MFU + MFU
2026-05-27 04:45:19;27-05-2026;08:02:30;1191;Scheduled;KH;HMB;Talgo;16 cars (Nos. 1-25);EB + BPD + APT + AP + BPH + BP + BPT + BP + BPT + BP + BPT + BP + BPT + BP + BPT + BPD
2026-05-27 04:45:19;27-05-2026;09:02:30;1171;Scheduled;KH;AA;Railjet;10 cars (Nos. 1-263);EB + BDMPZ + BMPZ + BMPZ + BMPZ + BMPZ + BBMPZ + BRMPZ + AMPZ + AFMPZ
2026-05-27 04:45:19;27-05-2026;09:03:00;1198;Scheduled;HMB;KH;Talgo;16 cars (Nos. 1-25);EB + BPD + BPT + BP + BPT + BP + BPT + BP + BPT + BP + BPT + BP + BPH + AP + APT + BPD
2026-05-27 08:47:06;27-05-2026;11:02:30;385;Scheduled;KH;AA;Railjet;10 cars (Nos. 1-263);EB + BDMPZ + BMPZ + BMPZ + BMPZ + BMPZ + BBMPZ + BRMPZ + AMPZ + AFMPZ
2026-05-27 08:47:06;27-05-2026;11:03:00;398;Scheduled;HMB;KH;Talgo;16 cars (Nos. 1-25);EB + BPD + BPT + BP + BPT + BP + BPT + BP + BPT + BP + BPT + BP + BPH + AP + APT + BPD
2026-05-27 08:47:06;27-05-2026;13:02:30;1179;Cancelled (Replaced by 396);PA;PAGR;IC3;25 cars (Nos. 11-121);EB + BPD + APT + AP + BPH + BP + BPT + BP + BPT + BP + BPT + BP + BPT + BP + BPT + BPD + EB + ER + ER
2026-05-27 08:47:06;27-05-2026;13:03:00;396;Cancelled (Replaced by 1179);PA;KH;IC3;25 cars (Nos. 1-111);ER + ER + EB + BPD + BPT + BP + BPT + BP + BPT + BP + BPT + BP + BPT + BP + BPH + AP + APT + BPD + EB
2026-05-27 08:47:06;27-05-2026;14:03:00;1196;Scheduled;HMB;KH;Talgo;17 cars (Nos. 1-25);EB + BPD + BPT + BP + BPT + BP + BPT + BP + BPT + BP + BPT + BP + BPH + AP + APT + BPD + EB
2026-05-27 12:30:27;27-05-2026;15:02:30;395;Scheduled;KH;HMB;IC3;4 cars (Nos. 71-82);MFU + MFU
2026-05-27 12:30:27;27-05-2026;15:03:00;1176;Scheduled;PA;KH;Railjet;10 cars (Nos. 1-263);EB + AFMPZ + AMPZ + BRMPZ + BBMPZ + BMPZ + BMPZ + BMPZ + BMPZ + BDMPZ
2026-05-27 12:30:27;27-05-2026;17:02:30;397;Scheduled;KH;HMB;Unknown;6 cars (Nos. 11-111);ABS + BK + B + B + B + EB
2026-05-27 12:30:27;27-05-2026;17:03:00;384;Scheduled;AA;KH;Railjet;10 cars (Nos. 1-263);EB + AFMPZ + AMPZ + BRMPZ + BBMPZ + BMPZ + BMPZ + BMPZ + BMPZ + BDMPZ
2026-05-27 16:45:07;27-05-2026;19:02:30;399;Cancelled;KH;HMB;Talgo;16 cars (Nos. 1-25);EB + BPD + APT + AP + BPH + BP + BPT + BP + BPT + BP + BPT + BP + BPT + BP + BPT + BPD
2026-05-27 16:45:07;27-05-2026;19:03:00;1170;Scheduled;AA;KH;Talgo;17 cars (Nos. 1-111);EB + BPD + BPT + BP + BPT + BP + BPT + BP + BPT + BP + BPT + BP + BPH + AP + APT + BPD + EB
2026-05-27 19:32:04;27-05-2026;21:02:30;1199;Scheduled;KH;HMB;Talgo;16 cars (Nos. 1-25);EB + BPD + APT + AP + BPH + BP + BPT + BP + BPT + BP + BPT + BP + BPT + BP + BPT + BPD
2026-05-27 19:32:04;27-05-2026;21:03:00;8390;Scheduled;HMB;KH;IC3;4 cars (Nos. 71-82);MFU + MFU
2026-05-28 04:35:50;28-05-2026;08:02:30;1191;Scheduled;KH;HMB;Talgo;16 cars (Nos. 1-25);EB + BPD + APT + AP + BPH + BP + BPT + BP + BPT + BP + BPT + BP + BPT + BP + BPT + BPD
2026-05-28 04:35:50;28-05-2026;09:02:30;1171;Scheduled;KH;AA;Railjet;10 cars (Nos. 1-263);EB + BDMPZ + BMPZ + BMPZ + BMPZ + BMPZ + BBMPZ + BRMPZ + AMPZ + AFMPZ
2026-05-28 04:35:50;28-05-2026;09:03:00;1198;Scheduled;HMB;KH;Talgo;16 cars (Nos. 1-25);EB + BPD + BPT + BP + BPT + BP + BPT + BP + BPT + BP + BPT + BP + BPH + AP + APT + BPD
2026-05-28 08:51:40;28-05-2026;11:02:30;385;Scheduled;KH;AA;Railjet;10 cars (Nos. 1-263);EB + BDMPZ + BMPZ + BMPZ + BMPZ + BMPZ + BBMPZ + BRMPZ + AMPZ + AFMPZ
2026-05-28 08:51:40;28-05-2026;11:03:00;398;Cancelled;HMB;KH;Talgo;16 cars (Nos. 1-25);EB + BPD + BPT + BP + BPT + BP + BPT + BP + BPT + BP + BPT + BP + BPH + AP + APT + BPD
2026-05-28 08:51:40;28-05-2026;13:02:30;1179;Scheduled;KH;#PH;Talgo;17 cars (Nos. 1-25);EB + BPD + BPT + BP + BPT + BP + BPT + BP + BPT + BP + BPT + BP + BPH + AP + APT + BPD + EB
2026-05-28 08:51:40;28-05-2026;13:03:00;396;Cancelled;HMB;KH;Talgo;16 cars (Nos. 1-25);EB + BPD + BPT + BP + BPT + BP + BPT + BP + BPT + BP + BPT + BP + BPH + AP + APT + BPD
2026-05-28 08:51:40;28-05-2026;14:03:00;1196;Scheduled;HMB;KH;Talgo;17 cars (Nos. 1-25);EB + BPD + BPT + BP + BPT + BP + BPT + BP + BPT + BP + BPT + BP + BPH + AP + APT + BPD + EB
2026-05-28 12:43:19;28-05-2026;15:02:30;395;Scheduled;RG;HMB;IC3;4 cars (Nos. 71-82);MFU + MFU
2026-05-28 12:43:19;28-05-2026;15:03:00;1176;Scheduled;PA;KH;Railjet;10 cars (Nos. 1-263);EB + AFMPZ + AMPZ + BRMPZ + BBMPZ + BMPZ + BMPZ + BMPZ + BMPZ + BDMPZ
2026-05-28 12:43:19;28-05-2026;17:02:30;397;Cancelled;KH;HMB;IC3;4 cars (Nos. 1-4);ER
2026-05-28 12:43:19;28-05-2026;17:03:00;384;Scheduled;AA;KH;Railjet;10 cars (Nos. 1-263);EB + AFMPZ + AMPZ + BRMPZ + BBMPZ + BMPZ + BMPZ + BMPZ + BMPZ + BDMPZ
2026-05-28 17:00:57;28-05-2026;19:02:30;399;Scheduled;PA;HMB;IC3;25 cars (Nos. 1-114);EB + EB + BPD + APT + AP + BPH + BP + BPT + BP + BPT + BP + BPT + BP + BPT + BP + BPT + BPD + ER + ER
2026-05-28 17:00:57;28-05-2026;19:03:00;1170;Scheduled;AA;KH;Talgo;17 cars (Nos. 1-111);EB + EB + BPD + BPT + BP + BPT + BP + BPT + BP + BPT + BP + BPT + BP + BPH + AP + APT + BPD
2026-05-28 19:43:39;28-05-2026;21:02:30;1199;Scheduled;KH;HMB;Talgo;16 cars (Nos. 2-25);BPD + APT + AP + BPH + BP + BPT + BP + BPT + BP + BPT + BP + BPT + BP + BPT + BPD + EB
2026-05-28 17:00:57;28-05-2026;21:03:00;8390;Scheduled;HMB;KH;IC3;4 cars (Nos. 71-82);MFU + MFU
2026-05-29 04:39:20;29-05-2026;08:02:30;1191;Cancelled;KH;HMB;Unknown;5 cars (Nos. 1-14);EB + B + B + BK + ABS
2026-05-29 04:39:20;29-05-2026;09:02:30;1171;Scheduled;KH;AA;Railjet;10 cars (Nos. 1-263);EB + BDMPZ + BMPZ + BMPZ + BMPZ + BMPZ + BBMPZ + BRMPZ + AMPZ + AFMPZ
2026-05-29 04:39:20;29-05-2026;09:03:00;1198;Scheduled;PA;KH;Unknown;5 cars (Nos. 1-14);ABS + BK + B + B + EB
2026-05-29 08:50:04;29-05-2026;11:02:30;385;Scheduled;KH;AA;Railjet;10 cars (Nos. 1-263);EB + BDMPZ + BMPZ + BMPZ + BMPZ + BMPZ + BBMPZ + BRMPZ + AMPZ + AFMPZ
2026-05-29 08:50:04;29-05-2026;11:03:00;398;Scheduled;HMB;KH;Talgo;16 cars (Nos. 1-25);EB + BPD + BPT + BP + BPT + BP + BPT + BP + BPT + BP + BPT + BP + BPH + AP + APT + BPD
2026-05-29 08:50:04;29-05-2026;13:02:30;1179;Cancelled;KH;#PH;IC3;8 cars (Nos. 11-24);ER + ER
2026-05-29 08:50:04;29-05-2026;13:03:00;396;Scheduled;HMB;KH;Talgo;16 cars (Nos. 1-25);EB + BPD + BPT + BP + BPT + BP + BPT + BP + BPT + BP + BPT + BP + BPH + AP + APT + BPD
2026-05-29 08:50:04;29-05-2026;14:03:00;1196;Scheduled;PA;KH;IC3;8 cars (Nos. 11-24);ER + ER
2026-05-29 12:25:42;29-05-2026;15:02:30;395;Scheduled;KH;HMB;IC3;4 cars (Nos. 71-82);MFU + MFU
2026-05-29 12:25:42;29-05-2026;15:03:00;1176;Scheduled;PA;KH;Railjet;10 cars (Nos. 1-263);EB + AFMPZ + AMPZ + BRMPZ + BBMPZ + BMPZ + BMPZ + BMPZ + BMPZ + BDMPZ
2026-05-29 12:25:42;29-05-2026;17:02:30;397;Scheduled;KH;HMB;Talgo;16 cars (Nos. 1-25);EB + BPD + APT + AP + BPH + BP + BPT + BP + BPT + BP + BPT + BP + BPT + BP + BPT + BPD
2026-05-29 12:25:42;29-05-2026;17:03:00;384;Scheduled;AA;KH;Railjet;10 cars (Nos. 1-263);EB + AFMPZ + AMPZ + BRMPZ + BBMPZ + BMPZ + BMPZ + BMPZ + BMPZ + BDMPZ
2026-05-29 16:52:17;29-05-2026;19:02:30;399;Scheduled;KH;HMB;Talgo;16 cars (Nos. 1-25);EB + BPD + BPT + BP + BPT + BP + BPT + BP + BPT + BP + BPT + BP + BPH + AP + APT + BPD
2026-05-29 16:52:17;29-05-2026;19:03:00;1170;Cancelled;AA;KH;Talgo;16 cars (Nos. 1-25);EB + BPD + BPT + BP + BPT + BP + BPT + BP + BPT + BP + BPT + BP + BPH + AP + APT + BPD
2026-05-29 19:38:56;29-05-2026;21:02:30;1199;Cancelled;KH;HMB;Unknown;0 cars;
2026-05-29 16:52:17;29-05-2026;21:03:00;392;Scheduled;HMB;KH;IC3;4 cars (Nos. 71-82);MFU + MFU
2026-05-30 04:14:15;30-05-2026;08:02:30;1191;Cancelled;KH;HMB;Talgo;16 cars (Nos. 1-25);EB + BPD + BPT + BP + BPT + BP + BPT + BP + BPT + BP + BPT + BP + BPH + AP + APT + BPD
2026-05-30 04:14:15;30-05-2026;09:02:30;1171;Scheduled;KH;AA;Railjet;10 cars (Nos. 1-263);EB + BDMPZ + BMPZ + BMPZ + BMPZ + BMPZ + BBMPZ + BRMPZ + AMPZ + AFMPZ
2026-05-30 04:14:15;30-05-2026;09:03:00;1198;Scheduled;HMB;KH;Talgo;16 cars (Nos. 1-25);EB + BPD + BPT + BP + BPT + BP + BPT + BP + BPT + BP + BPT + BP + BPH + AP + APT + BPD
2026-05-30 07:18:24;30-05-2026;11:02:30;385;Scheduled;KH;AA;Railjet;10 cars (Nos. 1-263);EB + BDMPZ + BMPZ + BMPZ + BMPZ + BMPZ + BBMPZ + BRMPZ + AMPZ + AFMPZ
2026-05-30 07:18:24;30-05-2026;11:03:00;398;Scheduled;HMB;KH;Talgo;16 cars (Nos. 1-25);EB + BPD + BPT + BP + BPT + BP + BPT + BP + BPT + BP + BPT + BP + BPH + AP + APT + BPD
2026-05-30 10:13:44;30-05-2026;13:03:00;396;Cancelled;HMB;KH;Vectron-hauled;1 cars (Nos. 1-1);EB
2026-05-30 11:44:04;30-05-2026;14:03:00;1196;Cancelled;HMB;KH;Talgo;17 cars (Nos. 1-25);EB + BPD + APT + AP + BPH + BP + BPT + BP + BPT + BP + BPT + BP + BPT + BP + BPT + BPD + EB
2026-05-30 11:44:04;30-05-2026;15:02:30;395;Scheduled;KH;HMB;IC3;4 cars (Nos. 71-82);MFU + MFU
2026-05-30 11:44:04;30-05-2026;15:03:00;1176;Scheduled;PA;KH;Railjet;10 cars (Nos. 1-263);EB + AFMPZ + AMPZ + BRMPZ + BBMPZ + BMPZ + BMPZ + BMPZ + BMPZ + BDMPZ
2026-05-30 14:01:37;30-05-2026;17:02:30;397;Scheduled;KH;HMB;Talgo;17 cars (Nos. 1-111);EB + EB + BPD + BPT + BP + BPT + BP + BPT + BP + BPT + BP + BPT + BP + BPH + AP + APT + BPD
2026-05-30 14:01:37;30-05-2026;17:03:00;384;Scheduled;AA;KH;Railjet;10 cars (Nos. 1-263);EB + AFMPZ + AMPZ + BRMPZ + BBMPZ + BMPZ + BMPZ + BMPZ + BMPZ + BDMPZ
2026-05-30 15:21:33;30-05-2026;19:02:30;399;Scheduled;KH;HMB;Talgo;16 cars (Nos. 1-25);EB + BPD + APT + AP + BPH + BP + BPT + BP + BPT + BP + BPT + BP + BPT + BP + BPT + BPD
2026-05-30 17:18:57;30-05-2026;21:02:30;1199;Scheduled;KH;HMB;Talgo;16 cars (Nos. 1-25);EB + BPD + APT + AP + BPH + BP + BPT + BP + BPT + BP + BPT + BP + BPT + BP + BPT + BPD
2026-05-30 17:18:57;30-05-2026;21:05:00;392;Scheduled;HMB;KH;IC3;4 cars (Nos. 71-82);MFU + MFU
2026-05-31 04:49:28;31-05-2026;08:02:30;1191;Cancelled;KH;HMB;Talgo;16 cars (Nos. 1-25);EB + BPD + APT + AP + BPH + BP + BPT + BP + BPT + BP + BPT + BP + BPT + BP + BPT + BPD
2026-05-31 04:49:28;31-05-2026;09:02:30;1171;Scheduled;KH;AA;Railjet;10 cars (Nos. 1-263);EB + BDMPZ + BMPZ + BMPZ + BMPZ + BMPZ + BBMPZ + BRMPZ + AMPZ + AFMPZ
2026-05-31 04:49:28;31-05-2026;09:03:00;1198;Scheduled;HMB;KH;Talgo;16 cars (Nos. 1-25);EB + BPD + BPT + BP + BPT + BP + BPT + BP + BPT + BP + BPT + BP + BPH + AP + APT + BPD
2026-05-31 08:20:58;31-05-2026;11:02:30;385;Scheduled;KH;AA;Railjet;10 cars (Nos. 1-263);EB + BDMPZ + BMPZ + BMPZ + BMPZ + BMPZ + BBMPZ + BRMPZ + AMPZ + AFMPZ
2026-05-31 08:20:58;31-05-2026;11:03:00;398;Scheduled;HMB;KH;Talgo;16 cars (Nos. 1-25);EB + BPD + APT + AP + BPH + BP + BPT + BP + BPT + BP + BPT + BP + BPT + BP + BPT + BPD
2026-05-31 11:05:16;31-05-2026;13:03:00;396;Scheduled;HMB;KH;Talgo;16 cars (Nos. 1-25);EB + BPD + BPT + BP + BPT + BP + BPT + BP + BPT + BP + BPT + BP + BPH + AP + APT + BPD
2026-05-31 11:05:16;31-05-2026;14:03:00;1196;Cancelled;HMB;KH;Vectron-hauled;1 cars (Nos. 1-1);EB
2026-05-31 12:18:31;31-05-2026;15:02:30;395;Scheduled;KH;HMB;IC3;4 cars (Nos. 71-82);MFU + MFU
2026-05-31 12:18:31;31-05-2026;15:03:00;1176;Scheduled;PA;KH;Railjet;10 cars (Nos. 1-263);EB + AFMPZ + AMPZ + BRMPZ + BBMPZ + BMPZ + BMPZ + BMPZ + BMPZ + BDMPZ
2026-05-31 14:54:04;31-05-2026;17:02:30;397;Scheduled;KH;HMB;Talgo;16 cars (Nos. 1-25);EB + BPD + APT + AP + BPH + BP + BPT + BP + BPT + BP + BPT + BP + BPT + BP + BPT + BPD
2026-05-31 14:54:04;31-05-2026;17:03:00;384;Scheduled;AA;KH;Railjet;10 cars (Nos. 1-263);EB + AFMPZ + AMPZ + BRMPZ + BBMPZ + BMPZ + BMPZ + BMPZ + BMPZ + BDMPZ
2026-05-31 16:21:37;31-05-2026;19:02:30;399;Scheduled;KH;HMB;Talgo;16 cars (Nos. 1-25);EB + BPD + BPT + BP + BPT + BP + BPT + BP + BPT + BP + BPT + BP + BPH + AP + APT + BPD
2026-05-31 19:40:58;31-05-2026;21:02:30;1199;Scheduled;PA;HMB;Unknown;0 cars;
2026-05-31 18:15:03;31-05-2026;21:03:00;392;Scheduled;HMB;KH;IC3;4 cars (Nos. 71-82);MFU + MFU
2026-06-01 05:12:33;01-06-2026;08:02:30;1191;Scheduled;KH;HMB;Talgo;17 cars (Nos. 1-111);EB + BPD + BPT + BP + BPT + BP + BPT + BP + BPT + BP + BPT + BP + BPH + AP + APT + BPD + EB
2026-06-01 05:12:33;01-06-2026;09:02:30;1171;Scheduled;KH;AA;Railjet;10 cars (Nos. 1-263);EB + BDMPZ + BMPZ + BMPZ + BMPZ + BMPZ + BBMPZ + BRMPZ + AMPZ + AFMPZ
2026-06-01 05:12:33;01-06-2026;09:03:00;1198;Scheduled;HMB;KH;Talgo;16 cars (Nos. 1-25);EB + BPD + BPT + BP + BPT + BP + BPT + BP + BPT + BP + BPT + BP + BPH + AP + APT + BPD
2026-06-01 05:12:33;01-06-2026;11:02:30;385;Scheduled;KH;AA;Railjet;10 cars (Nos. 1-263);EB + BDMPZ + BMPZ + BMPZ + BMPZ + BMPZ + BBMPZ + BRMPZ + AMPZ + AFMPZ
2026-06-01 05:12:33;01-06-2026;11:03:00;398;Scheduled;HMB;KH;Talgo;16 cars (Nos. 1-25);EB + BPD + BPT + BP + BPT + BP + BPT + BP + BPT + BP + BPT + BP + BPH + AP + APT + BPD
2026-06-01 10:30:36;01-06-2026;13:03:00;396;Scheduled;HMB;KH;Talgo;16 cars (Nos. 1-25);EB + BPD + APT + AP + BPH + BP + BPT + BP + BPT + BP + BPT + BP + BPT + BP + BPT + BPD
2026-06-01 10:30:36;01-06-2026;14:03:00;1196;Scheduled;HMB;FA;Talgo;17 cars (Nos. 1-25);EB + BPD + APT + AP + BPH + BP + BPT + BP + BPT + BP + BPT + BP + BPT + BP + BPT + BPD + EB
2026-06-01 10:30:36;01-06-2026;15:02:30;395;Scheduled;KH;HMB;IC3;4 cars (Nos. 71-82);MFU + MFU
2026-06-01 10:30:36;01-06-2026;15:03:00;1176;Scheduled;AA;KH;Railjet;10 cars (Nos. 1-263);EB + AFMPZ + AMPZ + BRMPZ + BBMPZ + BMPZ + BMPZ + BMPZ + BMPZ + BDMPZ
2026-06-01 10:30:36;01-06-2026;17:02:30;397;Cancelled;KH;HMB;Talgo;20 cars (Nos. 1-114);EB + BPD + BPT + BP + BPT + BP + BPT + BP + BPT + BP + BPT + BP + BPH + AP + APT + BPD + ABS + BK + B + B
2026-06-01 10:30:36;01-06-2026;17:03:00;384;Scheduled;AA;KH;Railjet;10 cars (Nos. 1-263);EB + AFMPZ + AMPZ + BRMPZ + BBMPZ + BMPZ + BMPZ + BMPZ + BMPZ + BDMPZ
2026-06-01 16:45:32;01-06-2026;19:02:30;399;Scheduled;KH;HMB;Talgo;16 cars (Nos. 1-25);EB + BPD + BPT + BP + BPT + BP + BPT + BP + BPT + BP + BPT + BP + BPH + AP + APT + BPD
2026-06-01 16:45:32;01-06-2026;21:02:30;1199;Scheduled;FA;HMB;Talgo;17 cars (Nos. 1-25);EB + BPD + BPT + BP + BPT + BP + BPT + BP + BPT + BP + BPT + BP + BPH + AP + APT + BPD + EB
2026-06-01 16:45:32;01-06-2026;21:03:00;392;Scheduled;HMB;KH;IC3;4 cars (Nos. 71-82);MFU + MFU
2026-06-02 01:35:01;02-06-2026;08:02:30;1191;Scheduled;KH;HMB;Talgo;17 cars (Nos. 1-111);EB + BPD + BPT + BP + BPT + BP + BPT + BP + BPT + BP + BPT + BP + BPH + AP + APT + BPD + EB
2026-06-02 06:53:02;02-06-2026;09:02:30;1171;Scheduled;KH;AA;Railjet;10 cars (Nos. 1-263);EB + BDMPZ + BMPZ + BMPZ + BMPZ + BMPZ + BBMPZ + BRMPZ + AMPZ + AFMPZ
2026-06-02 06:53:02;02-06-2026;09:03:00;1198;Cancelled;PA;KH;Talgo;16 cars (Nos. 1-25);EB + BPD + BPT + BP + BPT + BP + BPT + BP + BPT + BP + BPT + BP + BPH + AP + APT + BPD
2026-06-02 06:53:02;02-06-2026;11:02:30;385;Scheduled;KH;AA;Railjet;10 cars (Nos. 1-263);EB + BDMPZ + BMPZ + BMPZ + BMPZ + BMPZ + BBMPZ + BRMPZ + AMPZ + AFMPZ
2026-06-02 06:53:02;02-06-2026;11:03:00;398;Cancelled;HMB;KH;Talgo;15 cars (Nos. 11-25);BPD + BPT + BP + BPT + BP + BPT + BP + BPT + BP + BPT + BP + BPH + AP + APT + BPD
2026-06-02 06:53:02;02-06-2026;13:03:00;396;Scheduled;HMB;KH;Talgo;16 cars (Nos. 1-25);EB + BPD + APT + AP + BPH + BP + BPT + BP + BPT + BP + BPT + BP + BPT + BP + BPT + BPD
2026-06-02 11:40:24;02-06-2026;14:03:00;1196;Scheduled;HMB;FA;Talgo;17 cars (Nos. 1-25);EB + BPD + BPT + BP + BPT + BP + BPT + BP + BPT + BP + BPT + BP + BPH + AP + APT + BPD + EB
2026-06-02 11:40:24;02-06-2026;15:02:30;395;Scheduled;KH;HMB;IC3;4 cars (Nos. 71-82);MFU + MFU
2026-06-02 11:40:24;02-06-2026;15:03:00;1176;Scheduled;AA;KH;Railjet;10 cars (Nos. 1-263);EB + AFMPZ + AMPZ + BRMPZ + BBMPZ + BMPZ + BMPZ + BMPZ + BMPZ + BDMPZ
2026-06-02 11:40:24;02-06-2026;17:02:30;397;Scheduled;KH;HMB;Talgo;16 cars (Nos. 1-25);EB + BPD + BPT + BP + BPT + BP + BPT + BP + BPT + BP + BPT + BP + BPH + AP + APT + BPD
2026-06-02 11:40:24;02-06-2026;17:03:00;384;Scheduled;AA;KH;Railjet;10 cars (Nos. 1-263);EB + AFMPZ + AMPZ + BRMPZ + BBMPZ + BMPZ + BMPZ + BMPZ + BMPZ + BDMPZ
2026-06-02 16:52:51;02-06-2026;19:02:30;399;Scheduled;KH;HMB;Talgo;16 cars (Nos. 1-25);EB + BPD + BPT + BP + BPT + BP + BPT + BP + BPT + BP + BPT + BP + BPH + AP + APT + BPD
2026-06-02 16:52:51;02-06-2026;21:02:30;1199;Cancelled;FA;HMB;Talgo;17 cars (Nos. 1-25);EB + BPD + APT + AP + BPH + BP + BPT + BP + BPT + BP + BPT + BP + BPT + BP + BPT + BPD + EB
2026-06-02 16:52:51;02-06-2026;21:03:00;392;Scheduled;HMB;KH;IC3;4 cars (Nos. 71-82);MFU + MFU
2026-06-02 16:52:51;02-06-2026;21:02:30;2887;Scheduled;FA;HMB;Talgo;17 cars (Nos. 1-25);EB + BPD + APT + AP + BPH + BP + BPT + BP + BPT + BP + BPT + BP + BPT + BP + BPT + BPD + EB
2026-06-03 07:03:54;03-06-2026;08:02:30;1191;Scheduled;KH;HMB;Talgo;17 cars (Nos. 1-111);EB + BPD + BPT + BP + BPT + BP + BPT + BP + BPT + BP + BPT + BP + BPH + AP + APT + BPD + EB
2026-06-03 07:03:54;03-06-2026;09:02:30;1171;Scheduled;KH;AA;Railjet;10 cars (Nos. 1-263);EB + BDMPZ + BMPZ + BMPZ + BMPZ + BMPZ + BBMPZ + BRMPZ + AMPZ + AFMPZ
2026-06-03 07:03:54;03-06-2026;09:03:00;1198;Cancelled;PA;KH;Talgo;16 cars (Nos. 1-25);EB + BPD + BPT + BP + BPT + BP + BPT + BP + BPT + BP + BPT + BP + BPH + AP + APT + BPD
2026-06-03 07:03:54;03-06-2026;11:02:30;385;Scheduled;KH;AA;Railjet;10 cars (Nos. 1-263);EB + BDMPZ + BMPZ + BMPZ + BMPZ + BMPZ + BBMPZ + BRMPZ + AMPZ + AFMPZ
2026-06-03 07:03:54;03-06-2026;11:03:00;398;Scheduled;HMB;KH;Talgo;16 cars (Nos. 1-25);EB + BPD + APT + AP + BPH + BP + BPT + BP + BPT + BP + BPT + BP + BPT + BP + BPT + BPD
2026-06-03 07:03:54;03-06-2026;13:03:00;396;Scheduled;HMB;KH;Talgo;17 cars (Nos. 1-111);EB + BPD + APT + AP + BPH + BP + BPT + BP + BPT + BP + BPT + BP + BPT + BP + BPT + BPD + EB
2026-06-03 12:05:27;03-06-2026;14:03:00;1196;Scheduled;HMB;FA;Talgo;17 cars (Nos. 1-25);EB + BPD + BPT + BP + BPT + BP + BPT + BP + BPT + BP + BPT + BP + BPH + AP + APT + BPD + EB
2026-06-03 12:05:27;03-06-2026;15:02:30;395;Scheduled;KH;HMB;IC3;4 cars (Nos. 71-82);MFU + MFU
2026-06-03 12:05:27;03-06-2026;15:03:00;1176;Scheduled;AA;KH;Railjet;10 cars (Nos. 1-263);EB + AFMPZ + AMPZ + BRMPZ + BBMPZ + BMPZ + BMPZ + BMPZ + BMPZ + BDMPZ
2026-06-03 12:05:27;03-06-2026;17:02:30;397;Cancelled;PA;HMB;Talgo;17 cars (Nos. 1-111);EB + BPD + APT + AP + BPH + BP + BPT + BP + BPT + BP + BPT + BP + BPT + BP + BPT + BPD + EB
2026-06-03 12:05:27;03-06-2026;17:03:00;384;Scheduled;AA;KH;Railjet;10 cars (Nos. 1-263);EB + AFMPZ + AMPZ + BRMPZ + BBMPZ + BMPZ + BMPZ + BMPZ + BMPZ + BDMPZ
2026-06-03 12:05:27;03-06-2026;19:02:30;399;Scheduled;KH;HMB;Talgo;17 cars (Nos. 1-111);EB + BPD + BPT + BP + BPT + BP + BPT + BP + BPT + BP + BPT + BP + BPH + AP + APT + BPD + EB
2026-06-03 17:12:06;03-06-2026;21:02:30;1199;Scheduled;FA;HMB;Talgo;17 cars (Nos. 1-25);EB + BPD + APT + AP + BPH + BP + BPT + BP + BPT + BP + BPT + BP + BPT + BP + BPT + BPD + EB
2026-06-03 17:12:06;03-06-2026;21:03:00;392;Scheduled;HMB;KH;IC3;4 cars (Nos. 71-82);MFU + MFU
2026-06-04 01:47:08;04-06-2026;08:02:30;1191;Scheduled;KH;HMB;Talgo;17 cars (Nos. 1-111);EB + BPD + BPT + BP + BPT + BP + BPT + BP + BPT + BP + BPT + BP + BPH + AP + APT + BPD + EB
2026-06-04 06:53:39;04-06-2026;09:02:30;1171;Scheduled;KH;AA;Railjet;10 cars (Nos. 1-263);EB + BDMPZ + BMPZ + BMPZ + BMPZ + BMPZ + BBMPZ + BRMPZ + AMPZ + AFMPZ
2026-06-04 06:53:39;04-06-2026;09:03:00;1198;Cancelled;HMB;KH;Talgo;16 cars (Nos. 1-25);EB + BPD + BPT + BP + BPT + BP + BPT + BP + BPT + BP + BPT + BP + BPH + AP + APT + BPD
2026-06-04 06:53:39;04-06-2026;11:02:30;385;Scheduled;KH;AA;Railjet;10 cars (Nos. 1-263);EB + BDMPZ + BMPZ + BMPZ + BMPZ + BMPZ + BBMPZ + BRMPZ + AMPZ + AFMPZ
2026-06-04 06:53:39;04-06-2026;11:03:00;398;Scheduled;HMB;KH;Talgo;16 cars (Nos. 1-25);EB + BPD + APT + AP + BPH + BP + BPT + BP + BPT + BP + BPT + BP + BPT + BP + BPT + BPD
2026-06-04 10:43:39;04-06-2026;13:03:00;396;Cancelled;HMB;KH;Vectron-hauled;2 cars (Nos. 1-111);EB + EB
2026-06-04 10:43:39;04-06-2026;14:03:00;1196;Scheduled;HMB;FA;Talgo;17 cars (Nos. 1-25);EB + BPD + APT + AP + BPH + BP + BPT + BP + BPT + BP + BPT + BP + BPT + BP + BPT + BPD + EB
2026-06-04 10:43:39;04-06-2026;15:02:30;395;Scheduled;KH;HMB;IC3;4 cars (Nos. 71-82);MFU + MFU
2026-06-04 10:43:39;04-06-2026;15:03:00;1176;Scheduled;AA;KH;Railjet;10 cars (Nos. 1-263);EB + AFMPZ + AMPZ + BRMPZ + BBMPZ + BMPZ + BMPZ + BMPZ + BMPZ + BDMPZ
2026-06-04 14:08:46;04-06-2026;17:02:30;397;Scheduled;RG;HMB;Talgo;16 cars (Nos. 1-25);EB + BPD + APT + AP + BPH + BP + BPT + BP + BPT + BP + BPT + BP + BPT + BP + BPT + BPD
2026-06-04 14:08:46;04-06-2026;17:03:00;384;Cancelled;AA;KH;Railjet;10 cars (Nos. 1-263);EB + AFMPZ + AMPZ + BRMPZ + BBMPZ + BMPZ + BMPZ + BMPZ + BMPZ + BDMPZ
2026-06-04 14:08:46;04-06-2026;19:02:30;399;Scheduled;KH;HMB;Talgo;16 cars (Nos. 1-25);EB + BPD + BPT + BP + BPT + BP + BPT + BP + BPT + BP + BPT + BP + BPH + AP + APT + BPD
2026-06-04 17:20:38;04-06-2026;21:02:30;1199;Scheduled;FA;HMB;Talgo;17 cars (Nos. 1-25);EB + BPD + BPT + BP + BPT + BP + BPT + BP + BPT + BP + BPT + BP + BPH + AP + APT + BPD + EB
2026-06-04 17:20:38;04-06-2026;21:03:00;392;Scheduled;HMB;KH;IC3;4 cars (Nos. 71-82);MFU + MFU
2026-06-05 05:46:16;05-06-2026;08:02:30;1191;Scheduled;KH;HMB;Talgo;17 cars (Nos. 1-111);EB + BPD + APT + AP + BPH + BP + BPT + BP + BPT + BP + BPT + BP + BPT + BP + BPT + BPD + EB
2026-06-05 05:46:16;05-06-2026;09:02:30;1171;Cancelled;PA;AA;Vectron-hauled;1 cars (Nos. 1-1);EB
2026-06-05 05:46:16;05-06-2026;09:03:00;1198;Scheduled;HMB;KH;Talgo;16 cars (Nos. 1-25);EB + BPD + APT + AP + BPH + BP + BPT + BP + BPT + BP + BPT + BP + BPT + BP + BPT + BPD
2026-06-05 05:46:16;05-06-2026;11:02:30;385;Scheduled;KH;AA;Railjet;10 cars (Nos. 1-263);EB + BDMPZ + BMPZ + BMPZ + BMPZ + BMPZ + BBMPZ + BRMPZ + AMPZ + AFMPZ
2026-06-05 05:46:16;05-06-2026;11:03:00;398;Scheduled;HMB;KH;Talgo;17 cars (Nos. 1-111);EB + EB + BPD + BPT + BP + BPT + BP + BPT + BP + BPT + BP + BPT + BP + BPH + AP + APT + BPD
2026-06-05 10:13:24;05-06-2026;13:03:00;396;Cancelled;PA;KH;Talgo;17 cars (Nos. 1-111);EB + BPD + APT + AP + BPH + BP + BPT + BP + BPT + BP + BPT + BP + BPT + BP + BPT + BPD + EB
2026-06-05 10:13:24;05-06-2026;14:03:00;1196;Scheduled;HMB;FA;Talgo;17 cars (Nos. 1-25);EB + BPD + BPT + BP + BPT + BP + BPT + BP + BPT + BP + BPT + BP + BPH + AP + APT + BPD + EB
2026-06-05 12:50:18;05-06-2026;15:02:30;395;Scheduled;KH;HMB;IC3;4 cars (Nos. 71-82);MFU + MFU
2026-06-05 12:50:18;05-06-2026;15:03:00;1176;Scheduled;AA;KH;Railjet;10 cars (Nos. 1-263);EB + BDMPZ + BMPZ + BMPZ + BMPZ + BMPZ + BBMPZ + BRMPZ + AMPZ + AFMPZ
2026-06-05 12:50:18;05-06-2026;17:02:30;397;Scheduled;KH;HMB;Talgo;16 cars (Nos. 1-25);EB + BPD + BPT + BP + BPT + BP + BPT + BP + BPT + BP + BPT + BP + BPH + AP + APT + BPD
2026-06-05 12:50:18;05-06-2026;17:03:00;384;Scheduled;AA;KH;Railjet;10 cars (Nos. 1-263);EB + AFMPZ + AMPZ + BRMPZ + BBMPZ + BMPZ + BMPZ + BMPZ + BMPZ + BDMPZ
2026-06-05 16:07:49;05-06-2026;19:02:30;399;Scheduled;KH;HMB;Talgo;17 cars (Nos. 1-111);EB + EB + BPD + APT + AP + BPH + BP + BPT + BP + BPT + BP + BPT + BP + BPT + BP + BPT + BPD
2026-06-05 18:05:48;05-06-2026;21:02:30;1199;Scheduled;FA;HMB;Talgo;17 cars (Nos. 1-25);EB + BPD + APT + AP + BPH + BP + BPT + BP + BPT + BP + BPT + BP + BPT + BP + BPT + BPD + EB
2026-06-05 18:05:48;05-06-2026;21:03:00;392;Scheduled;HMB;KH;IC3;4 cars (Nos. 71-82);MFU + MFU
2026-06-06 04:17:01;06-06-2026;08:02:30;1191;Scheduled;KH;HMB;Talgo;17 cars (Nos. 1-111);EB + BPD + APT + AP + BPH + BP + BPT + BP + BPT + BP + BPT + BP + BPT + BP + BPT + BPD + EB
2026-06-06 08:01:26;06-06-2026;09:02:30;1171;Scheduled;KH;AA;Railjet;10 cars (Nos. 1-263);EB + BDMPZ + BMPZ + BMPZ + BMPZ + BMPZ + BBMPZ + BRMPZ + AMPZ + AFMPZ
2026-06-06 04:17:01;06-06-2026;09:03:00;1198;Scheduled;HMB;KH;Talgo;16 cars (Nos. 1-25);EB + BPD + BPT + BP + BPT + BP + BPT + BP + BPT + BP + BPT + BP + BPH + AP + APT + BPD
2026-06-06 08:01:26;06-06-2026;11:02:30;385;Scheduled;KH;AA;Railjet;10 cars (Nos. 1-263);EB + AFMPZ + AMPZ + BRMPZ + BBMPZ + BMPZ + BMPZ + BMPZ + BMPZ + BDMPZ
2026-06-06 08:01:26;06-06-2026;11:03:00;398;Scheduled;HMB;KH;Talgo;16 cars (Nos. 1-25);EB + BPD + APT + AP + BPH + BP + BPT + BP + BPT + BP + BPT + BP + BPT + BP + BPT + BPD
2026-06-06 10:17:54;06-06-2026;13:03:00;396;Cancelled;PA;KH;Talgo;17 cars (Nos. 1-111);EB + BPD + BPT + BP + BPT + BP + BPT + BP + BPT + BP + BPT + BP + BPH + AP + APT + BPD + EB
2026-06-06 10:17:54;06-06-2026;14:03:00;1196;Scheduled;HMB;FA;Talgo;17 cars (Nos. 1-25);EB + BPD + BPT + BP + BPT + BP + BPT + BP + BPT + BP + BPT + BP + BPH + AP + APT + BPD + EB
2026-06-06 12:14:26;06-06-2026;15:02:30;395;Scheduled;KH;HMB;IC3;4 cars (Nos. 71-82);MFU + MFU
2026-06-06 12:14:26;06-06-2026;15:03:00;1176;Scheduled;AA;KH;Railjet;10 cars (Nos. 1-263);EB + AFMPZ + AMPZ + BRMPZ + BBMPZ + BMPZ + BMPZ + BMPZ + BMPZ + BDMPZ
2026-06-06 14:07:11;06-06-2026;17:02:30;397;Cancelled;KH;HMB;Talgo;16 cars (Nos. 1-25);EB + BPD + APT + AP + BPH + BP + BPT + BP + BPT + BP + BPT + BP + BPT + BP + BPT + BPD
2026-06-06 14:07:11;06-06-2026;17:03:00;384;Scheduled;AA;KH;Railjet;10 cars (Nos. 1-263);EB + AFMPZ + AMPZ + BRMPZ + BBMPZ + BMPZ + BMPZ + BMPZ + BMPZ + BDMPZ
2026-06-06 15:37:28;06-06-2026;19:02:30;399;Scheduled;KH;HMB;Talgo;16 cars (Nos. 1-25);EB + BPD + BPT + BP + BPT + BP + BPT + BP + BPT + BP + BPT + BP + BPH + AP + APT + BPD
2026-06-06 19:44:44;06-06-2026;21:02:30;1199;Scheduled;FA;HMB;Talgo;17 cars (Nos. 1-25);EB + BPD + APT + AP + BPH + BP + BPT + BP + BPT + BP + BPT + BP + BPT + BP + BPT + BPD + EB
2026-06-06 17:33:05;06-06-2026;21:03:00;392;Scheduled;HMB;KH;IC3;4 cars (Nos. 71-82);MFU + MFU
2026-06-07 04:53:24;07-06-2026;08:02:30;1191;Scheduled;KH;HMB;Talgo;17 cars (Nos. 1-111);EB + BPD + APT + AP + BPH + BP + BPT + BP + BPT + BP + BPT + BP + BPT + BP + BPT + BPD + EB
2026-06-07 04:53:24;07-06-2026;09:02:30;1171;Scheduled;KH;AA;Railjet;10 cars (Nos. 1-263);EB + AFMPZ + AMPZ + BRMPZ + BBMPZ + BMPZ + BMPZ + BMPZ + BMPZ + BDMPZ
2026-06-07 04:53:24;07-06-2026;09:03:00;1198;Scheduled;HMB;KH;Talgo;16 cars (Nos. 1-25);EB + BPD + BPT + BP + BPT + BP + BPT + BP + BPT + BP + BPT + BP + BPH + AP + APT + BPD
2026-06-07 08:28:41;07-06-2026;11:02:30;385;Scheduled;KH;AA;Railjet;10 cars (Nos. 1-263);EB + AFMPZ + AMPZ + BRMPZ + BBMPZ + BMPZ + BMPZ + BMPZ + BMPZ + BDMPZ
2026-06-07 08:28:41;07-06-2026;11:03:00;398;Cancelled;PA;KH;Talgo;16 cars (Nos. 1-25);EB + BPD + BPT + BP + BPT + BP + BPT + BP + BPT + BP + BPT + BP + BPH + AP + APT + BPD
2026-06-07 08:28:41;07-06-2026;13:03:00;396;Scheduled;HMB;KH;Talgo;17 cars (Nos. 1-111);EB + BPD + APT + AP + BPH + BP + BPT + BP + BPT + BP + BPT + BP + BPT + BP + BPT + BPD + EB
2026-06-07 11:15:10;07-06-2026;14:03:00;1196;Scheduled;HMB;FA;Talgo;17 cars (Nos. 1-25);EB + BPD + BPT + BP + BPT + BP + BPT + BP + BPT + BP + BPT + BP + BPH + AP + APT + BPD + EB
2026-06-07 12:50:11;07-06-2026;15:02:30;395;Scheduled;KH;HMB;IC3;4 cars (Nos. 71-82);MFU + MFU
2026-06-07 12:50:11;07-06-2026;15:03:00;1176;Scheduled;AA;KH;Railjet;10 cars (Nos. 1-263);EB + BDMPZ + BMPZ + BMPZ + BMPZ + BMPZ + BBMPZ + BRMPZ + AMPZ + AFMPZ
2026-06-07 14:58:38;07-06-2026;17:02:30;397;Scheduled;PA;HMB;Unknown;0 cars;
2026-06-07 14:58:38;07-06-2026;17:03:00;384;Cancelled;AA;KH;Railjet;10 cars (Nos. 1-263);EB + BDMPZ + BMPZ + BMPZ + BMPZ + BMPZ + BBMPZ + BRMPZ + AMPZ + AFMPZ
2026-06-07 16:41:54;07-06-2026;19:02:30;399;Cancelled;PA;HMB;Talgo;16 cars (Nos. 1-25);EB + BPD + APT + AP + BPH + BP + BPT + BP + BPT + BP + BPT + BP + BPT + BP + BPT + BPD
2026-06-07 18:17:34;07-06-2026;21:02:30;1199;Scheduled;PA;HMB;Talgo;17 cars (Nos. 1-25);EB + BPD + APT + AP + BPH + BP + BPT + BP + BPT + BP + BPT + BP + BPT + BP + BPT + BPD + EB
2026-06-07 18:17:34;07-06-2026;21:03:00;392;Cancelled;HMB;KH;IC3;4 cars (Nos. 71-82);MFU + MFU
2026-06-08 00:20:07;08-06-2026;08:02:30;1191;Scheduled;KH;HMB;Talgo;17 cars (Nos. 1-111);EB + BPD + APT + AP + BPH + BP + BPT + BP + BPT + BP + BPT + BP + BPT + BP + BPT + BPD + EB
2026-06-08 06:05:33;08-06-2026;09:02:30;1171;Scheduled;OD;AA;Railjet;10 cars (Nos. 1-263);EB + AFMPZ + AMPZ + BRMPZ + BBMPZ + BMPZ + BMPZ + BMPZ + BMPZ + BDMPZ
2026-06-08 06:05:33;08-06-2026;09:03:00;1198;Scheduled;HMB;KH;Talgo;16 cars (Nos. 1-25);EB + BPD + BPT + BP + BPT + BP + BPT + BP + BPT + BP + BPT + BP + BPH + AP + APT + BPD
2026-06-08 06:05:33;08-06-2026;11:02:30;385;Scheduled;KH;AA;Railjet;10 cars (Nos. 1-263);EB + AFMPZ + AMPZ + BRMPZ + BBMPZ + BMPZ + BMPZ + BMPZ + BMPZ + BDMPZ
2026-06-08 06:05:33;08-06-2026;11:03:00;398;Scheduled;HMB;KH;Talgo;16 cars (Nos. 1-25);EB + BPD + BPT + BP + BPT + BP + BPT + BP + BPT + BP + BPT + BP + BPH + AP + APT + BPD
2026-06-08 06:05:33;08-06-2026;13:03:00;396;Scheduled;HMB;KH;Talgo;17 cars (Nos. 1-111);EB + BPD + BPT + BP + BPT + BP + BPT + BP + BPT + BP + BPT + BP + BPH + AP + APT + BPD + EB
2026-06-08 11:18:50;08-06-2026;14:03:00;1196;Cancelled;HMB;FA;Talgo;17 cars (Nos. 51-125);EB + BPD + BPT + BP + BPT + BP + BPT + BP + BPT + BP + BPT + BP + BPH + AP + APT + BPD + EB
2026-06-08 11:18:50;08-06-2026;15:02:30;395;Scheduled;KH;HMB;IC3;4 cars (Nos. 71-82);MFU + MFU
2026-06-08 11:18:50;08-06-2026;15:03:00;1176;Scheduled;AA;KH;Railjet;10 cars (Nos. 1-263);EB + AFMPZ + AMPZ + BRMPZ + BBMPZ + BMPZ + BMPZ + BMPZ + BMPZ + BDMPZ
2026-06-08 16:15:37;08-06-2026;17:02:30;397;Scheduled;KH;HMB;Talgo;17 cars (Nos. 1-111);EB + EB + BPD + BPT + BP + BPT + BP + BPT + BP + BPT + BP + BPT + BP + BPH + AP + APT + BPD
2026-06-08 11:18:50;08-06-2026;17:03:00;384;Scheduled;AA;KH;Railjet;10 cars (Nos. 1-263);EB + AFMPZ + AMPZ + BRMPZ + BBMPZ + BMPZ + BMPZ + BMPZ + BMPZ + BDMPZ
2026-06-08 16:15:37;08-06-2026;19:02:30;399;Scheduled;KH;HMB;Talgo;17 cars (Nos. 1-111);EB + EB + BPD + BPT + BP + BPT + BP + BPT + BP + BPT + BP + BPT + BP + BPH + AP + APT + BPD
2026-06-08 16:15:37;08-06-2026;21:02:30;1199;Scheduled;FA;HMB;Talgo;17 cars (Nos. 1-25);EB + BPD + APT + AP + BPH + BP + BPT + BP + BPT + BP + BPT + BP + BPT + BP + BPT + BPD + EB
2026-06-08 16:15:37;08-06-2026;21:03:00;392;Scheduled;HMB;KH;IC3;4 cars (Nos. 71-82);MFU + MFU
2026-06-09 04:21:11;09-06-2026;08:02:30;1191;Scheduled;PA;HMB;Talgo;17 cars (Nos. 1-111);EB + BPD + APT + AP + BPH + BP + BPT + BP + BPT + BP + BPT + BP + BPT + BP + BPT + BPD + EB
2026-06-09 04:21:11;09-06-2026;09:02:30;1171;Scheduled;KH;AA;Railjet;10 cars (Nos. 1-263);EB + BDMPZ + BMPZ + BMPZ + BMPZ + BMPZ + BBMPZ + BRMPZ + AMPZ + AFMPZ
2026-06-09 04:21:11;09-06-2026;09:07:00;1198;Scheduled;HMB;KH;Talgo;16 cars (Nos. 1-25);EB + BPD + BPT + BP + BPT + BP + BPT + BP + BPT + BP + BPT + BP + BPH + AP + APT + BPD
2026-06-09 08:39:12;09-06-2026;11:02:30;385;Scheduled;KH;AA;Railjet;10 cars (Nos. 1-263);EB + BDMPZ + BMPZ + BMPZ + BMPZ + BMPZ + BBMPZ + BRMPZ + AMPZ + AFMPZ
2026-06-09 08:39:12;09-06-2026;11:07:00;398;Scheduled;HMB;KH;Talgo;17 cars (Nos. 1-111);EB + EB + BPD + APT + AP + BPH + BP + BPT + BP + BPT + BP + BPT + BP + BPT + BP + BPT + BPD
2026-06-09 08:39:12;09-06-2026;13:07:00;396;Scheduled;HMB;KH;Talgo;17 cars (Nos. 1-111);EB + BPD + APT + AP + BPH + BP + BPT + BP + BPT + BP + BPT + BP + BPT + BP + BPT + BPD + EB
2026-06-09 08:39:12;09-06-2026;14:03:00;1196;Cancelled;HMB;FA;Vectron-hauled;2 cars (Nos. 1-2);EB + EB
2026-06-09 12:14:08;09-06-2026;15:02:30;395;Scheduled;KH;HMB;IC3;4 cars (Nos. 71-82);MFU + MFU
2026-06-09 12:14:08;09-06-2026;15:07:00;1176;Scheduled;AA;KH;Railjet;10 cars (Nos. 1-263);AFMPZ + AMPZ + BRMPZ + BBMPZ + BMPZ + BMPZ + BMPZ + BMPZ + BDMPZ + EB
2026-06-09 12:14:08;09-06-2026;17:02:30;397;Scheduled;KH;HMB;Talgo;17 cars (Nos. 1-111);EB + EB + BPD + APT + AP + BPH + BP + BPT + BP + BPT + BP + BPT + BP + BPT + BP + BPT + BPD
2026-06-09 12:14:08;09-06-2026;17:07:00;384;Scheduled;AA;KH;Railjet;10 cars (Nos. 1-263);EB + AFMPZ + AMPZ + BRMPZ + BBMPZ + BMPZ + BMPZ + BMPZ + BMPZ + BDMPZ
2026-06-09 15:26:22;09-06-2026;19:02:30;399;Scheduled;KH;HMB;Talgo;17 cars (Nos. 1-111);EB + BPD + BPT + BP + BPT + BP + BPT + BP + BPT + BP + BPT + BP + BPH + AP + APT + BPD + EB
2026-06-09 18:19:11;09-06-2026;21:02:30;1199;Scheduled;KD;HMB;Talgo;16 cars (Nos. 2-25);EB + BPD + BPT + BP + BPT + BP + BPT + BP + BPT + BP + BPT + BP + BPH + AP + APT + BPD
2026-06-09 18:19:11;09-06-2026;21:07:00;392;Scheduled;HMB;KH;IC3;4 cars (Nos. 71-82);MFU + MFU
2026-06-10 05:46:55;10-06-2026;08:02:30;1191;Scheduled;KH;HMB;Talgo;17 cars (Nos. 1-111);EB + BPD + BPT + BP + BPT + BP + BPT + BP + BPT + BP + BPT + BP + BPH + AP + APT + BPD + EB
2026-06-10 05:46:55;10-06-2026;09:02:30;1171;Scheduled;KH;AA;Railjet;10 cars (Nos. 1-263);EB + BDMPZ + BMPZ + BMPZ + BMPZ + BMPZ + BBMPZ + BRMPZ + AMPZ + AFMPZ
2026-06-10 05:46:55;10-06-2026;09:07:00;1198;Scheduled;HMB;KH;Talgo;16 cars (Nos. 1-25);EB + BPD + APT + AP + BPH + BP + BPT + BP + BPT + BP + BPT + BP + BPT + BP + BPT + BPD
2026-06-10 05:46:55;10-06-2026;11:02:30;385;Scheduled;KH;AA;Railjet;10 cars (Nos. 1-263);EB + BDMPZ + BMPZ + BMPZ + BMPZ + BMPZ + BBMPZ + BRMPZ + AMPZ + AFMPZ
2026-06-10 05:46:55;10-06-2026;11:07:00;398;Scheduled;HMB;KH;Talgo;16 cars (Nos. 1-25);EB + BPD + BPT + BP + BPT + BP + BPT + BP + BPT + BP + BPT + BP + BPH + AP + APT + BPD
2026-06-10 10:19:59;10-06-2026;13:07:00;396;Cancelled;HMB;KH;Talgo;17 cars (Nos. 1-111);EB + BPD + APT + AP + BPH + BP + BPT + BP + BPT + BP + BPT + BP + BPT + BP + BPT + BPD + EB
2026-06-10 10:19:59;10-06-2026;14:03:00;1196;Cancelled;HMB;FA;Talgo;17 cars (Nos. 1-25);EB + BPD + APT + AP + BPH + BP + BPT + BP + BPT + BP + BPT + BP + BPT + BP + BPT + BPD + EB
2026-06-10 10:19:59;10-06-2026;15:02:30;395;Scheduled;KH;HMB;IC3;4 cars (Nos. 71-82);MFU + MFU
2026-06-10 10:19:59;10-06-2026;15:07:00;1176;Scheduled;AA;KH;Railjet;10 cars (Nos. 1-263);AFMPZ + AMPZ + BRMPZ + BBMPZ + BMPZ + BMPZ + BMPZ + BMPZ + BDMPZ + EB
2026-06-10 14:28:12;10-06-2026;17:02:30;397;Scheduled;KH;HMB;Talgo;16 cars (Nos. 1-25);EB + BPD + APT + AP + BPH + BP + BPT + BP + BPT + BP + BPT + BP + BPT + BP + BPT + BPD
2026-06-10 14:28:12;10-06-2026;17:07:00;384;Scheduled;AA;KH;Railjet;10 cars (Nos. 1-263);EB + AFMPZ + AMPZ + BRMPZ + BBMPZ + BMPZ + BMPZ + BMPZ + BMPZ + BDMPZ
2026-06-10 14:28:12;10-06-2026;19:02:30;399;Scheduled;KH;HMB;Talgo;16 cars (Nos. 1-25);EB + BPD + APT + AP + BPH + BP + BPT + BP + BPT + BP + BPT + BP + BPT + BP + BPT + BPD
2026-06-10 18:07:43;10-06-2026;21:02:30;1199;Scheduled;FA;HMB;Talgo;17 cars (Nos. 1-25);EB + BPD + BPT + BP + BPT + BP + BPT + BP + BPT + BP + BPT + BP + BPH + AP + APT + BPD + EB
2026-06-10 18:07:43;10-06-2026;21:07:00;392;Scheduled;HMB;KH;IC3;4 cars (Nos. 71-82);MFU + MFU
2026-06-11 01:36:09;11-06-2026;08:02:30;1191;Scheduled;KH;HMB;IC3;2 cars (Nos. 11-12);MFU
2026-06-11 07:02:18;11-06-2026;09:02:30;1171;Scheduled;KH;AA;Railjet;10 cars (Nos. 1-263);EB + BDMPZ + BMPZ + BMPZ + BMPZ + BMPZ + BBMPZ + BRMPZ + AMPZ + AFMPZ
2026-06-11 07:02:18;11-06-2026;09:07:00;1198;Cancelled;HMB;KH;Talgo;16 cars (Nos. 1-25);EB + BPD + BPT + BP + BPT + BP + BPT + BP + BPT + BP + BPT + BP + BPH + AP + APT + BPD
2026-06-11 07:02:18;11-06-2026;11:02:30;385;Scheduled;KH;AA;Railjet;10 cars (Nos. 1-263);EB + AFMPZ + AMPZ + BRMPZ + BBMPZ + BMPZ + BMPZ + BMPZ + BMPZ + BDMPZ
2026-06-11 07:02:18;11-06-2026;11:07:00;398;Scheduled;HMB;KH;Talgo;16 cars (Nos. 1-25);EB + BPD + BPT + BP + BPT + BP + BPT + BP + BPT + BP + BPT + BP + BPH + AP + APT + BPD
2026-06-11 07:02:18;11-06-2026;13:07:00;396;Scheduled;HMB;KH;Talgo;17 cars (Nos. 1-111);EB + BPD + BPT + BP + BPT + BP + BPT + BP + BPT + BP + BPT + BP + BPH + AP + APT + BPD + EB
2026-06-11 11:46:07;11-06-2026;14:03:00;1196;Scheduled;HMB;FA;IC3;2 cars (Nos. 11-12);MFU
2026-06-11 11:46:07;11-06-2026;15:02:30;395;Scheduled;KH;HMB;IC3;4 cars (Nos. 71-82);MFU + MFU
2026-06-11 11:46:07;11-06-2026;15:07:00;1176;Scheduled;AA;KH;Railjet;10 cars (Nos. 1-263);AFMPZ + AMPZ + BRMPZ + BBMPZ + BMPZ + BMPZ + BMPZ + BMPZ + BDMPZ + EB
2026-06-11 11:46:07;11-06-2026;17:02:30;397;Scheduled;KH;HMB;Talgo;17 cars (Nos. 1-111);EB + BPD + BPT + BP + BPT + BP + BPT + BP + BPT + BP + BPT + BP + BPH + AP + APT + BPD + EB
2026-06-11 11:46:07;11-06-2026;17:07:00;384;Scheduled;AA;KH;Railjet;10 cars (Nos. 1-263);EB + AFMPZ + AMPZ + BRMPZ + BBMPZ + BMPZ + BMPZ + BMPZ + BMPZ + BDMPZ
2026-06-11 16:18:31;11-06-2026;19:02:30;399;Scheduled;KH;HMB;Talgo;16 cars (Nos. 1-25);EB + BPD + APT + AP + BPH + BP + BPT + BP + BPT + BP + BPT + BP + BPT + BP + BPT + BPD
2026-06-11 16:18:31;11-06-2026;21:02:30;1199;Scheduled;FA;HMB;Talgo;17 cars (Nos. 1-25);EB + BPD + BPT + BP + BPT + BP + BPT + BP + BPT + BP + BPT + BP + BPH + AP + APT + BPD + EB
2026-06-11 16:18:31;11-06-2026;21:07:00;392;Scheduled;HMB;KH;IC3;4 cars (Nos. 71-82);MFU + MFU
2026-06-12 04:59:20;12-06-2026;08:02:30;1191;Scheduled;KH;HMB;Talgo;17 cars (Nos. 1-111);EB + BPD + APT + AP + BPH + BP + BPT + BP + BPT + BP + BPT + BP + BPT + BP + BPT + BPD + EB
2026-06-12 04:59:20;12-06-2026;09:02:30;1171;Scheduled;KH;AA;Railjet;10 cars (Nos. 1-263);EB + BDMPZ + BMPZ + BMPZ + BMPZ + BMPZ + BBMPZ + BRMPZ + AMPZ + AFMPZ
2026-06-12 04:59:20;12-06-2026;09:07:00;1198;Scheduled;HMB;KH;Talgo;16 cars (Nos. 1-25);EB + BPD + BPT + BP + BPT + BP + BPT + BP + BPT + BP + BPT + BP + BPH + AP + APT + BPD
2026-06-12 04:59:20;12-06-2026;11:02:30;385;Scheduled;KH;AA;Railjet;10 cars (Nos. 1-263);EB + BDMPZ + BMPZ + BMPZ + BMPZ + BMPZ + BBMPZ + BRMPZ + AMPZ + AFMPZ
2026-06-12 09:09:00;12-06-2026;11:07:00;398;Scheduled;HMB;KH;Talgo;16 cars (Nos. 1-25);EB + BPD + APT + AP + BPH + BP + BPT + BP + BPT + BP + BPT + BP + BPT + BP + BPT + BPD
2026-06-12 09:09:00;12-06-2026;13:02:30;1179;Cancelled;PA;AA;Talgo;16 cars (Nos. 1-25);EB + BPD + APT + AP + BPH + BP + BPT + BP + BPT + BP + BPT + BP + BPT + BP + BPT + BPD
2026-06-12 09:09:00;12-06-2026;13:07:00;396;Scheduled;HMB;KH;Talgo;17 cars (Nos. 1-25);EB + BPD + APT + AP + BPH + BP + BPT + BP + BPT + BP + BPT + BP + BPT + BP + BPT + BPD + EB
2026-06-12 09:09:00;12-06-2026;14:03:00;1196;Scheduled;HMB;FA;Talgo;17 cars (Nos. 1-25);EB + BPD + BPT + BP + BPT + BP + BPT + BP + BPT + BP + BPT + BP + BPH + AP + APT + BPD + EB
2026-06-12 12:28:06;12-06-2026;15:02:30;395;Scheduled;KH;HMB;IC3;4 cars (Nos. 71-82);MFU + MFU
2026-06-12 12:28:06;12-06-2026;15:07:00;1176;Scheduled;AA;KH;Railjet;10 cars (Nos. 1-263);AFMPZ + AMPZ + BRMPZ + BBMPZ + BMPZ + BMPZ + BMPZ + BMPZ + BDMPZ + EB
2026-06-12 12:28:06;12-06-2026;17:02:30;397;Scheduled;KH;HMB;Talgo;17 cars (Nos. 1-111);EB + EB + BPD + APT + AP + BPH + BP + BPT + BP + BPT + BP + BPT + BP + BPT + BP + BPT + BPD
2026-06-12 12:28:06;12-06-2026;17:07:00;384;Scheduled;AA;KH;Railjet;10 cars (Nos. 1-263);EB + AFMPZ + AMPZ + BRMPZ + BBMPZ + BMPZ + BMPZ + BMPZ + BMPZ + BDMPZ
2026-06-12 16:26:19;12-06-2026;19:02:30;399;Scheduled;KH;HMB;Talgo;16 cars (Nos. 1-25);EB + BPD + BPT + BP + BPT + BP + BPT + BP + BPT + BP + BPT + BP + BPH + AP + APT + BPD
2026-06-12 16:26:19;12-06-2026;19:07:00;1170;Scheduled;PA;KH;IC3;8 cars (Nos. 1-114);ER + ER
2026-06-12 19:20:24;12-06-2026;21:02:30;1199;Cancelled;PA;HMB;Talgo;17 cars (Nos. 1-25);EB + BPD + APT + AP + BPH + BP + BPT + BP + BPT + BP + BPT + BP + BPT + BP + BPT + BPD + EB
2026-06-12 19:20:24;12-06-2026;21:07:00;392;Scheduled;HMB;KH;IC3;4 cars (Nos. 71-82);MFU + MFU
2026-06-13 04:46:31;13-06-2026;08:02:30;1191;Scheduled;KH;HMB;Talgo;17 cars (Nos. 1-111);EB + BPD + APT + AP + BPH + BP + BPT + BP + BPT + BP + BPT + BP + BPT + BP + BPT + BPD + EB
2026-06-13 04:46:31;13-06-2026;09:02:30;1171;Scheduled;KH;AA;Railjet;10 cars (Nos. 1-263);EB + BDMPZ + BMPZ + BMPZ + BMPZ + BMPZ + BBMPZ + BRMPZ + AMPZ + AFMPZ
2026-06-13 04:46:31;13-06-2026;09:07:00;1198;Scheduled;HMB;KH;Talgo;16 cars (Nos. 1-25);EB + BPD + BPT + BP + BPT + BP + BPT + BP + BPT + BP + BPT + BP + BPH + AP + APT + BPD
2026-06-13 08:30:07;13-06-2026;11:02:30;385;Scheduled;KH;AA;Railjet;10 cars (Nos. 1-263);EB + BDMPZ + BMPZ + BMPZ + BMPZ + BMPZ + BBMPZ + BRMPZ + AMPZ + AFMPZ
2026-06-13 08:30:07;13-06-2026;11:07:00;398;Cancelled;HMB;KH;Talgo;16 cars (Nos. 1-25);EB + BPD + BPT + BP + BPT + BP + BPT + BP + BPT + BP + BPT + BP + BPH + AP + APT + BPD
2026-06-13 08:30:07;13-06-2026;13:02:30;1179;Scheduled;KH;AA;Talgo;16 cars (Nos. 1-25);EB + BPD + BPT + BP + BPT + BP + BPT + BP + BPT + BP + BPT + BP + BPH + AP + APT + BPD
2026-06-13 11:23:27;13-06-2026;13:07:00;396;Scheduled;HMB;KH;Talgo;16 cars (Nos. 1-25);EB + BPD + APT + AP + BPH + BP + BPT + BP + BPT + BP + BPT + BP + BPT + BP + BPT + BPD
2026-06-13 11:23:27;13-06-2026;14:03:00;1196;Scheduled;HMB;FA;Talgo;17 cars (Nos. 1-25);EB + BPD + BPT + BP + BPT + BP + BPT + BP + BPT + BP + BPT + BP + BPH + AP + APT + BPD + EB
2026-06-13 11:23:27;13-06-2026;15:02:30;395;Scheduled;KH;HMB;IC3;4 cars (Nos. 71-82);MFU + MFU
2026-06-13 11:23:27;13-06-2026;15:07:00;1176;Scheduled;AA;KH;Railjet;10 cars (Nos. 1-263);AFMPZ + AMPZ + BRMPZ + BBMPZ + BMPZ + BMPZ + BMPZ + BMPZ + BDMPZ + EB
2026-06-13 14:22:03;13-06-2026;17:02:30;397;Scheduled;KH;HMB;Talgo;16 cars (Nos. 1-25);EB + BPD + APT + AP + BPH + BP + BPT + BP + BPT + BP + BPT + BP + BPT + BP + BPT + BPD
2026-06-13 14:22:03;13-06-2026;17:07:00;384;Scheduled;AA;KH;Railjet;10 cars (Nos. 1-263);EB + AFMPZ + AMPZ + BRMPZ + BBMPZ + BMPZ + BMPZ + BMPZ + BMPZ + BDMPZ
2026-06-13 16:42:08;13-06-2026;19:02:30;399;Scheduled;PA;HMB;Talgo;17 cars (Nos. 1-25);EB + BPD + BPT + BP + BPT + BP + BPT + BP + BPT + BP + BPT + BP + BPH + AP + APT + BPD + EB
2026-06-13 16:42:08;13-06-2026;19:07:00;1170;Scheduled;PA;KH;IC3;12 cars (Nos. 31-54);ER + ER + ER
2026-06-13 18:21:45;13-06-2026;21:02:30;1199;Scheduled;FA;HMB;Talgo;17 cars (Nos. 1-25);EB + BPD + APT + AP + BPH + BP + BPT + BP + BPT + BP + BPT + BP + BPT + BP + BPT + BPD + EB
2026-06-13 18:21:45;13-06-2026;21:07:00;392;Scheduled;HMB;KH;IC3;4 cars (Nos. 71-82);MFU + MFU
2026-06-14 06:03:54;14-06-2026;08:02:30;1191;Scheduled;KH;HMB;Talgo;17 cars (Nos. 1-111);EB + BPD + APT + AP + BPH + BP + BPT + BP + BPT + BP + BPT + BP + BPT + BP + BPT + BPD + EB
2026-06-14 00:19:02;14-06-2026;09:02:30;383;Scheduled;KH;AA;Railjet;10 cars (Nos. 1-263);EB + BDMPZ + BMPZ + BMPZ + BMPZ + BMPZ + BBMPZ + BRMPZ + AMPZ + AFMPZ
2026-06-14 06:03:54;14-06-2026;09:07:00;1198;Scheduled;HMB;KH;Talgo;16 cars (Nos. 1-25);EB + BPD + APT + AP + BPH + BP + BPT + BP + BPT + BP + BPT + BP + BPT + BP + BPT + BPD
2026-06-14 06:03:54;14-06-2026;11:02:30;393;Scheduled;KH;HMB;Talgo;16 cars (Nos. 1-25);EB + BPD + BPT + BP + BPT + BP + BPT + BP + BPT + BP + BPT + BP + BPH + AP + APT + BPD
2026-06-14 06:03:54;14-06-2026;11:07:00;398;Scheduled;HMB;KH;Talgo;16 cars (Nos. 1-25);EB + BPD + BPT + BP + BPT + BP + BPT + BP + BPT + BP + BPT + BP + BPH + AP + APT + BPD
2026-06-14 09:53:57;14-06-2026;13:02:30;385;Cancelled;KH;AA;Railjet;10 cars (Nos. 1-263);EB + BDMPZ + BMPZ + BMPZ + BMPZ + BMPZ + BBMPZ + BRMPZ + AMPZ + AFMPZ
2026-06-14 09:53:57;14-06-2026;13:07:00;396;Scheduled;HMB;KH;Talgo;17 cars (Nos. 1-25);EB + BPD + BPT + BP + BPT + BP + BPT + BP + BPT + BP + BPT + BP + BPH + AP + APT + BPD + EB
2026-06-14 09:53:57;14-06-2026;14:03:00;1196;Scheduled;HMB;FA;Talgo;17 cars (Nos. 1-25);EB + BPD + BPT + BP + BPT + BP + BPT + BP + BPT + BP + BPT + BP + BPH + AP + APT + BPD + EB
2026-06-14 12:12:44;14-06-2026;15:02:30;395;Scheduled;KH;HMB;IC3;4 cars (Nos. 71-82);MFU + MFU
2026-06-14 12:12:44;14-06-2026;15:07:00;384;Scheduled;AA;KH;Railjet;10 cars (Nos. 1-263);EB + AFMPZ + AMPZ + BRMPZ + BBMPZ + BMPZ + BMPZ + BMPZ + BMPZ + BDMPZ
2026-06-14 12:12:44;14-06-2026;17:02:30;397;Scheduled;KH;HMB;Talgo;17 cars (Nos. 1-111);EB + EB + BPD + APT + AP + BPH + BP + BPT + BP + BPT + BP + BPT + BP + BPT + BP + BPT + BPD
2026-06-14 12:12:44;14-06-2026;17:07:00;394;Scheduled;HMB;KH;Talgo;16 cars (Nos. 1-25);EB + BPD + APT + AP + BPH + BP + BPT + BP + BPT + BP + BPT + BP + BPT + BP + BPT + BPD
2026-06-14 16:44:51;14-06-2026;19:02:30;399;Scheduled;KH;HMB;Talgo;16 cars (Nos. 1-25);EB + BPD + APT + AP + BPH + BP + BPT + BP + BPT + BP + BPT + BP + BPT + BP + BPT + BPD
2026-06-14 16:44:51;14-06-2026;19:07:00;382;Scheduled;AA;KH;Railjet;10 cars (Nos. 1-263);EB + AFMPZ + AMPZ + BRMPZ + BBMPZ + BMPZ + BMPZ + BMPZ + BMPZ + BDMPZ
2026-06-14 18:22:13;14-06-2026;21:02:30;1199;Scheduled;FA;HMB;Talgo;17 cars (Nos. 1-25);EB + BPD + APT + AP + BPH + BP + BPT + BP + BPT + BP + BPT + BP + BPT + BP + BPT + BPD + EB
2026-06-14 18:22:13;14-06-2026;21:07:00;392;Scheduled;HMB;KH;IC3;4 cars (Nos. 71-82);MFU + MFU
2026-06-15 00:21:17;15-06-2026;08:02:30;1191;Scheduled;KH;HMB;Talgo;17 cars (Nos. 1-111);EB + BPD + BPT + BP + BPT + BP + BPT + BP + BPT + BP + BPT + BP + BPH + AP + APT + BPD + EB
2026-06-15 06:36:20;15-06-2026;09:02:30;383;Scheduled;KH;AA;Railjet;10 cars (Nos. 1-263);EB + BDMPZ + BMPZ + BMPZ + BMPZ + BMPZ + BBMPZ + BRMPZ + AMPZ + AFMPZ
2026-06-15 06:36:20;15-06-2026;09:07:00;1198;Scheduled;HMB;KH;Talgo;16 cars (Nos. 1-25);EB + BPD + BPT + BP + BPT + BP + BPT + BP + BPT + BP + BPT + BP + BPH + AP + APT + BPD
2026-06-15 06:36:20;15-06-2026;11:02:30;393;Scheduled;KH;HMB;Talgo;16 cars (Nos. 1-25);EB + BPD + BPT + BP + BPT + BP + BPT + BP + BPT + BP + BPT + BP + BPH + AP + APT + BPD
2026-06-15 06:36:20;15-06-2026;11:07:00;398;Scheduled;HMB;KH;Talgo;16 cars (Nos. 1-25);EB + BPD + BPT + BP + BPT + BP + BPT + BP + BPT + BP + BPT + BP + BPH + AP + APT + BPD
2026-06-15 06:36:20;15-06-2026;13:02:30;385;Scheduled;KH;AA;Railjet;10 cars (Nos. 1-263);EB + BDMPZ + BMPZ + BMPZ + BMPZ + BMPZ + BBMPZ + BRMPZ + AMPZ + AFMPZ
2026-06-15 06:36:20;15-06-2026;13:07:00;396;Scheduled;HMB;KH;Talgo;17 cars (Nos. 1-111);EB + BPD + BPT + BP + BPT + BP + BPT + BP + BPT + BP + BPT + BP + BPH + AP + APT + BPD + EB
2026-06-15 06:36:20;15-06-2026;14:03:00;1196;Scheduled;HMB;FA;Talgo;17 cars (Nos. 1-25);EB + BPD + APT + AP + BPH + BP + BPT + BP + BPT + BP + BPT + BP + BPT + BP + BPT + BPD + EB
2026-06-15 06:36:20;15-06-2026;15:02:30;395;Scheduled;KH;HMB;IC3;4 cars (Nos. 71-82);MFU + MFU
2026-06-15 13:24:57;15-06-2026;15:07:00;384;Scheduled;AA;KH;Railjet;10 cars (Nos. 1-263);EB + AFMPZ + AMPZ + BRMPZ + BBMPZ + BMPZ + BMPZ + BMPZ + BMPZ + BDMPZ
2026-06-15 13:24:57;15-06-2026;17:02:30;397;Scheduled;KH;HMB;Talgo;16 cars (Nos. 1-25);EB + BPD + APT + AP + BPH + BP + BPT + BP + BPT + BP + BPT + BP + BPT + BP + BPT + BPD
2026-06-15 13:24:57;15-06-2026;17:07:00;394;Scheduled;HMB;KH;Talgo;16 cars (Nos. 1-25);EB + BPD + APT + AP + BPH + BP + BPT + BP + BPT + BP + BPT + BP + BPT + BP + BPT + BPD
2026-06-15 13:24:57;15-06-2026;19:02:30;399;Scheduled;KH;HMB;Talgo;16 cars (Nos. 11-111);EB + BPD + APT + AP + BPH + BP + BPT + BP + BPT + BP + BPT + BP + BPT + BP + BPT + BPD
2026-06-15 13:24:57;15-06-2026;19:07:00;382;Scheduled;DH;KH;Railjet;10 cars (Nos. 1-263);AFMPZ + AMPZ + BRMPZ + BBMPZ + BMPZ + BMPZ + BMPZ + BMPZ + BDMPZ + EB
2026-06-15 18:45:07;15-06-2026;21:02:30;1199;Scheduled;FA;HMB;Talgo;17 cars (Nos. 1-25);EB + BPD + BPT + BP + BPT + BP + BPT + BP + BPT + BP + BPT + BP + BPH + AP + APT + BPD + EB
2026-06-15 18:45:07;15-06-2026;21:07:00;392;Scheduled;HMB;KH;IC3;4 cars (Nos. 71-82);MFU + MFU
2026-06-16 05:27:56;16-06-2026;08:02:30;1191;Scheduled;KH;HMB;Talgo;17 cars (Nos. 1-111);EB + EB + BPD + BPT + BP + BPT + BP + BPT + BP + BPT + BP + BPT + BP + BPH + AP + APT + BPD
2026-06-16 05:27:56;16-06-2026;09:02:30;383;Scheduled;KH;AA;Railjet;10 cars (Nos. 1-263);EB + BDMPZ + BMPZ + BMPZ + BMPZ + BMPZ + BBMPZ + BRMPZ + AMPZ + AFMPZ
2026-06-16 05:27:56;16-06-2026;09:07:00;1198;Scheduled;HMB;KH;Talgo;15 cars (Nos. 11-25);BPD + BPT + BP + BPT + BP + BPT + BP + BPT + BP + BPT + BP + BPH + AP + APT + BPD
2026-06-16 05:27:56;16-06-2026;11:02:30;393;Cancelled;PA;HMB;Vectron-hauled;1 cars (Nos. 1-1);EB
2026-06-16 05:27:56;16-06-2026;11:07:00;398;Scheduled;HMB;KH;Talgo;16 cars (Nos. 1-25);EB + BPD + APT + AP + BPH + BP + BPT + BP + BPT + BP + BPT + BP + BPT + BP + BPT + BPD
2026-06-16 11:31:54;16-06-2026;13:02:30;385;Scheduled;KH;AA;Railjet;10 cars (Nos. 1-263);EB + BDMPZ + BMPZ + BMPZ + BMPZ + BMPZ + BBMPZ + BRMPZ + AMPZ + AFMPZ
2026-06-16 05:27:56;16-06-2026;13:07:00;396;Scheduled;HMB;KH;Talgo;17 cars (Nos. 1-111);EB + BPD + BPT + BP + BPT + BP + BPT + BP + BPT + BP + BPT + BP + BPH + AP + APT + BPD + EB
2026-06-16 11:31:54;16-06-2026;14:03:00;1196;Scheduled;HMB;FA;Talgo;17 cars (Nos. 1-25);EB + BPD + APT + AP + BPH + BP + BPT + BP + BPT + BP + BPT + BP + BPT + BP + BPT + BPD + EB
2026-06-16 11:31:54;16-06-2026;15:02:30;395;Scheduled;KH;HMB;IC3;4 cars (Nos. 71-82);MFU + MFU
2026-06-16 11:31:54;16-06-2026;15:07:00;384;Scheduled;AA;KH;Railjet;10 cars (Nos. 1-263);EB + AFMPZ + AMPZ + BRMPZ + BBMPZ + BMPZ + BMPZ + BMPZ + BMPZ + BDMPZ
2026-06-16 11:31:54;16-06-2026;17:02:30;397;Scheduled;KH;HMB;Talgo;16 cars (Nos. 11-111);EB + BPD + APT + AP + BPH + BP + BPT + BP + BPT + BP + BPT + BP + BPT + BP + BPT + BPD
2026-06-16 11:31:54;16-06-2026;17:07:00;394;Scheduled;PA;KH;IC3;8 cars (Nos. 1-14);ER + ER
2026-06-16 17:18:25;16-06-2026;19:02:30;399;Scheduled;KH;HMB;Talgo;16 cars (Nos. 1-25);EB + BPD + APT + AP + BPH + BP + BPT + BP + BPT + BP + BPT + BP + BPT + BP + BPT + BPD
2026-06-16 17:18:25;16-06-2026;19:07:00;382;Scheduled;AA;KH;Railjet;10 cars (Nos. 1-263);EB + BDMPZ + BMPZ + BMPZ + BMPZ + BMPZ + BBMPZ + BRMPZ + AMPZ + AFMPZ
2026-06-16 17:18:25;16-06-2026;21:02:30;1199;Scheduled;FA;HMB;Talgo;17 cars (Nos. 1-25);EB + BPD + BPT + BP + BPT + BP + BPT + BP + BPT + BP + BPT + BP + BPH + AP + APT + BPD + EB
2026-06-16 17:18:25;16-06-2026;21:07:00;392;Scheduled;HMB;KH;IC3;4 cars (Nos. 71-82);MFU + MFU
2026-06-17 05:10:34;17-06-2026;08:02:30;1191;Cancelled;PA;HMB;IC3;4 cars (Nos. 51-54);MFU + MFU
2026-06-17 05:10:34;17-06-2026;09:02:30;383;Scheduled;KH;AA;Railjet;10 cars (Nos. 1-263);EB + BDMPZ + BMPZ + BMPZ + BMPZ + BMPZ + BBMPZ + BRMPZ + AMPZ + AFMPZ
2026-06-17 05:10:34;17-06-2026;09:07:00;1198;Scheduled;HMB;KH;Talgo;16 cars (Nos. 1-25);EB + BPD + APT + AP + BPH + BP + BPT + BP + BPT + BP + BPT + BP + BPT + BP + BPT + BPD
2026-06-17 05:10:34;17-06-2026;11:02:30;393;Cancelled;PA;HMB;Vectron-hauled;1 cars (Nos. 1-1);EB
2026-06-17 05:10:34;17-06-2026;11:07:00;398;Scheduled;HMB;KH;Talgo;16 cars (Nos. 1-25);EB + BPD + BPT + BP + BPT + BP + BPT + BP + BPT + BP + BPT + BP + BPH + AP + APT + BPD
2026-06-17 10:00:13;17-06-2026;13:02:30;385;Scheduled;KH;AA;Railjet;10 cars (Nos. 1-263);EB + BDMPZ + BMPZ + BMPZ + BMPZ + BMPZ + BBMPZ + BRMPZ + AMPZ + AFMPZ
2026-06-17 10:00:13;17-06-2026;13:07:00;396;Scheduled;HMB;KH;Talgo;16 cars (Nos. 1-25);EB + BPD + BPT + BP + BPT + BP + BPT + BP + BPT + BP + BPT + BP + BPH + AP + APT + BPD
2026-06-17 05:10:34;17-06-2026;08:02:30;2829;Scheduled;PA;HMB;Unknown;0 cars;
2026-06-17 10:00:13;17-06-2026;14:03:00;1196;Scheduled;HMB;FA;IC3;4 cars (Nos. 51-54);MFU + MFU
2026-06-17 10:00:13;17-06-2026;15:02:30;395;Scheduled;KH;HMB;IC3;4 cars (Nos. 71-82);MFU + MFU
2026-06-17 13:57:13;17-06-2026;15:07:00;384;Scheduled;AA;KH;Railjet;10 cars (Nos. 1-263);EB + AFMPZ + AMPZ + BRMPZ + BBMPZ + BMPZ + BMPZ + BMPZ + BMPZ + BDMPZ
2026-06-17 13:57:13;17-06-2026;17:02:30;397;Scheduled;KH;HMB;Talgo;17 cars (Nos. 1-111);EB + EB + BPD + BPT + BP + BPT + BP + BPT + BP + BPT + BP + BPT + BP + BPH + AP + APT + BPD
2026-06-17 13:57:13;17-06-2026;17:07:00;394;Scheduled;PA;KH;IC3;8 cars (Nos. 11-24);ER + ER
2026-06-17 13:57:13;17-06-2026;19:02:30;399;Scheduled;KH;HMB;Talgo;16 cars (Nos. 1-25);EB + BPD + APT + AP + BPH + BP + BPT + BP + BPT + BP + BPT + BP + BPT + BP + BPT + BPD
2026-06-17 17:19:24;17-06-2026;19:07:00;382;Scheduled;AA;KH;Railjet;10 cars (Nos. 1-263);EB + AFMPZ + AMPZ + BRMPZ + BBMPZ + BMPZ + BMPZ + BMPZ + BMPZ + BDMPZ
2026-06-17 17:19:24;17-06-2026;21:02:30;1199;Scheduled;PA;HMB;Talgo;17 cars (Nos. 11-121);EB + BPD + BPT + BP + BPT + BP + BPT + BP + BPT + BP + BPT + BP + BPH + AP + APT + BPD + EB
2026-06-17 17:19:24;17-06-2026;21:07:00;392;Scheduled;HMB;KH;IC3;4 cars (Nos. 71-82);MFU + MFU
2026-06-18 01:38:07;18-06-2026;08:02:30;1191;Scheduled;KH;HMB;Talgo;16 cars (Nos. 1-25);EB + BPD + BPT + BP + BPT + BP + BPT + BP + BPT + BP + BPT + BP + BPH + AP + APT + BPD
2026-06-18 07:03:38;18-06-2026;09:02:30;383;Scheduled;KH;AA;Railjet;10 cars (Nos. 1-263);EB + BDMPZ + BMPZ + BMPZ + BMPZ + BMPZ + BBMPZ + BRMPZ + AMPZ + AFMPZ
2026-06-18 07:03:38;18-06-2026;09:07:00;1198;Scheduled;HMB;KH;Talgo;18 cars (Nos. 1-121);EB + EB + BPD + BPT + BP + BPT + BP + BPT + BP + BPT + BP + BPT + BP + BPH + AP + APT + BPD + EB
2026-06-18 07:03:38;18-06-2026;11:02:30;393;Scheduled;KH;HMB;Talgo;16 cars (Nos. 1-25);EB + BPD + BPT + BP + BPT + BP + BPT + BP + BPT + BP + BPT + BP + BPH + AP + APT + BPD
2026-06-18 07:03:38;18-06-2026;11:07:00;398;Cancelled;PA;KH;Talgo;16 cars (Nos. 1-25);EB + BPD + BPT + BP + BPT + BP + BPT + BP + BPT + BP + BPT + BP + BPH + AP + APT + BPD
2026-06-18 07:03:38;18-06-2026;13:02:30;385;Scheduled;KH;AA;Railjet;10 cars (Nos. 1-263);EB + BDMPZ + BMPZ + BMPZ + BMPZ + BMPZ + BBMPZ + BRMPZ + AMPZ + AFMPZ
2026-06-18 11:16:03;18-06-2026;13:07:00;396;Scheduled;HMB;KH;Talgo;17 cars (Nos. 1-111);EB + EB + BPD + APT + AP + BPH + BP + BPT + BP + BPT + BP + BPT + BP + BPT + BP + BPT + BPD
2026-06-18 11:16:03;18-06-2026;14:03:00;1196;Scheduled;HMB;FA;Talgo;17 cars (Nos. 1-25);EB + BPD + APT + AP + BPH + BP + BPT + BP + BPT + BP + BPT + BP + BPT + BP + BPT + BPD + EB
2026-06-18 11:16:03;18-06-2026;15:02:30;395;Scheduled;KH;HMB;IC3;4 cars (Nos. 71-82);MFU + MFU
2026-06-18 11:16:03;18-06-2026;15:07:00;384;Scheduled;AA;KH;Railjet;10 cars (Nos. 1-263);EB + AFMPZ + AMPZ + BRMPZ + BBMPZ + BMPZ + BMPZ + BMPZ + BMPZ + BDMPZ
2026-06-18 15:50:20;18-06-2026;17:02:30;397;Scheduled;KH;HMB;Talgo;18 cars (Nos. 1-121);EB + EB + BPD + APT + AP + BPH + BP + BPT + BP + BPT + BP + BPT + BP + BPT + BP + BPT + BPD + EB
2026-06-18 11:16:03;18-06-2026;17:07:00;394;Scheduled;HMB;KH;Talgo;16 cars (Nos. 1-25);EB + BPD + APT + AP + BPH + BP + BPT + BP + BPT + BP + BPT + BP + BPT + BP + BPT + BPD
2026-06-18 15:50:20;18-06-2026;19:02:30;399;Scheduled;KH;HMB;Talgo;16 cars (Nos. 1-25);EB + BPD + APT + AP + BPH + BP + BPT + BP + BPT + BP + BPT + BP + BPT + BP + BPT + BPD
2026-06-18 15:50:20;18-06-2026;19:07:00;382;Scheduled;AA;KH;Railjet;10 cars (Nos. 1-263);EB + AFMPZ + AMPZ + BRMPZ + BBMPZ + BMPZ + BMPZ + BMPZ + BMPZ + BDMPZ
2026-06-18 18:33:35;18-06-2026;21:02:30;1199;Scheduled;FA;HMB;Talgo;17 cars (Nos. 1-25);EB + BPD + APT + AP + BPH + BP + BPT + BP + BPT + BP + BPT + BP + BPT + BP + BPT + BPD + EB
2026-06-18 18:33:35;18-06-2026;21:07:00;392;Scheduled;HMB;KH;IC3;4 cars (Nos. 71-82);MFU + MFU
2026-06-19 05:20:47;19-06-2026;08:02:30;1191;Scheduled;KH;HMB;Talgo;16 cars (Nos. 1-25);EB + BPD + APT + AP + BPH + BP + BPT + BP + BPT + BP + BPT + BP + BPT + BP + BPT + BPD
2026-06-19 05:20:47;19-06-2026;09:02:30;383;Scheduled;KH;AA;Railjet;10 cars (Nos. 1-263);EB + BDMPZ + BMPZ + BMPZ + BMPZ + BMPZ + BBMPZ + BRMPZ + AMPZ + AFMPZ
2026-06-19 05:20:47;19-06-2026;09:07:00;1198;Scheduled;HMB;KH;Talgo;16 cars (Nos. 1-25);EB + BPD + BPT + BP + BPT + BP + BPT + BP + BPT + BP + BPT + BP + BPH + AP + APT + BPD
2026-06-19 05:20:47;19-06-2026;11:02:30;393;Scheduled;KH;HMB;Talgo;16 cars (Nos. 1-25);EB + BPD + BPT + BP + BPT + BP + BPT + BP + BPT + BP + BPT + BP + BPH + AP + APT + BPD
2026-06-19 05:20:47;19-06-2026;11:07:00;398;Scheduled;HMB;KH;Talgo;16 cars (Nos. 1-25);EB + BPD + APT + AP + BPH + BP + BPT + BP + BPT + BP + BPT + BP + BPT + BP + BPT + BPD
2026-06-19 10:54:58;19-06-2026;13:02:30;385;Scheduled;KH;AA;Railjet;10 cars (Nos. 1-263);EB + AFMPZ + AMPZ + BRMPZ + BBMPZ + BMPZ + BMPZ + BMPZ + BMPZ + BDMPZ
2026-06-19 10:54:58;19-06-2026;13:07:00;396;Scheduled;HMB;KH;Talgo;16 cars (Nos. 1-25);EB + BPD + BPT + BP + BPT + BP + BPT + BP + BPT + BP + BPT + BP + BPH + AP + APT + BPD
2026-06-19 10:54:58;19-06-2026;14:03:00;1196;Scheduled;HMB;FA;Talgo;17 cars (Nos. 1-25);EB + BPD + APT + AP + BPH + BP + BPT + BP + BPT + BP + BPT + BP + BPT + BP + BPT + BPD + EB
2026-06-19 10:54:58;19-06-2026;15:02:30;395;Scheduled;KH;HMB;IC3;4 cars (Nos. 71-82);MFU + MFU
2026-06-19 10:54:58;19-06-2026;15:07:00;384;Scheduled;AA;KH;Railjet;10 cars (Nos. 1-263);EB + AFMPZ + AMPZ + BRMPZ + BBMPZ + BMPZ + BMPZ + BMPZ + BMPZ + BDMPZ
2026-06-19 14:19:47;19-06-2026;17:02:30;397;Scheduled;KH;HMB;Talgo;17 cars (Nos. 1-111);EB + EB + BPD + BPT + BP + BPT + BP + BPT + BP + BPT + BP + BPT + BP + BPH + AP + APT + BPD
2026-06-19 14:19:47;19-06-2026;17:07:00;394;Cancelled;HMB;KH;Talgo;16 cars (Nos. 1-25);EB + BPD + BPT + BP + BPT + BP + BPT + BP + BPT + BP + BPT + BP + BPH + AP + APT + BPD
2026-06-19 17:25:20;19-06-2026;19:02:30;399;Cancelled;KH;HMB;Talgo;16 cars (Nos. 1-25);EB + BPD + APT + AP + BPH + BP + BPT + BP + BPT + BP + BPT + BP + BPT + BP + BPT + BPD
2026-06-19 17:25:20;19-06-2026;19:07:00;382;Scheduled;AA;KH;Railjet;10 cars (Nos. 1-263);EB + AFMPZ + AMPZ + BRMPZ + BBMPZ + BMPZ + BMPZ + BMPZ + BMPZ + BDMPZ
2026-06-19 20:01:13;19-06-2026;21:02:30;1199;Cancelled;PA;HMB;Talgo;17 cars (Nos. 1-25);EB + BPD + BPT + BP + BPT + BP + BPT + BP + BPT + BP + BPT + BP + BPH + AP + APT + BPD + EB
2026-06-19 17:25:20;19-06-2026;21:07:00;392;Scheduled;HMB;KH;IC3;4 cars (Nos. 71-82);MFU + MFU
2026-06-20 00:18:20;20-06-2026;02:19:00;386;Scheduled;AA;KH;Railjet;11 cars (Nos. 1-263);EB + EB + AFMPZ + AMPZ + BRMPZ + BBMPZ + BMPZ + BMPZ + BMPZ + BMPZ + BDMPZ
2026-06-20 00:18:20;20-06-2026;02:37:00;387;Scheduled;KH;AA;Railjet;10 cars (Nos. 1-263);EB + BDMPZ + BMPZ + BMPZ + BMPZ + BMPZ + BBMPZ + BRMPZ + AMPZ + AFMPZ
2026-06-20 05:42:10;20-06-2026;08:02:30;1191;Scheduled;KH;HMB;Talgo;17 cars (Nos. 1-25);EB + BPD + APT + AP + BPH + BP + BPT + BP + BPT + BP + BPT + BP + BPT + BP + BPT + BPD + EB
2026-06-20 05:42:10;20-06-2026;09:02:30;383;Cancelled;PA;AA;Railjet;10 cars (Nos. 1-263);EB + AFMPZ + AMPZ + BRMPZ + BBMPZ + BMPZ + BMPZ + BMPZ + BMPZ + BDMPZ
2026-06-20 05:42:10;20-06-2026;09:02:30;13411;Scheduled;KH;AA;Railjet;10 cars (Nos. 1-263);EB + BDMPZ + BMPZ + BMPZ + BMPZ + BMPZ + BBMPZ + BRMPZ + AMPZ + AFMPZ
2026-06-20 05:42:10;20-06-2026;09:07:00;1198;Cancelled;HMB;KH;Talgo;16 cars (Nos. 1-25);EB + BPD + APT + AP + BPH + BP + BPT + BP + BPT + BP + BPT + BP + BPT + BP + BPT + BPD
2026-06-20 09:35:22;20-06-2026;11:02:30;393;Cancelled;KH;HMB;Talgo;16 cars (Nos. 1-25);EB + BPD + BPT + BP + BPT + BP + BPT + BP + BPT + BP + BPT + BP + BPH + AP + APT + BPD
2026-06-20 09:35:22;20-06-2026;11:07:00;398;Scheduled;HMB;KH;Talgo;16 cars (Nos. 1-25);EB + BPD + BPT + BP + BPT + BP + BPT + BP + BPT + BP + BPT + BP + BPH + AP + APT + BPD
2026-06-20 12:06:50;20-06-2026;13:02:30;13413;Scheduled;KH;AA;Railjet;10 cars (Nos. 1-263);EB + AFMPZ + AMPZ + BRMPZ + BBMPZ + BMPZ + BMPZ + BMPZ + BMPZ + BDMPZ
2026-06-20 09:35:22;20-06-2026;13:07:00;396;Scheduled;HMB;KH;Talgo;16 cars (Nos. 1-25);EB + BPD + BPT + BP + BPT + BP + BPT + BP + BPT + BP + BPT + BP + BPH + AP + APT + BPD
2026-06-20 12:06:50;20-06-2026;14:03:00;1196;Scheduled;HMB;FA;Talgo;17 cars (Nos. 1-25);EB + BPD + BPT + BP + BPT + BP + BPT + BP + BPT + BP + BPT + BP + BPH + AP + APT + BPD + EB
2026-06-20 12:06:50;20-06-2026;15:02:30;395;Scheduled;KH;HMB;IC3;4 cars (Nos. 71-82);MFU + MFU
2026-06-20 12:06:50;20-06-2026;15:07:00;13412;Scheduled;AA;KH;Railjet;10 cars (Nos. 1-263);EB + AFMPZ + AMPZ + BRMPZ + BBMPZ + BMPZ + BMPZ + BMPZ + BMPZ + BDMPZ
2026-06-20 14:27:05;20-06-2026;17:02:30;397;Cancelled;KH;HMB;Talgo;16 cars (Nos. 1-25);EB + BPD + BPT + BP + BPT + BP + BPT + BP + BPT + BP + BPT + BP + BPH + AP + APT + BPD
2026-06-20 14:27:05;20-06-2026;17:07:00;394;Cancelled;HMB;KH;Talgo;16 cars (Nos. 1-25);EB + BPD + APT + AP + BPH + BP + BPT + BP + BPT + BP + BPT + BP + BPT + BP + BPT + BPD
2026-06-20 16:45:39;20-06-2026;19:02:30;399;Cancelled;KD;HMB;Talgo;16 cars (Nos. 1-25);EB + BPD + APT + AP + BPH + BP + BPT + BP + BPT + BP + BPT + BP + BPT + BP + BPT + BPD
2026-06-20 16:45:39;20-06-2026;19:07:00;13410;Scheduled;AA;KH;Railjet;10 cars (Nos. 1-263);EB + BDMPZ + BMPZ + BMPZ + BMPZ + BMPZ + BBMPZ + BRMPZ + AMPZ + AFMPZ
2026-06-20 18:43:44;20-06-2026;21:02:30;1199;Scheduled;FA;HMB;Talgo;17 cars (Nos. 1-25);EB + BPD + APT + AP + BPH + BP + BPT + BP + BPT + BP + BPT + BP + BPT + BP + BPT + BPD + EB
2026-06-20 18:43:44;20-06-2026;21:07:00;392;Scheduled;HMB;KH;IC3;4 cars (Nos. 71-82);MFU + MFU
2026-06-21 00:19:36;21-06-2026;08:02:30;1191;Scheduled;KH;HMB;Talgo;16 cars (Nos. 1-25);EB + BPD + APT + AP + BPH + BP + BPT + BP + BPT + BP + BPT + BP + BPT + BP + BPT + BPD
2026-06-21 06:17:00;21-06-2026;09:02:30;13411;Scheduled;KH;AA;Railjet;10 cars (Nos. 1-263);EB + AFMPZ + AMPZ + BRMPZ + BBMPZ + BMPZ + BMPZ + BMPZ + BMPZ + BDMPZ
2026-06-21 06:17:00;21-06-2026;09:03:00;1198;Scheduled;HMB;KH;IC3;2 cars (Nos. 111-112);MFU
2026-06-21 06:17:00;21-06-2026;11:02:30;393;Scheduled;KH;HMB;Talgo;16 cars (Nos. 1-25);EB + BPD + BPT + BP + BPT + BP + BPT + BP + BPT + BP + BPT + BP + BPH + AP + APT + BPD
2026-06-21 06:17:00;21-06-2026;11:03:00;398;Scheduled;HMB;KH;Talgo;16 cars (Nos. 1-25);EB + BPD + BPT + BP + BPT + BP + BPT + BP + BPT + BP + BPT + BP + BPH + AP + APT + BPD
2026-06-21 10:41:47;21-06-2026;13:02:30;13413;Scheduled;KH;AA;Railjet;10 cars (Nos. 1-263);EB + AFMPZ + AMPZ + BRMPZ + BBMPZ + BMPZ + BMPZ + BMPZ + BMPZ + BDMPZ
2026-06-21 10:41:47;21-06-2026;13:03:00;396;Scheduled;HMB;KH;Talgo;16 cars (Nos. 1-25);EB + BPD + BPT + BP + BPT + BP + BPT + BP + BPT + BP + BPT + BP + BPH + AP + APT + BPD
2026-06-21 10:41:47;21-06-2026;14:03:00;1196;Scheduled;HMB;FA;Talgo;17 cars (Nos. 1-25);EB + BPD + APT + AP + BPH + BP + BPT + BP + BPT + BP + BPT + BP + BPT + BP + BPT + BPD + EB
2026-06-21 10:41:47;21-06-2026;15:02:30;395;Scheduled;KH;HMB;IC3;6 cars (Nos. 71-92);MFU + MFU + MFU
2026-06-21 13:16:50;21-06-2026;15:03:00;13412;Scheduled;AA;KH;Railjet;10 cars (Nos. 1-263);EB + AFMPZ + AMPZ + BRMPZ + BBMPZ + BMPZ + BMPZ + BMPZ + BMPZ + BDMPZ
2026-06-21 13:16:50;21-06-2026;17:02:30;397;Cancelled;KH;HMB;Talgo;16 cars (Nos. 1-25);BPD + APT + AP + BPH + BP + BPT + BP + BPT + BP + BPT + BP + BPT + BP + BPT + BPD + EB
2026-06-21 13:16:50;21-06-2026;17:03:00;394;Scheduled;HMB;KH;Talgo;16 cars (Nos. 1-25);EB + BPD + APT + AP + BPH + BP + BPT + BP + BPT + BP + BPT + BP + BPT + BP + BPT + BPD
2026-06-21 16:07:04;21-06-2026;19:02:30;399;Scheduled;KH;HMB;Talgo;16 cars (Nos. 1-25);EB + BPD + APT + AP + BPH + BP + BPT + BP + BPT + BP + BPT + BP + BPT + BP + BPT + BPD
2026-06-21 16:07:04;21-06-2026;19:03:00;13410;Scheduled;AA;KH;Railjet;10 cars (Nos. 1-263);EB + AFMPZ + AMPZ + BRMPZ + BBMPZ + BMPZ + BMPZ + BMPZ + BMPZ + BDMPZ
2026-06-21 17:49:16;21-06-2026;21:02:30;1199;Scheduled;FA;HMB;Talgo;17 cars (Nos. 1-25);EB + BPD + BPT + BP + BPT + BP + BPT + BP + BPT + BP + BPT + BP + BPH + AP + APT + BPD + EB
2026-06-21 17:49:16;21-06-2026;21:03:00;392;Scheduled;HMB;KH;IC3;6 cars (Nos. 71-92);MFU + MFU + MFU
2026-06-21 23:42:02;22-06-2026;02:32:00;21170;Scheduled;PA;%M;Unknown;0 cars;
2026-06-21 23:42:02;22-06-2026;02:37:00;387;Scheduled;KH;AA;Railjet;10 cars (Nos. 1-263);EB + BDMPZ + BMPZ + BMPZ + BMPZ + BMPZ + BBMPZ + BRMPZ + AMPZ + AFMPZ
2026-06-21 23:42:02;22-06-2026;02:46:00;386;Scheduled;AA;KH;Railjet;10 cars (Nos. 1-263);EB + AFMPZ + AMPZ + BRMPZ + BBMPZ + BMPZ + BMPZ + BMPZ + BMPZ + BDMPZ
2026-06-22 05:26:28;22-06-2026;08:02:30;1191;Cancelled;PA;HMB;Talgo;16 cars (Nos. 1-25);EB + BPD + APT + AP + BPH + BP + BPT + BP + BPT + BP + BPT + BP + BPT + BP + BPT + BPD
2026-06-22 05:26:28;22-06-2026;09:02:30;383;Scheduled;KH;AA;Railjet;10 cars (Nos. 1-263);EB + AFMPZ + AMPZ + BRMPZ + BBMPZ + BMPZ + BMPZ + BMPZ + BMPZ + BDMPZ
2026-06-22 05:26:28;22-06-2026;09:03:00;1198;Scheduled;HMB;KH;Talgo;16 cars (Nos. 1-25);EB + BPD + APT + AP + BPH + BP + BPT + BP + BPT + BP + BPT + BP + BPT + BP + BPT + BPD
2026-06-22 05:26:28;22-06-2026;11:02:30;393;Cancelled;KH;HMB;Talgo;16 cars (Nos. 1-25);EB + BPD + APT + AP + BPH + BP + BPT + BP + BPT + BP + BPT + BP + BPT + BP + BPT + BPD
2026-06-22 05:26:28;22-06-2026;11:03:00;398;Scheduled;HMB;KH;Talgo;16 cars (Nos. 1-25);EB + BPD + BPT + BP + BPT + BP + BPT + BP + BPT + BP + BPT + BP + BPH + AP + APT + BPD
2026-06-22 05:26:28;22-06-2026;08:02:30;92819;Scheduled;PA;HMB;Unknown;0 cars;
2026-06-22 05:26:28;22-06-2026;13:02:30;385;Scheduled;KH;AA;Railjet;10 cars (Nos. 1-263);EB + BDMPZ + BMPZ + BMPZ + BMPZ + BMPZ + BBMPZ + BRMPZ + AMPZ + AFMPZ
2026-06-22 05:26:28;22-06-2026;13:03:00;396;Scheduled;HMB;KH;Talgo;16 cars (Nos. 1-25);EB + BPD + APT + AP + BPH + BP + BPT + BP + BPT + BP + BPT + BP + BPT + BP + BPT + BPD
2026-06-22 05:26:28;22-06-2026;14:03:00;1196;Scheduled;HMB;FA;Talgo;17 cars (Nos. 1-25);EB + BPD + BPT + BP + BPT + BP + BPT + BP + BPT + BP + BPT + BP + BPH + AP + APT + BPD + EB
2026-06-22 12:23:15;22-06-2026;15:02:30;395;Scheduled;KH;HMB;IC3;6 cars (Nos. 71-92);MFU + MFU + MFU
2026-06-22 12:23:15;22-06-2026;15:03:00;384;Scheduled;AA;KH;Railjet;10 cars (Nos. 1-263);EB + AFMPZ + AMPZ + BRMPZ + BBMPZ + BMPZ + BMPZ + BMPZ + BMPZ + BDMPZ
2026-06-22 12:23:15;22-06-2026;17:02:30;397;Scheduled;KH;HMB;Talgo;16 cars (Nos. 1-25);EB + BPD + BPT + BP + BPT + BP + BPT + BP + BPT + BP + BPT + BP + BPH + AP + APT + BPD
2026-06-22 12:23:15;22-06-2026;17:03:00;394;Scheduled;PA;KH;Unknown;2 cars (Nos. 11-12);MFA
2026-06-22 12:23:15;22-06-2026;19:02:30;399;Scheduled;KH;HMB;Talgo;16 cars (Nos. 1-25);EB + BPD + BPT + BP + BPT + BP + BPT + BP + BPT + BP + BPT + BP + BPH + AP + APT + BPD
2026-06-22 12:23:15;22-06-2026;19:03:00;382;Scheduled;AA;KH;Railjet;10 cars (Nos. 1-263);EB + BDMPZ + BMPZ + BMPZ + BMPZ + BMPZ + BBMPZ + BRMPZ + AMPZ + AFMPZ
2026-06-22 17:46:44;22-06-2026;21:02:30;1199;Scheduled;FA;HMB;Talgo;17 cars (Nos. 1-25);EB + BPD + BPT + BP + BPT + BP + BPT + BP + BPT + BP + BPT + BP + BPH + AP + APT + BPD + EB
2026-06-22 17:46:44;22-06-2026;21:03:00;392;Scheduled;HMB;KH;IC3;6 cars (Nos. 71-92);MFU + MFU + MFU
2026-06-23 00:18:13;23-06-2026;02:32:00;21170;Scheduled;PA;%M;Unknown;0 cars;
2026-06-23 05:13:06;23-06-2026;08:02:30;1191;Cancelled;PA;HMB;Talgo;16 cars (Nos. 1-25);EB + BPD + APT + AP + BPH + BP + BPT + BP + BPT + BP + BPT + BP + BPT + BP + BPT + BPD
2026-06-23 05:13:06;23-06-2026;09:02:30;383;Scheduled;KH;AA;Railjet;10 cars (Nos. 1-263);EB + AFMPZ + AMPZ + BRMPZ + BBMPZ + BMPZ + BMPZ + BMPZ + BMPZ + BDMPZ
2026-06-23 05:13:06;23-06-2026;09:03:00;1198;Scheduled;HMB;KH;Talgo;16 cars (Nos. 1-25);EB + BPD + APT + AP + BPH + BP + BPT + BP + BPT + BP + BPT + BP + BPT + BP + BPT + BPD
2026-06-23 08:36:51;23-06-2026;11:02:30;393;Cancelled;PA;HMB;Talgo;16 cars (Nos. 1-25);EB + BPD + APT + AP + BPH + BP + BPT + BP + BPT + BP + BPT + BP + BPT + BP + BPT + BPD
2026-06-23 08:36:51;23-06-2026;11:03:00;398;Scheduled;HMB;KH;Talgo;16 cars (Nos. 1-25);EB + BPD + APT + AP + BPH + BP + BPT + BP + BPT + BP + BPT + BP + BPT + BP + BPT + BPD
2026-06-23 08:36:51;23-06-2026;13:02:30;385;Scheduled;KH;AA;Railjet;10 cars (Nos. 1-263);EB + BDMPZ + BMPZ + BMPZ + BMPZ + BMPZ + BBMPZ + BRMPZ + AMPZ + AFMPZ
2026-06-23 08:36:51;23-06-2026;13:03:00;396;Scheduled;HMB;KH;Talgo;16 cars (Nos. 1-25);EB + BPD + APT + AP + BPH + BP + BPT + BP + BPT + BP + BPT + BP + BPT + BP + BPT + BPD
2026-06-23 08:36:51;23-06-2026;14:03:00;1196;Cancelled;PA;FA;Vectron-hauled;1 cars (Nos. 2-2);EB
2026-06-23 12:13:51;23-06-2026;15:02:30;395;Scheduled;KH;HMB;IC3;6 cars (Nos. 71-92);MFU + MFU + MFU
2026-06-23 12:13:51;23-06-2026;15:03:00;384;Scheduled;AA;KH;Railjet;10 cars (Nos. 1-263);EB + AFMPZ + AMPZ + BRMPZ + BBMPZ + BMPZ + BMPZ + BMPZ + BMPZ + BDMPZ
2026-06-23 12:13:51;23-06-2026;17:02:30;397;Scheduled;KH;HMB;Talgo;17 cars (Nos. 1-111);EB + BPD + APT + AP + BPH + BP + BPT + BP + BPT + BP + BPT + BP + BPT + BP + BPT + BPD + EB
2026-06-23 12:13:51;23-06-2026;17:03:00;394;Scheduled;PA;KH;IC3;6 cars (Nos. 21-114);ER + MFA
2026-06-23 15:24:08;23-06-2026;19:02:30;399;Scheduled;KH;HMB;Talgo;16 cars (Nos. 1-25);EB + BPD + APT + AP + BPH + BP + BPT + BP + BPT + BP + BPT + BP + BPT + BP + BPT + BPD
2026-06-23 15:24:08;23-06-2026;19:03:00;382;Scheduled;AA;KH;Railjet;10 cars (Nos. 1-263);EB + AFMPZ + AMPZ + BRMPZ + BBMPZ + BMPZ + BMPZ + BMPZ + BMPZ + BDMPZ
2026-06-23 18:09:55;23-06-2026;21:02:30;1199;Cancelled;PA;HMB;Vectron-hauled;2 cars (Nos. 1-2);EB + EB
2026-06-23 18:09:55;23-06-2026;21:03:00;392;Scheduled;HMB;KH;IC3;6 cars (Nos. 71-92);MFU + MFU + MFU
2026-06-24 00:08:16;24-06-2026;02:32:00;21170;Scheduled;PA;%M;Unknown;0 cars;
2026-06-24 00:08:16;24-06-2026;02:37:00;387;Scheduled;KH;AA;Railjet;10 cars (Nos. 1-263);EB + BDMPZ + BMPZ + BMPZ + BMPZ + BMPZ + BBMPZ + BRMPZ + AMPZ + AFMPZ
2026-06-24 00:08:16;24-06-2026;03:00:00;386;Scheduled;AA;KH;Railjet;10 cars (Nos. 1-263);EB + AFMPZ + AMPZ + BRMPZ + BBMPZ + BMPZ + BMPZ + BMPZ + BMPZ + BDMPZ
2026-06-24 04:21:59;24-06-2026;08:02:30;1191;Scheduled;KH;HMB;Talgo;16 cars (Nos. 1-25);EB + BPD + BPT + BP + BPT + BP + BPT + BP + BPT + BP + BPT + BP + BPH + AP + APT + BPD
2026-06-24 04:21:59;24-06-2026;09:02:30;383;Scheduled;KH;AA;Railjet;10 cars (Nos. 1-263);EB + BDMPZ + BMPZ + BMPZ + BMPZ + BMPZ + BBMPZ + BRMPZ + AMPZ + AFMPZ
2026-06-24 04:21:59;24-06-2026;09:03:00;1198;Scheduled;HMB;KH;Talgo;16 cars (Nos. 1-25);EB + BPD + BPT + BP + BPT + BP + BPT + BP + BPT + BP + BPT + BP + BPH + AP + APT + BPD
2026-06-24 08:32:14;24-06-2026;11:02:30;393;Scheduled;KH;HMB;Talgo;16 cars (Nos. 1-25);EB + BPD + APT + AP + BPH + BP + BPT + BP + BPT + BP + BPT + BP + BPT + BP + BPT + BPD
2026-06-24 08:32:14;24-06-2026;11:03:00;398;Cancelled;HMB;KH;Talgo;16 cars (Nos. 1-25);EB + BPD + BPT + BP + BPT + BP + BPT + BP + BPT + BP + BPT + BP + BPH + AP + APT + BPD
2026-06-24 08:32:14;24-06-2026;13:02:30;385;Scheduled;KH;AA;Railjet;10 cars (Nos. 1-263);EB + BDMPZ + BMPZ + BMPZ + BMPZ + BMPZ + BBMPZ + BRMPZ + AMPZ + AFMPZ
2026-06-24 08:32:14;24-06-2026;13:03:00;396;Scheduled;HMB;KH;Talgo;16 cars (Nos. 1-25);EB + BPD + BPT + BP + BPT + BP + BPT + BP + BPT + BP + BPT + BP + BPH + AP + APT + BPD
2026-06-24 11:52:54;24-06-2026;14:03:00;1196;Scheduled;HMB;FA;Talgo;17 cars (Nos. 1-111);EB + BPD + APT + AP + BPH + BP + BPT + BP + BPT + BP + BPT + BP + BPT + BP + BPT + BPD + EB
2026-06-24 11:52:54;24-06-2026;15:02:30;395;Scheduled;KH;HMB;IC3;6 cars (Nos. 71-92);MFU + MFU + MFU
2026-06-24 11:52:54;24-06-2026;15:03:00;384;Scheduled;AA;KH;Railjet;10 cars (Nos. 1-263);EB + AFMPZ + AMPZ + BRMPZ + BBMPZ + BMPZ + BMPZ + BMPZ + BMPZ + BDMPZ
2026-06-24 14:51:42;24-06-2026;17:02:30;397;Scheduled;KH;HMB;Talgo;17 cars (Nos. 1-111);EB + EB + BPD + BPT + BP + BPT + BP + BPT + BP + BPT + BP + BPT + BP + BPH + AP + APT + BPD
2026-06-24 14:51:42;24-06-2026;17:03:00;394;Scheduled;HMB;KH;Talgo;16 cars (Nos. 1-25);EB + BPD + BPT + BP + BPT + BP + BPT + BP + BPT + BP + BPT + BP + BPH + AP + APT + BPD
2026-06-24 14:51:42;24-06-2026;19:02:30;399;Cancelled;PA;HMB;Vectron-hauled;1 cars (Nos. 1-1);EB
2026-06-24 17:15:56;24-06-2026;19:03:00;382;Scheduled;AA;KH;Railjet;10 cars (Nos. 1-263);EB + AFMPZ + AMPZ + BRMPZ + BBMPZ + BMPZ + BMPZ + BMPZ + BMPZ + BDMPZ
2026-06-24 17:15:56;24-06-2026;21:02:30;1199;Scheduled;FA;HMB;Talgo;17 cars (Nos. 1-25);EB + BPD + BPT + BP + BPT + BP + BPT + BP + BPT + BP + BPT + BP + BPH + AP + APT + BPD + EB
2026-06-24 17:15:56;24-06-2026;21:03:00;392;Scheduled;HMB;KH;IC3;6 cars (Nos. 71-92);MFU + MFU + MFU
2026-06-24 23:19:57;25-06-2026;02:32:00;21170;Scheduled;PA;%M;Unknown;0 cars;
2026-06-24 23:19:57;25-06-2026;02:37:00;387;Scheduled;KH;AA;Railjet;10 cars (Nos. 1-263);EB + BDMPZ + BMPZ + BMPZ + BMPZ + BMPZ + BBMPZ + BRMPZ + AMPZ + AFMPZ
2026-06-24 23:19:57;25-06-2026;03:00:00;386;Scheduled;AA;KH;Railjet;10 cars (Nos. 1-263);EB + AFMPZ + AMPZ + BRMPZ + BBMPZ + BMPZ + BMPZ + BMPZ + BMPZ + BDMPZ
2026-06-25 04:20:55;25-06-2026;08:02:30;1191;Scheduled;KH;HMB;Talgo;16 cars (Nos. 1-25);EB + BPD + APT + AP + BPH + BP + BPT + BP + BPT + BP + BPT + BP + BPT + BP + BPT + BPD
2026-06-25 04:20:55;25-06-2026;09:02:30;383;Scheduled;KH;AA;Railjet;10 cars (Nos. 1-263);EB + BDMPZ + BMPZ + BMPZ + BMPZ + BMPZ + BBMPZ + BRMPZ + AMPZ + AFMPZ
2026-06-25 04:20:55;25-06-2026;09:03:00;1198;Cancelled;PA;KH;Talgo;16 cars (Nos. 1-25);EB + BPD + BPT + BP + BPT + BP + BPT + BP + BPT + BP + BPT + BP + BPH + AP + APT + BPD
2026-06-25 08:30:00;25-06-2026;11:02:30;393;Cancelled;PA;HMB;Talgo;16 cars (Nos. 1-25);EB + BPD + APT + AP + BPH + BP + BPT + BP + BPT + BP + BPT + BP + BPT + BP + BPT + BPD
2026-06-25 08:30:00;25-06-2026;11:03:00;398;Scheduled;HMB;KH;Talgo;16 cars (Nos. 1-25);EB + BPD + APT + AP + BPH + BP + BPT + BP + BPT + BP + BPT + BP + BPT + BP + BPT + BPD
2026-06-25 08:30:00;25-06-2026;13:02:30;385;Scheduled;KH;AA;Railjet;10 cars (Nos. 1-263);EB + BDMPZ + BMPZ + BMPZ + BMPZ + BMPZ + BBMPZ + BRMPZ + AMPZ + AFMPZ
2026-06-25 11:48:27;25-06-2026;13:03:00;396;Scheduled;HMB;KH;Talgo;16 cars (Nos. 1-25);EB + BPD + APT + AP + BPH + BP + BPT + BP + BPT + BP + BPT + BP + BPT + BP + BPT + BPD
2026-06-25 11:48:27;25-06-2026;14:03:00;1196;Scheduled;HMB;FA;Talgo;17 cars (Nos. 1-25);EB + BPD + BPT + BP + BPT + BP + BPT + BP + BPT + BP + BPT + BP + BPH + AP + APT + BPD + EB
2026-06-25 11:48:27;25-06-2026;15:02:30;395;Scheduled;KH;HMB;IC3;6 cars (Nos. 71-92);MFU + MFA + MFU
2026-06-25 11:48:27;25-06-2026;15:03:00;384;Scheduled;AA;KH;Railjet;10 cars (Nos. 1-263);EB + AFMPZ + AMPZ + BRMPZ + BBMPZ + BMPZ + BMPZ + BMPZ + BMPZ + BDMPZ
2026-06-25 14:52:06;25-06-2026;17:02:30;397;Scheduled;KH;HMB;Talgo;16 cars (Nos. 1-25);EB + BPD + APT + AP + BPH + BP + BPT + BP + BPT + BP + BPT + BP + BPT + BP + BPT + BPD
2026-06-25 14:52:06;25-06-2026;17:03:00;394;Cancelled;PA;KH;Unknown;0 cars;
2026-06-25 17:21:21;25-06-2026;19:02:30;399;Scheduled;KH;HMB;Talgo;16 cars (Nos. 1-25);EB + BPD + APT + AP + BPH + BP + BPT + BP + BPT + BP + BPT + BP + BPT + BP + BPT + BPD
2026-06-25 17:21:21;25-06-2026;19:03:00;382;Scheduled;AA;KH;Railjet;10 cars (Nos. 1-263);EB + AFMPZ + AMPZ + BRMPZ + BBMPZ + BMPZ + BMPZ + BMPZ + BMPZ + BDMPZ
2026-06-25 17:21:21;25-06-2026;21:02:30;1199;Scheduled;FA;HMB;Talgo;17 cars (Nos. 1-25);EB + BPD + APT + AP + BPH + BP + BPT + BP + BPT + BP + BPT + BP + BPT + BP + BPT + BPD + EB
2026-06-25 17:21:21;25-06-2026;21:03:00;392;Scheduled;HMB;KH;IC3;6 cars (Nos. 71-112);MFU + MFA + MFU
2026-06-26 00:21:39;26-06-2026;02:32:00;21170;Scheduled;PA;%M;Unknown;0 cars;
2026-06-26 00:21:39;26-06-2026;02:37:00;387;Scheduled;KH;AA;Railjet;10 cars (Nos. 1-263);EB + BDMPZ + BMPZ + BMPZ + BMPZ + BMPZ + BBMPZ + BRMPZ + AMPZ + AFMPZ
2026-06-26 00:21:39;26-06-2026;03:00:00;386;Scheduled;AA;KH;Railjet;10 cars (Nos. 1-263);EB + AFMPZ + AMPZ + BRMPZ + BBMPZ + BMPZ + BMPZ + BMPZ + BMPZ + BDMPZ
2026-06-26 05:20:31;26-06-2026;08:02:30;1191;Scheduled;KH;HMB;Talgo;16 cars (Nos. 1-25);EB + BPD + BPT + BP + BPT + BP + BPT + BP + BPT + BP + BPT + BP + BPH + AP + APT + BPD
2026-06-26 05:20:31;26-06-2026;09:02:30;383;Scheduled;KH;AA;Railjet;10 cars (Nos. 1-263);EB + BDMPZ + BMPZ + BMPZ + BMPZ + BMPZ + BBMPZ + BRMPZ + AMPZ + AFMPZ
2026-06-26 05:20:31;26-06-2026;09:03:00;1198;Scheduled;PA;KH;Unknown;2 cars (Nos. 111-112);MFA
2026-06-26 05:20:31;26-06-2026;11:02:30;393;Cancelled;PA;HMB;Talgo;16 cars (Nos. 1-25);EB + BPD + APT + AP + BPH + BP + BPT + BP + BPT + BP + BPT + BP + BPT + BP + BPT + BPD
2026-06-26 05:20:31;26-06-2026;11:03:00;398;Scheduled;HMB;KH;Talgo;16 cars (Nos. 1-25);EB + BPD + BPT + BP + BPT + BP + BPT + BP + BPT + BP + BPT + BP + BPH + AP + APT + BPD
2026-06-26 09:49:18;26-06-2026;13:02:30;385;Scheduled;KH;AA;Railjet;10 cars (Nos. 1-263);EB + BDMPZ + BMPZ + BMPZ + BMPZ + BMPZ + BBMPZ + BRMPZ + AMPZ + AFMPZ
2026-06-26 09:49:18;26-06-2026;13:03:00;396;Scheduled;HMB;KH;Talgo;16 cars (Nos. 1-25);EB + BPD + BPT + BP + BPT + BP + BPT + BP + BPT + BP + BPT + BP + BPH + AP + APT + BPD
2026-06-26 09:49:18;26-06-2026;14:03:00;1196;Scheduled;HMB;FA;Talgo;17 cars (Nos. 1-25);EB + BPD + APT + AP + BPH + BP + BPT + BP + BPT + BP + BPT + BP + BPT + BP + BPT + BPD + EB
2026-06-26 12:24:37;26-06-2026;15:02:30;395;Scheduled;KH;HMB;IC3;6 cars (Nos. 71-92);MFU + MFA + MFU
2026-06-26 12:24:37;26-06-2026;15:03:00;384;Scheduled;AA;KH;Railjet;10 cars (Nos. 1-263);EB + BDMPZ + BMPZ + BMPZ + BMPZ + BMPZ + BBMPZ + BRMPZ + AMPZ + AFMPZ
2026-06-26 15:29:53;26-06-2026;17:02:30;397;Scheduled;KH;HMB;Talgo;17 cars (Nos. 1-111);EB + BPD + APT + AP + BPH + BP + BPT + BP + BPT + BP + BPT + BP + BPT + BP + BPT + BPD + EB
2026-06-26 12:24:37;26-06-2026;17:03:00;394;Cancelled;HMB;KH;Talgo;16 cars (Nos. 1-25);EB + BPD + BPT + BP + BPT + BP + BPT + BP + BPT + BP + BPT + BP + BPH + AP + APT + BPD
2026-06-26 15:29:53;26-06-2026;19:02:30;399;Scheduled;KH;HMB;Talgo;16 cars (Nos. 1-25);EB + BPD + APT + AP + BPH + BP + BPT + BP + BPT + BP + BPT + BP + BPT + BP + BPT + BPD
2026-06-26 18:01:42;26-06-2026;19:03:00;382;Scheduled;AA;KH;Railjet;10 cars (Nos. 1-263);EB + AFMPZ + AMPZ + BRMPZ + BBMPZ + BMPZ + BMPZ + BMPZ + BMPZ + BDMPZ
2026-06-26 18:01:42;26-06-2026;21:02:00;2889;Scheduled;FA;PAGR;Talgo;16 cars (Nos. 1-25);EB + BPD + BPT + BP + BPT + BP + BPT + BP + BPT + BP + BPT + BP + BPH + AP + APT + BPD
2026-06-26 18:01:42;26-06-2026;21:02:30;1199;Cancelled;ASW;HMB;Talgo;16 cars (Nos. 1-25);EB + BPD + BPT + BP + BPT + BP + BPT + BP + BPT + BP + BPT + BP + BPH + AP + APT + BPD
2026-06-26 18:01:42;26-06-2026;21:03:00;392;Scheduled;HMB;KH;IC3;6 cars (Nos. 71-92);MFU + MFA + MFU
2026-06-26 23:20:36;27-06-2026;02:32:00;21170;Scheduled;PA;%M;Unknown;0 cars;
2026-06-27 04:13:37;27-06-2026;08:02:30;1191;Scheduled;KH;HMB;Talgo;16 cars (Nos. 1-25);EB + BPD + BPT + BP + BPT + BP + BPT + BP + BPT + BP + BPT + BP + BPH + AP + APT + BPD
2026-06-27 04:13:37;27-06-2026;09:02:30;383;Scheduled;KH;AA;Railjet;10 cars (Nos. 1-263);EB + BDMPZ + BMPZ + BMPZ + BMPZ + BMPZ + BBMPZ + BRMPZ + AMPZ + AFMPZ
2026-06-27 04:13:37;27-06-2026;09:03:00;1198;Scheduled;HMB;KH;Talgo;16 cars (Nos. 1-25);EB + BPD + BPT + BP + BPT + BP + BPT + BP + BPT + BP + BPT + BP + BPH + AP + APT + BPD
2026-06-27 07:26:17;27-06-2026;11:02:30;393;Scheduled;KH;HMB;Talgo;16 cars (Nos. 1-25);EB + BPD + APT + AP + BPH + BP + BPT + BP + BPT + BP + BPT + BP + BPT + BP + BPT + BPD
2026-06-27 07:26:17;27-06-2026;11:03:00;398;Cancelled;HMB;KH;Talgo;16 cars (Nos. 1-25);EB + BPD + BPT + BP + BPT + BP + BPT + BP + BPT + BP + BPT + BP + BPH + AP + APT + BPD
2026-06-27 10:20:14;27-06-2026;13:02:30;385;Scheduled;KH;AA;Railjet;10 cars (Nos. 1-263);EB + AFMPZ + AMPZ + BRMPZ + BBMPZ + BMPZ + BMPZ + BMPZ + BMPZ + BDMPZ
2026-06-27 10:20:14;27-06-2026;13:03:00;396;Scheduled;HMB;KH;Talgo;16 cars (Nos. 1-25);EB + BPD + BPT + BP + BPT + BP + BPT + BP + BPT + BP + BPT + BP + BPH + AP + APT + BPD
2026-06-27 10:20:14;27-06-2026;14:03:00;1196;Scheduled;HMB;FA;Talgo;17 cars (Nos. 1-25);EB + BPD + APT + AP + BPH + BP + BPT + BP + BPT + BP + BPT + BP + BPT + BP + BPT + BPD + EB
2026-06-27 12:15:46;27-06-2026;15:02:30;395;Scheduled;KH;HMB;IC3;6 cars (Nos. 71-92);MFU + MFA + MFU
2026-06-27 14:53:22;27-06-2026;15:03:00;384;Scheduled;AA;KH;Railjet;10 cars (Nos. 1-263);EB + AFMPZ + AMPZ + BRMPZ + BBMPZ + BMPZ + BMPZ + BMPZ + BMPZ + BDMPZ
2026-06-27 14:53:22;27-06-2026;17:02:30;397;Scheduled;KH;HMB;Talgo;16 cars (Nos. 1-25);EB + BPD + APT + AP + BPH + BP + BPT + BP + BPT + BP + BPT + BP + BPT + BP + BPT + BPD
2026-06-27 14:53:22;27-06-2026;17:03:00;394;Scheduled;HMB;KH;Talgo;16 cars (Nos. 1-25);EB + BPD + BPT + BP + BPT + BP + BPT + BP + BPT + BP + BPT + BP + BPH + AP + APT + BPD
2026-06-27 16:17:43;27-06-2026;19:02:30;399;Cancelled;KH;HMB;Vectron-hauled;1 cars (Nos. 1-1);EB
2026-06-27 18:15:50;27-06-2026;19:03:00;382;Scheduled;AA;KH;Railjet;10 cars (Nos. 1-263);EB + AFMPZ + AMPZ + BRMPZ + BBMPZ + BMPZ + BMPZ + BMPZ + BMPZ + BDMPZ
2026-06-27 20:17:51;27-06-2026;21:02:30;1199;Scheduled;FA;HMB;Talgo;17 cars (Nos. 1-25);EB + BPD + BPT + BP + BPT + BP + BPT + BP + BPT + BP + BPT + BP + BPH + AP + APT + BPD + EB
2026-06-27 18:15:50;27-06-2026;21:03:00;392;Scheduled;KD;KH;IC3;14 cars (Nos. 31-92);ER + ER + MFU + MFA + MFU
2026-06-28 04:46:40;28-06-2026;08:02:30;1191;Scheduled;KH;HMB;Talgo;17 cars (Nos. 1-111);EB + BPD + APT + AP + BPH + BP + BPT + BP + BPT + BP + BPT + BP + BPT + BP + BPT + BPD + EB
2026-06-28 04:46:40;28-06-2026;09:02:30;383;Cancelled;KH;#PH;Unknown;0 cars;
2026-06-28 04:46:40;28-06-2026;09:03:00;1198;Scheduled;HMB;KH;Talgo;16 cars (Nos. 1-25);EB + BPD + APT + AP + BPH + BP + BPT + BP + BPT + BP + BPT + BP + BPT + BP + BPT + BPD
2026-06-28 08:27:14;28-06-2026;11:02:30;393;Cancelled;PA;HMB;Vectron-hauled;1 cars (Nos. 1-1);EB
2026-06-28 08:27:14;28-06-2026;11:03:00;398;Scheduled;PA;KH;IC3;4 cars (Nos. 31-34);ER
2026-06-28 11:15:14;28-06-2026;13:02:30;385;Scheduled;KH;AA;Railjet;10 cars (Nos. 1-263);EB + AFMPZ + AMPZ + BRMPZ + BBMPZ + BMPZ + BMPZ + BMPZ + BMPZ + BDMPZ
2026-06-28 11:15:14;28-06-2026;13:03:00;396;Scheduled;HMB;KH;Talgo;17 cars (Nos. 1-111);EB + BPD + BPT + BP + BPT + BP + BPT + BP + BPT + BP + BPT + BP + BPH + AP + APT + BPD + EB
2026-06-28 11:15:14;28-06-2026;14:03:00;1196;Scheduled;HMB;FA;Talgo;17 cars (Nos. 1-25);EB + BPD + BPT + BP + BPT + BP + BPT + BP + BPT + BP + BPT + BP + BPH + AP + APT + BPD + EB
2026-06-28 11:15:14;28-06-2026;15:02:30;395;Scheduled;KH;HMB;IC3;2 cars (Nos. 11-12);MFU
2026-06-28 15:39:00;28-06-2026;15:03:00;384;Scheduled;AA;KH;Railjet;10 cars (Nos. 111-263);EB + AFMPZ + AMPZ + BRMPZ + BBMPZ + BMPZ + BMPZ + BMPZ + BMPZ + BDMPZ
2026-06-28 14:12:19;28-06-2026;17:02:30;397;Scheduled;KH;HMB;Talgo;16 cars (Nos. 1-25);EB + BPD + BPT + BP + BPT + BP + BPT + BP + BPT + BP + BPT + BP + BPH + AP + APT + BPD
2026-06-28 14:12:19;28-06-2026;17:03:00;394;Cancelled;HMB;KH;Talgo;16 cars (Nos. 1-25);EB + BPD + APT + AP + BPH + BP + BPT + BP + BPT + BP + BPT + BP + BPT + BP + BPT + BPD
2026-06-28 15:39:00;28-06-2026;19:02:30;399;Cancelled;KH;HMB;Unknown;0 cars;
2026-06-28 17:32:53;28-06-2026;19:03:00;382;Scheduled;AA;KH;Railjet;10 cars (Nos. 1-263);EB + AFMPZ + AMPZ + BRMPZ + BBMPZ + BMPZ + BMPZ + BMPZ + BMPZ + BDMPZ
2026-06-28 17:32:53;28-06-2026;21:02:30;1199;Scheduled;FA;HMB;Talgo;17 cars (Nos. 1-25);EB + BPD + APT + AP + BPH + BP + BPT + BP + BPT + BP + BPT + BP + BPT + BP + BPT + BPD + EB
2026-06-28 17:32:53;28-06-2026;21:03:00;392;Scheduled;PA;KH;IC3;14 cars (Nos. 11-114);ER + ER + ER + MFU
2026-06-28 23:15:55;29-06-2026;02:37:00;387;Scheduled;KH;#PH;Railjet;10 cars (Nos. 111-263);BDMPZ + BMPZ + BMPZ + BMPZ + BMPZ + BBMPZ + BRMPZ + AMPZ + AFMPZ + EB
2026-06-28 23:15:55;29-06-2026;02:44:00;386;Scheduled;AA;KH;Railjet;10 cars (Nos. 1-263);EB + AFMPZ + AMPZ + BRMPZ + BBMPZ + BMPZ + BMPZ + BMPZ + BMPZ + BDMPZ
2026-06-29 04:56:48;29-06-2026;08:02:30;1191;Cancelled;PA;HMB;Talgo;16 cars (Nos. 1-25);EB + BPD + APT + AP + BPH + BP + BPT + BP + BPT + BP + BPT + BP + BPT + BP + BPT + BPD
2026-06-29 04:56:48;29-06-2026;09:02:30;383;Scheduled;KH;AA;Railjet;10 cars (Nos. 1-263);EB + BDMPZ + BMPZ + BMPZ + BMPZ + BMPZ + BBMPZ + BRMPZ + AMPZ + AFMPZ
2026-06-29 04:56:48;29-06-2026;09:03:00;1198;Scheduled;HMB;KH;Talgo;16 cars (Nos. 1-25);EB + BPD + BPT + BP + BPT + BP + BPT + BP + BPT + BP + BPT + BP + BPH + AP + APT + BPD
2026-06-29 09:56:26;29-06-2026;11:02:30;393;Scheduled;KH;HMB;Talgo;17 cars (Nos. 1-111);EB + BPD + APT + AP + BPH + BP + BPT + BP + BPT + BP + BPT + BP + BPT + BP + BPT + BPD + EB
2026-06-29 04:56:48;29-06-2026;11:03:00;398;Cancelled;HMB;KH;Talgo;16 cars (Nos. 1-25);EB + BPD + APT + AP + BPH + BP + BPT + BP + BPT + BP + BPT + BP + BPT + BP + BPT + BPD
2026-06-29 09:56:26;29-06-2026;13:02:30;385;Scheduled;KH;AA;Railjet;10 cars (Nos. 1-263);EB + BDMPZ + BMPZ + BMPZ + BMPZ + BMPZ + BBMPZ + BRMPZ + AMPZ + AFMPZ
2026-06-29 09:56:26;29-06-2026;13:03:00;396;Scheduled;HMB;KH;Talgo;16 cars (Nos. 1-25);EB + BPD + APT + AP + BPH + BP + BPT + BP + BPT + BP + BPT + BP + BPT + BP + BPT + BPD
2026-06-29 09:56:26;29-06-2026;14:03:00;1196;Cancelled;HMB;FA;Talgo;17 cars (Nos. 1-25);EB + BPD + BPT + BP + BPT + BP + BPT + BP + BPT + BP + BPT + BP + BPH + AP + APT + BPD + EB
2026-06-29 09:56:26;29-06-2026;15:02:30;395;Scheduled;KH;HMB;IC3;6 cars (Nos. 71-92);MFU + MFA + MFU
2026-06-29 14:17:40;29-06-2026;15:03:00;384;Scheduled;AA;KH;Railjet;10 cars (Nos. 1-263);EB + AFMPZ + AMPZ + BRMPZ + BBMPZ + BMPZ + BMPZ + BMPZ + BMPZ + BDMPZ
2026-06-29 14:17:40;29-06-2026;17:02:30;397;Scheduled;KH;HMB;Talgo;16 cars (Nos. 1-25);EB + BPD + APT + AP + BPH + BP + BPT + BP + BPT + BP + BPT + BP + BPT + BP + BPT + BPD
2026-06-29 14:17:40;29-06-2026;17:03:00;394;Scheduled;HMB;KH;Talgo;17 cars (Nos. 1-111);EB + BPD + BPT + BP + BPT + BP + BPT + BP + BPT + BP + BPT + BP + BPH + AP + APT + BPD + EB
2026-06-29 14:17:40;29-06-2026;19:02:30;399;Cancelled;KH;HMB;Talgo;16 cars (Nos. 1-25);EB + BPD + APT + AP + BPH + BP + BPT + BP + BPT + BP + BPT + BP + BPT + BP + BPT + BPD
2026-06-29 17:46:50;29-06-2026;19:03:00;382;Scheduled;AA;KH;Railjet;10 cars (Nos. 1-263);EB + BDMPZ + BMPZ + BMPZ + BMPZ + BMPZ + BBMPZ + BRMPZ + AMPZ + AFMPZ
2026-06-29 17:46:50;29-06-2026;21:02:30;1199;Scheduled;FA;HMB;Talgo;16 cars (Nos. 1-25);EB + BPD + BPT + BP + BPT + BP + BPT + BP + BPT + BP + BPT + BP + BPH + AP + APT + BPD
2026-06-29 17:46:50;29-06-2026;21:03:00;392;Scheduled;HMB;KH;IC3;6 cars (Nos. 71-92);MFU + MFA + MFU
2026-06-30 00:18:37;30-06-2026;02:37:00;387;Scheduled;KH;AA;Railjet;10 cars (Nos. 1-263);EB + BDMPZ + BMPZ + BMPZ + BMPZ + BMPZ + BBMPZ + BRMPZ + AMPZ + AFMPZ
2026-06-30 00:18:37;30-06-2026;02:44:00;386;Scheduled;AA;KH;Railjet;10 cars (Nos. 1-263);EB + AFMPZ + AMPZ + BRMPZ + BBMPZ + BMPZ + BMPZ + BMPZ + BMPZ + BDMPZ
2026-06-30 05:16:10;30-06-2026;08:02:30;1191;Scheduled;KH;HMB;Talgo;17 cars (Nos. 11-121);EB + BPD + APT + AP + BPH + BP + BPT + BP + BPT + BP + BPT + BP + BPT + BP + BPT + BPD + EB
2026-06-30 05:16:10;30-06-2026;09:02:30;383;Scheduled;KH;AA;Railjet;10 cars (Nos. 1-263);EB + AFMPZ + AMPZ + BRMPZ + BBMPZ + BMPZ + BMPZ + BMPZ + BMPZ + BDMPZ
2026-06-30 05:16:10;30-06-2026;09:03:00;1198;Cancelled;HMB;KH;Talgo;16 cars (Nos. 1-25);EB + BPD + BPT + BP + BPT + BP + BPT + BP + BPT + BP + BPT + BP + BPH + AP + APT + BPD
2026-06-30 05:16:10;30-06-2026;11:02:30;393;Scheduled;KH;HMB;Talgo;17 cars (Nos. 1-111);EB + EB + BPD + BPT + BP + BPT + BP + BPT + BP + BPT + BP + BPT + BP + BPH + AP + APT + BPD
2026-06-30 05:16:10;30-06-2026;11:03:00;398;Cancelled;HMB;KH;Talgo;16 cars (Nos. 1-25);EB + BPD + BPT + BP + BPT + BP + BPT + BP + BPT + BP + BPT + BP + BPH + AP + APT + BPD
2026-06-30 09:58:02;30-06-2026;13:02:30;385;Scheduled;KH;AA;Railjet;10 cars (Nos. 1-263);EB + BDMPZ + BMPZ + BMPZ + BMPZ + BMPZ + BBMPZ + BRMPZ + AMPZ + AFMPZ
2026-06-30 09:58:02;30-06-2026;13:03:00;396;Scheduled;HMB;KH;Talgo;17 cars (Nos. 1-25);EB + BPD + BPT + BP + BPT + BP + BPT + BP + BPT + BP + BPT + BP + BPH + AP + APT + BPD + EB
2026-06-30 09:58:02;30-06-2026;14:03:00;1196;Cancelled;HMB;FA;Vectron-hauled;1 cars (Nos. 1-1);EB
2026-06-30 12:22:22;30-06-2026;15:02:30;395;Scheduled;KH;HMB;IC3;6 cars (Nos. 71-92);MFU + MFA + MFU
2026-06-30 12:22:22;30-06-2026;15:03:00;384;Scheduled;AA;KH;Railjet;10 cars (Nos. 1-263);EB + AFMPZ + AMPZ + BRMPZ + BBMPZ + BMPZ + BMPZ + BMPZ + BMPZ + BDMPZ
2026-06-30 12:22:22;30-06-2026;17:02:30;397;Scheduled;PA;HMB;Talgo;16 cars (Nos. 1-25);EB + BPD + APT + AP + BPH + BP + BPT + BP + BPT + BP + BPT + BP + BPT + BP + BPT + BPD
2026-06-30 12:22:22;30-06-2026;17:03:00;394;Scheduled;PA;KH;Talgo;16 cars (Nos. 1-25);EB + BPD + BPT + BP + BPT + BP + BPT + BP + BPT + BP + BPT + BP + BPH + AP + APT + BPD
2026-06-30 15:39:06;30-06-2026;19:02:30;399;Cancelled;KH;HMB;Talgo;17 cars (Nos. 1-111);EB + BPD + BPT + BP + BPT + BP + BPT + BP + BPT + BP + BPT + BP + BPH + AP + APT + BPD + EB
2026-06-30 18:09:19;30-06-2026;19:03:00;382;Scheduled;PA;KH;Talgo;17 cars (Nos. 1-269);EB + BPD + APT + AP + BPH + BP + BPT + BP + BPT + BP + BPT + BP + BPT + BP + BPT + BPD + EB
2026-06-30 18:09:19;30-06-2026;21:02:30;1199;Cancelled;FA;HMB;Talgo;18 cars (Nos. 2-121);EB + BPD + APT + AP + BPH + BP + BPT + BP + BPT + BP + BPT + BP + BPT + BP + BPT + BPD + EB + EB
2026-06-30 18:09:19;30-06-2026;21:03:00;392;Scheduled;PA;KH;IC3;4 cars (Nos. 71-82);MFU + MFU
2026-07-01 05:52:23;01-07-2026;08:02:30;1191;Scheduled;KH;HMB;IC3;4 cars (Nos. 111-122);MFU + MFU
2026-07-01 05:52:23;01-07-2026;09:02:30;383;Scheduled;KH;AA;Railjet;10 cars (Nos. 1-263);EB + BDMPZ + BMPZ + BMPZ + BMPZ + BMPZ + BBMPZ + BRMPZ + AMPZ + AFMPZ
2026-07-01 05:52:23;01-07-2026;09:03:00;1198;Scheduled;HMB;KH;Talgo;16 cars (Nos. 1-25);EB + BPD + BPT + BP + BPT + BP + BPT + BP + BPT + BP + BPT + BP + BPH + AP + APT + BPD
2026-07-01 05:52:23;01-07-2026;11:02:30;393;Scheduled;KH;HMB;Talgo;17 cars (Nos. 1-111);EB + BPD + BPT + BP + BPT + BP + BPT + BP + BPT + BP + BPT + BP + BPH + AP + APT + BPD + EB
2026-07-01 05:52:23;01-07-2026;11:03:00;398;Cancelled;HMB;KH;Talgo;16 cars (Nos. 1-25);EB + BPD + BPT + BP + BPT + BP + BPT + BP + BPT + BP + BPT + BP + BPH + AP + APT + BPD
2026-07-01 10:09:09;01-07-2026;13:02:30;385;Scheduled;KH;AA;Railjet;10 cars (Nos. 1-263);EB + BDMPZ + BMPZ + BMPZ + BMPZ + BMPZ + BBMPZ + BRMPZ + AMPZ + AFMPZ
2026-07-01 10:09:09;01-07-2026;13:03:00;396;Scheduled;HMB;KH;Talgo;16 cars (Nos. 1-25);EB + BPD + BPT + BP + BPT + BP + BPT + BP + BPT + BP + BPT + BP + BPH + AP + APT + BPD
2026-07-01 10:09:09;01-07-2026;14:03:00;1196;Scheduled;HMB;FA;IC3;4 cars (Nos. 111-122);MFU + MFU
2026-07-01 12:45:07;01-07-2026;15:02:30;395;Scheduled;KD;HMB;IC3;4 cars (Nos. 111-122);MFU + MFU
2026-07-01 12:45:07;01-07-2026;15:03:00;384;Scheduled;AA;KH;Railjet;10 cars (Nos. 1-263);EB + AFMPZ + AMPZ + BRMPZ + BBMPZ + BMPZ + BMPZ + BMPZ + BMPZ + BDMPZ
2026-07-01 15:48:17;01-07-2026;17:02:30;397;Scheduled;KH;HMB;Talgo;17 cars (Nos. 1-111);EB + EB + BPD + APT + AP + BPH + BP + BPT + BP + BPT + BP + BPT + BP + BPT + BP + BPT + BPD
2026-07-01 12:45:07;01-07-2026;17:03:00;394;Scheduled;HMB;KH;Talgo;17 cars (Nos. 1-111);EB + BPD + APT + AP + BPH + BP + BPT + BP + BPT + BP + BPT + BP + BPT + BP + BPT + BPD + EB
2026-07-01 15:48:17;01-07-2026;19:02:30;399;Cancelled;KH;HMB;Unknown;0 cars;
2026-07-01 15:48:17;01-07-2026;19:03:00;382;Scheduled;AA;KH;Railjet;10 cars (Nos. 1-263);EB + AFMPZ + AMPZ + BRMPZ + BBMPZ + BMPZ + BMPZ + BMPZ + BMPZ + BDMPZ
2026-07-01 18:12:28;01-07-2026;21:02:30;1199;Scheduled;FA;HMB;Talgo;17 cars (Nos. 1-25);EB + BPD + APT + AP + BPH + BP + BPT + BP + BPT + BP + BPT + BP + BPT + BP + BPT + BPD + EB
2026-07-01 20:11:50;01-07-2026;21:03:00;392;Scheduled;PA;KH;IC3;12 cars (Nos. 1-114);ER + ER + MFU + MFU
2026-07-02 04:18:16;02-07-2026;08:02:30;1191;Scheduled;KH;HMB;Talgo;17 cars (Nos. 1-111);EB + BPD + BPT + BP + BPT + BP + BPT + BP + BPT + BP + BPT + BP + BPH + AP + APT + BPD + EB
2026-07-02 04:18:16;02-07-2026;09:02:30;383;Scheduled;KH;AA;Railjet;10 cars (Nos. 1-263);EB + BDMPZ + BMPZ + BMPZ + BMPZ + BMPZ + BBMPZ + BRMPZ + AMPZ + AFMPZ
2026-07-02 04:18:16;02-07-2026;09:03:00;1198;Scheduled;HMB;KH;Talgo;16 cars (Nos. 1-25);EB + BPD + BPT + BP + BPT + BP + BPT + BP + BPT + BP + BPT + BP + BPH + AP + APT + BPD
2026-07-02 08:22:32;02-07-2026;11:02:30;393;Cancelled;PA;HMB;IC3;8 cars (Nos. 111-124);ER + ER
2026-07-02 08:22:32;02-07-2026;11:03:00;398;Cancelled;PA;KH;Talgo;16 cars (Nos. 1-25);EB + BPD + BPT + BP + BPT + BP + BPT + BP + BPT + BP + BPT + BP + BPH + AP + APT + BPD
2026-07-02 08:22:32;02-07-2026;13:02:30;385;Scheduled;KH;AA;Railjet;10 cars (Nos. 1-263);EB + BDMPZ + BMPZ + BMPZ + BMPZ + BMPZ + BBMPZ + BRMPZ + AMPZ + AFMPZ
2026-07-02 08:22:32;02-07-2026;13:03:00;396;Scheduled;HMB;KH;Talgo;17 cars (Nos. 11-121);EB + BPD + BPT + BP + BPT + BP + BPT + BP + BPT + BP + BPT + BP + BPH + AP + APT + BPD + EB
2026-07-02 11:41:40;02-07-2026;14:03:00;1196;Scheduled;HMB;FA;Talgo;17 cars (Nos. 2-111);EB + BPD + APT + AP + BPH + BP + BPT + BP + BPT + BP + BPT + BP + BPT + BP + BPT + BPD + EB
2026-07-02 11:41:40;02-07-2026;15:02:30;395;Scheduled;KH;HMB;IC3;6 cars (Nos. 111-132);MFU + MFA + MFU
2026-07-02 11:41:40;02-07-2026;15:03:00;384;Scheduled;AA;KH;Railjet;10 cars (Nos. 1-263);EB + AFMPZ + AMPZ + BRMPZ + BBMPZ + BMPZ + BMPZ + BMPZ + BMPZ + BDMPZ
2026-07-02 14:26:01;02-07-2026;17:02:30;397;Scheduled;KH;HMB;Talgo;17 cars (Nos. 1-111);EB + EB + BPD + APT + AP + BPH + BP + BPT + BP + BPT + BP + BPT + BP + BPT + BP + BPT + BPD
2026-07-02 14:26:01;02-07-2026;17:03:00;394;Scheduled;PA;KH;IC3;8 cars (Nos. 61-114);ER + ER
2026-07-02 16:59:54;02-07-2026;19:02:30;399;Cancelled;KH;HMB;Unknown;0 cars;
2026-07-02 16:59:54;02-07-2026;19:03:00;382;Scheduled;AA;KH;Railjet;10 cars (Nos. 1-263);EB + AFMPZ + AMPZ + BRMPZ + BBMPZ + BMPZ + BMPZ + BMPZ + BMPZ + BDMPZ
2026-07-02 18:45:37;02-07-2026;21:02:30;1199;Scheduled;FA;HMB;Talgo;17 cars (Nos. 1-111);EB + BPD + BPT + BP + BPT + BP + BPT + BP + BPT + BP + BPT + BP + BPH + AP + APT + BPD + EB
2026-07-02 22:16:47;02-07-2026;21:03:00;392;Scheduled;PA;KH;IC3;14 cars (Nos. 71-124);ER + ER + MFU + MFA + MFU
2026-07-03 04:53:57;03-07-2026;08:02:30;1191;Cancelled;KH;HMB;Unknown;0 cars;
2026-07-03 04:53:57;03-07-2026;09:02:30;383;Scheduled;KH;AA;Railjet;10 cars (Nos. 1-263);EB + BDMPZ + BMPZ + BMPZ + BMPZ + BMPZ + BBMPZ + BRMPZ + AMPZ + AFMPZ
2026-07-03 04:53:57;03-07-2026;09:03:00;1198;Scheduled;HMB;KH;Talgo;16 cars (Nos. 1-25);EB + BPD + APT + AP + BPH + BP + BPT + BP + BPT + BP + BPT + BP + BPT + BP + BPT + BPD
2026-07-03 08:24:49;03-07-2026;11:02:30;393;Scheduled;KH;HMB;Talgo;16 cars (Nos. 1-25);EB + BPD + BPT + BP + BPT + BP + BPT + BP + BPT + BP + BPT + BP + BPH + AP + APT + BPD
2026-07-03 08:24:49;03-07-2026;11:03:00;398;Scheduled;PA;KH;IC3;4 cars (Nos. 11-14);ER
2026-07-03 08:24:49;03-07-2026;13:02:30;385;Scheduled;KH;AA;Railjet;10 cars (Nos. 1-263);EB + BDMPZ + BMPZ + BMPZ + BMPZ + BMPZ + BBMPZ + BRMPZ + AMPZ + AFMPZ
2026-07-03 08:24:49;03-07-2026;13:03:00;396;Scheduled;HMB;KH;Talgo;16 cars (Nos. 1-25);EB + BPD + BPT + BP + BPT + BP + BPT + BP + BPT + BP + BPT + BP + BPH + AP + APT + BPD
2026-07-03 11:40:09;03-07-2026;14:03:00;1196;Cancelled;HMB;FA;Talgo;17 cars (Nos. 1-25);EB + BPD + BPT + BP + BPT + BP + BPT + BP + BPT + BP + BPT + BP + BPH + AP + APT + BPD + EB
2026-07-03 11:40:09;03-07-2026;15:02:30;395;Scheduled;KH;HMB;IC3;6 cars (Nos. 71-92);MFU + MFA + MFU
2026-07-03 14:29:23;03-07-2026;15:03:00;384;Scheduled;AA;KH;Railjet;10 cars (Nos. 1-263);EB + AFMPZ + AMPZ + BRMPZ + BBMPZ + BMPZ + BMPZ + BMPZ + BMPZ + BDMPZ
2026-07-03 14:29:23;03-07-2026;17:02:30;397;Scheduled;KH;HMB;Talgo;17 cars (Nos. 1-111);EB + EB + BPD + BPT + BP + BPT + BP + BPT + BP + BPT + BP + BPT + BP + BPH + AP + APT + BPD
2026-07-03 14:29:23;03-07-2026;17:03:00;394;Scheduled;HMB;KH;Talgo;16 cars (Nos. 1-25);EB + BPD + APT + AP + BPH + BP + BPT + BP + BPT + BP + BPT + BP + BPT + BP + BPT + BPD
2026-07-03 16:43:28;03-07-2026;19:02:30;399;Scheduled;KH;HMB;Talgo;16 cars (Nos. 1-25);EB + BPD + APT + AP + BPH + BP + BPT + BP + BPT + BP + BPT + BP + BPT + BP + BPT + BPD
2026-07-03 16:43:28;03-07-2026;19:03:00;382;Scheduled;AA;KH;Railjet;10 cars (Nos. 1-263);EB + AFMPZ + AMPZ + BRMPZ + BBMPZ + BMPZ + BMPZ + BMPZ + BMPZ + BDMPZ
2026-07-03 18:36:39;03-07-2026;21:02:30;1199;Scheduled;FA;HMB;Talgo;17 cars (Nos. 1-25);EB + BPD + BPT + BP + BPT + BP + BPT + BP + BPT + BP + BPT + BP + BPH + AP + APT + BPD + EB
2026-07-03 18:36:39;03-07-2026;21:03:00;392;Scheduled;HMB;KH;IC3;6 cars (Nos. 71-92);MFU + MFA + MFU
2026-07-04 03:57:46;04-07-2026;08:02:30;1191;Scheduled;KH;HMB;Talgo;17 cars (Nos. 1-25);EB + BPD + BPT + BP + BPT + BP + BPT + BP + BPT + BP + BPT + BP + BPH + AP + APT + BPD + EB
2026-07-04 03:57:46;04-07-2026;09:02:30;383;Scheduled;KH;AA;Railjet;10 cars (Nos. 1-263);EB + BDMPZ + BMPZ + BMPZ + BMPZ + BMPZ + BBMPZ + BRMPZ + AMPZ + AFMPZ
2026-07-04 07:11:41;04-07-2026;09:03:00;1198;Scheduled;HMB;KH;Talgo;16 cars (Nos. 1-25);EB + BPD + APT + AP + BPH + BP + BPT + BP + BPT + BP + BPT + BP + BPT + BP + BPT + BPD
2026-07-04 03:57:46;04-07-2026;11:02:30;393;Cancelled;PA;HMB;Talgo;17 cars (Nos. 1-111);EB + EB + BPD + APT + AP + BPH + BP + BPT + BP + BPT + BP + BPT + BP + BPT + BP + BPT + BPD
2026-07-04 07:11:41;04-07-2026;11:03:00;398;Scheduled;HMB;KH;Talgo;16 cars (Nos. 1-25);EB + BPD + BPT + BP + BPT + BP + BPT + BP + BPT + BP + BPT + BP + BPH + AP + APT + BPD
2026-07-04 09:29:42;04-07-2026;13:02:30;385;Scheduled;KH;AA;Railjet;10 cars (Nos. 1-263);EB + BDMPZ + BMPZ + BMPZ + BMPZ + BMPZ + BBMPZ + BRMPZ + AMPZ + AFMPZ
2026-07-04 11:43:53;04-07-2026;13:03:00;396;Scheduled;HMB;KH;Talgo;16 cars (Nos. 1-25);EB + BPD + BPT + BP + BPT + BP + BPT + BP + BPT + BP + BPT + BP + BPH + AP + APT + BPD
2026-07-04 11:43:53;04-07-2026;14:03:00;1196;Scheduled;HMB;FA;Talgo;17 cars (Nos. 1-25);EB + BPD + APT + AP + BPH + BP + BPT + BP + BPT + BP + BPT + BP + BPT + BP + BPT + BPD + EB
2026-07-04 11:43:53;04-07-2026;15:02:30;395;Scheduled;KH;HMB;IC3;6 cars (Nos. 71-92);MFU + MFU + MFU
2026-07-04 13:55:10;04-07-2026;15:03:00;384;Scheduled;AA;KH;Railjet;10 cars (Nos. 1-263);EB + AFMPZ + AMPZ + BRMPZ + BBMPZ + BMPZ + BMPZ + BMPZ + BMPZ + BDMPZ
2026-07-04 15:19:19;04-07-2026;17:02:30;397;Scheduled;KH;HMB;Talgo;16 cars (Nos. 1-25);EB + BPD + BPT + BP + BPT + BP + BPT + BP + BPT + BP + BPT + BP + BPH + AP + APT + BPD
2026-07-04 13:55:10;04-07-2026;17:03:00;394;Cancelled;PA;KH;IC3;8 cars (Nos. 111-124);ER + ER
2026-07-04 15:19:19;04-07-2026;19:02:30;399;Scheduled;KH;HMB;Talgo;16 cars (Nos. 1-25);EB + BPD + BPT + BP + BPT + BP + BPT + BP + BPT + BP + BPT + BP + BPH + AP + APT + BPD
2026-07-04 17:16:57;04-07-2026;19:03:00;382;Scheduled;AA;KH;Railjet;10 cars (Nos. 1-263);EB + AFMPZ + AMPZ + BRMPZ + BBMPZ + BMPZ + BMPZ + BMPZ + BMPZ + BDMPZ
2026-07-04 19:34:10;04-07-2026;21:02:30;1199;Scheduled;FA;HMB;Talgo;17 cars (Nos. 1-25);EB + BPD + BPT + BP + BPT + BP + BPT + BP + BPT + BP + BPT + BP + BPH + AP + APT + BPD + EB
2026-07-04 17:16:57;04-07-2026;21:03:00;392;Scheduled;HMB;KH;IC3;6 cars (Nos. 71-92);MFU + MFU + MFU
2026-07-05 04:17:28;05-07-2026;08:02:30;1191;Scheduled;KH;HMB;Talgo;17 cars (Nos. 1-111);EB + BPD + APT + AP + BPH + BP + BPT + BP + BPT + BP + BPT + BP + BPT + BP + BPT + BPD + EB
2026-07-05 04:17:28;05-07-2026;09:02:30;383;Scheduled;KH;AA;Railjet;10 cars (Nos. 1-263);EB + BDMPZ + BMPZ + BMPZ + BMPZ + BMPZ + BBMPZ + BRMPZ + AMPZ + AFMPZ
2026-07-05 04:17:28;05-07-2026;09:03:00;1198;Scheduled;HMB;KH;Talgo;16 cars (Nos. 1-25);EB + BPD + APT + AP + BPH + BP + BPT + BP + BPT + BP + BPT + BP + BPT + BP + BPT + BPD
2026-07-05 08:12:38;05-07-2026;11:02:30;393;Cancelled;KH;HMB;Talgo;16 cars (Nos. 1-25);EB + BPD + APT + AP + BPH + BP + BPT + BP + BPT + BP + BPT + BP + BPT + BP + BPT + BPD
2026-07-05 08:12:38;05-07-2026;11:03:00;398;Scheduled;HMB;KH;Talgo;16 cars (Nos. 1-25);EB + BPD + APT + AP + BPH + BP + BPT + BP + BPT + BP + BPT + BP + BPT + BP + BPT + BPD
2026-07-05 10:26:20;05-07-2026;13:02:30;385;Scheduled;KH;AA;Railjet;10 cars (Nos. 1-263);EB + BDMPZ + BMPZ + BMPZ + BMPZ + BMPZ + BBMPZ + BRMPZ + AMPZ + AFMPZ
2026-07-05 10:26:20;05-07-2026;13:03:00;396;Scheduled;HMB;KH;Talgo;16 cars (Nos. 1-25);EB + BPD + APT + AP + BPH + BP + BPT + BP + BPT + BP + BPT + BP + BPT + BP + BPT + BPD
2026-07-05 10:26:20;05-07-2026;14:03:00;1196;Scheduled;HMB;FA;Talgo;17 cars (Nos. 1-25);EB + BPD + BPT + BP + BPT + BP + BPT + BP + BPT + BP + BPT + BP + BPH + AP + APT + BPD + EB
2026-07-05 12:22:47;05-07-2026;15:02:30;395;Scheduled;KH;HMB;IC3;6 cars (Nos. 71-92);MFU + MFU + MFU
2026-07-05 12:22:47;05-07-2026;15:03:00;384;Scheduled;AA;KH;Railjet;10 cars (Nos. 1-263);EB + AFMPZ + AMPZ + BRMPZ + BBMPZ + BMPZ + BMPZ + BMPZ + BMPZ + BDMPZ
2026-07-05 14:50:57;05-07-2026;17:02:30;397;Scheduled;KH;HMB;Talgo;17 cars (Nos. 1-111);EB + EB + BPD + BPT + BP + BPT + BP + BPT + BP + BPT + BP + BPT + BP + BPH + AP + APT + BPD
2026-07-05 14:50:57;05-07-2026;17:03:00;394;Scheduled;PA;KH;IC3;8 cars (Nos. 21-114);ER + ER
2026-07-05 18:13:35;05-07-2026;19:02:30;399;Cancelled;KH;HMB;Talgo;16 cars (Nos. 1-25);EB + BPD + APT + AP + BPH + BP + BPT + BP + BPT + BP + BPT + BP + BPT + BP + BPT + BPD
2026-07-05 16:17:01;05-07-2026;19:03:00;382;Scheduled;AA;KH;Railjet;10 cars (Nos. 1-263);EB + AFMPZ + AMPZ + BRMPZ + BBMPZ + BMPZ + BMPZ + BMPZ + BMPZ + BDMPZ
2026-07-05 19:40:49;05-07-2026;21:03:00;392;Scheduled;HMB;KH;IC3;6 cars (Nos. 71-92);MFU + MFU + MFU
2026-07-06 05:21:43;06-07-2026;08:02:30;1191;Cancelled;PA;HMB;Talgo;16 cars (Nos. 1-25);EB + BPD + APT + AP + BPH + BP + BPT + BP + BPT + BP + BPT + BP + BPT + BP + BPT + BPD
2026-07-06 05:21:43;06-07-2026;09:02:30;383;Scheduled;KH;AA;Railjet;10 cars (Nos. 1-263);EB + BDMPZ + BMPZ + BMPZ + BMPZ + BMPZ + BBMPZ + BRMPZ + AMPZ + AFMPZ
2026-07-06 05:21:43;06-07-2026;09:03:00;1198;Scheduled;HMB;KH;Talgo;16 cars (Nos. 1-25);EB + BPD + BPT + BP + BPT + BP + BPT + BP + BPT + BP + BPT + BP + BPH + AP + APT + BPD
2026-07-06 05:21:43;06-07-2026;11:02:30;393;Scheduled;KH;HMB;Talgo;16 cars (Nos. 1-25);EB + BPD + APT + AP + BPH + BP + BPT + BP + BPT + BP + BPT + BP + BPT + BP + BPT + BPD
2026-07-06 05:21:43;06-07-2026;11:03:00;398;Cancelled;PA;KH;Talgo;16 cars (Nos. 1-25);EB + BPD + APT + AP + BPH + BP + BPT + BP + BPT + BP + BPT + BP + BPT + BP + BPT + BPD
2026-07-06 10:58:26;06-07-2026;13:02:30;385;Scheduled;KH;AA;Railjet;10 cars (Nos. 1-263);EB + BDMPZ + BMPZ + BMPZ + BMPZ + BMPZ + BBMPZ + BRMPZ + AMPZ + AFMPZ
2026-07-06 10:58:26;06-07-2026;13:03:00;396;Scheduled;HMB;KH;Talgo;16 cars (Nos. 1-25);EB + BPD + APT + AP + BPH + BP + BPT + BP + BPT + BP + BPT + BP + BPT + BP + BPT + BPD
2026-07-06 10:58:26;06-07-2026;14:03:00;1196;Scheduled;PA;FA;IC3;8 cars (Nos. 111-124);ER + ER
2026-07-06 10:58:26;06-07-2026;15:02:30;395;Scheduled;KH;HMB;IC3;6 cars (Nos. 71-92);MFU + MFA + MFU
2026-07-06 10:58:26;06-07-2026;15:03:00;384;Scheduled;AA;KH;Railjet;10 cars (Nos. 1-263);EB + AFMPZ + AMPZ + BRMPZ + BBMPZ + BMPZ + BMPZ + BMPZ + BMPZ + BDMPZ
2026-07-06 14:34:06;06-07-2026;17:02:30;397;Scheduled;KH;HMB;Talgo;16 cars (Nos. 1-25);EB + BPD + APT + AP + BPH + BP + BPT + BP + BPT + BP + BPT + BP + BPT + BP + BPT + BPD
2026-07-06 14:34:06;06-07-2026;17:03:00;394;Scheduled;HMB;KH;Talgo;16 cars (Nos. 1-25);EB + BPD + BPT + BP + BPT + BP + BPT + BP + BPT + BP + BPT + BP + BPH + AP + APT + BPD
2026-07-06 14:34:06;06-07-2026;19:03:00;382;Scheduled;AA;KH;Railjet;10 cars (Nos. 1-263);EB + AFMPZ + AMPZ + BRMPZ + BBMPZ + BMPZ + BMPZ + BMPZ + BMPZ + BDMPZ
2026-07-06 17:49:07;06-07-2026;21:02:30;1199;Scheduled;FA;HMB;Talgo;17 cars (Nos. 1-25);EB + BPD + APT + AP + BPH + BP + BPT + BP + BPT + BP + BPT + BP + BPT + BP + BPT + BPD + EB
2026-07-06 17:49:07;06-07-2026;21:03:00;392;Scheduled;HMB;KH;IC3;6 cars (Nos. 71-92);MFU + MFA + MFU
2026-07-06 23:20:42;07-07-2026;02:19:00;386;Scheduled;AA;KH;Railjet;10 cars (Nos. 1-263);EB + AFMPZ + AMPZ + BRMPZ + BBMPZ + BMPZ + BMPZ + BMPZ + BMPZ + BDMPZ
2026-07-06 23:20:42;07-07-2026;02:37:00;387;Scheduled;KH;AA;Railjet;10 cars (Nos. 1-263);EB + BDMPZ + BMPZ + BMPZ + BMPZ + BMPZ + BBMPZ + BRMPZ + AMPZ + AFMPZ
2026-07-07 04:13:43;07-07-2026;08:02:30;1191;Scheduled;KH;HMB;Talgo;16 cars (Nos. 1-25);EB + BPD + BPT + BP + BPT + BP + BPT + BP + BPT + BP + BPT + BP + BPH + AP + APT + BPD
2026-07-07 04:13:43;07-07-2026;09:02:30;383;Scheduled;KH;AA;Railjet;10 cars (Nos. 1-263);EB + AFMPZ + AMPZ + BRMPZ + BBMPZ + BMPZ + BMPZ + BMPZ + BMPZ + BDMPZ
2026-07-07 04:13:43;07-07-2026;09:03:00;1198;Scheduled;HMB;KH;Talgo;16 cars (Nos. 1-25);EB + BPD + BPT + BP + BPT + BP + BPT + BP + BPT + BP + BPT + BP + BPH + AP + APT + BPD
2026-07-07 07:51:24;07-07-2026;11:02:30;393;Scheduled;KH;HMB;Talgo;16 cars (Nos. 1-25);EB + BPD + APT + AP + BPH + BP + BPT + BP + BPT + BP + BPT + BP + BPT + BP + BPT + BPD
2026-07-07 07:51:24;07-07-2026;13:02:30;385;Scheduled;KH;AA;Railjet;10 cars (Nos. 1-263);EB + BDMPZ + BMPZ + BMPZ + BMPZ + BMPZ + BBMPZ + BRMPZ + AMPZ + AFMPZ
2026-07-07 07:51:24;07-07-2026;13:03:00;396;Scheduled;HMB;KH;Talgo;16 cars (Nos. 1-25);EB + BPD + BPT + BP + BPT + BP + BPT + BP + BPT + BP + BPT + BP + BPH + AP + APT + BPD
2026-07-07 11:17:34;07-07-2026;14:03:00;1196;Scheduled;HMB;FA;Talgo;17 cars (Nos. 1-25);EB + BPD + APT + AP + BPH + BP + BPT + BP + BPT + BP + BPT + BP + BPT + BP + BPT + BPD + EB
2026-07-07 11:17:34;07-07-2026;15:02:30;395;Scheduled;KH;HMB;IC3;6 cars (Nos. 71-92);MFU + MFA + MFU
2026-07-07 11:17:34;07-07-2026;15:03:00;384;Scheduled;AA;KH;Railjet;10 cars (Nos. 1-263);EB + AFMPZ + AMPZ + BRMPZ + BBMPZ + BMPZ + BMPZ + BMPZ + BMPZ + BDMPZ
2026-07-07 15:09:57;07-07-2026;17:02:30;397;Scheduled;KH;HMB;Talgo;16 cars (Nos. 1-25);EB + BPD + APT + AP + BPH + BP + BPT + BP + BPT + BP + BPT + BP + BPT + BP + BPT + BPD
2026-07-07 11:17:34;07-07-2026;17:03:00;394;Scheduled;HMB;KH;Talgo;16 cars (Nos. 1-25);EB + BPD + BPT + BP + BPT + BP + BPT + BP + BPT + BP + BPT + BP + BPH + AP + APT + BPD
2026-07-07 17:24:32;07-07-2026;19:03:00;382;Scheduled;AA;KH;Railjet;10 cars (Nos. 1-263);EB + AFMPZ + AMPZ + BRMPZ + BBMPZ + BMPZ + BMPZ + BMPZ + BMPZ + BDMPZ
2026-07-07 17:24:32;07-07-2026;21:02:30;1199;Scheduled;FA;HMB;Talgo;17 cars (Nos. 1-25);EB + BPD + BPT + BP + BPT + BP + BPT + BP + BPT + BP + BPT + BP + BPH + AP + APT + BPD + EB
2026-07-07 17:24:32;07-07-2026;21:03:00;392;Scheduled;HMB;KH;IC3;6 cars (Nos. 71-92);MFU + MFA + MFU
2026-07-08 00:10:14;08-07-2026;02:19:00;386;Scheduled;AA;KH;Railjet;10 cars (Nos. 1-263);EB + AFMPZ + AMPZ + BRMPZ + BBMPZ + BMPZ + BMPZ + BMPZ + BMPZ + BDMPZ
2026-07-08 00:10:14;08-07-2026;02:37:00;387;Scheduled;KH;AA;Railjet;10 cars (Nos. 1-263);EB + BDMPZ + BMPZ + BMPZ + BMPZ + BMPZ + BBMPZ + BRMPZ + AMPZ + AFMPZ
2026-07-08 03:39:18;08-07-2026;08:02:30;1191;Scheduled;KH;HMB;Talgo;16 cars (Nos. 1-25);EB + BPD + APT + AP + BPH + BP + BPT + BP + BPT + BP + BPT + BP + BPT + BP + BPT + BPD
2026-07-08 06:36:22;08-07-2026;09:02:30;383;Scheduled;KH;AA;Railjet;10 cars (Nos. 1-263);EB + BDMPZ + BMPZ + BMPZ + BMPZ + BMPZ + BBMPZ + BRMPZ + AMPZ + AFMPZ
2026-07-08 06:36:22;08-07-2026;09:03:00;1198;Scheduled;HMB;KH;Talgo;16 cars (Nos. 1-25);EB + BPD + APT + AP + BPH + BP + BPT + BP + BPT + BP + BPT + BP + BPT + BP + BPT + BPD
2026-07-08 06:36:22;08-07-2026;11:02:30;393;Scheduled;KH;HMB;Talgo;16 cars (Nos. 1-25);EB + BPD + APT + AP + BPH + BP + BPT + BP + BPT + BP + BPT + BP + BPT + BP + BPT + BPD
2026-07-08 09:32:41;08-07-2026;13:02:30;385;Scheduled;KH;AA;Railjet;10 cars (Nos. 1-263);EB + BDMPZ + BMPZ + BMPZ + BMPZ + BMPZ + BBMPZ + BRMPZ + AMPZ + AFMPZ
2026-07-08 09:32:41;08-07-2026;13:03:00;396;Scheduled;HMB;KH;Talgo;16 cars (Nos. 1-25);EB + BPD + BPT + BP + BPT + BP + BPT + BP + BPT + BP + BPT + BP + BPH + AP + APT + BPD
2026-07-08 11:55:26;08-07-2026;14:03:00;1196;Scheduled;HMB;FA;Talgo;17 cars (Nos. 1-25);EB + BPD + BPT + BP + BPT + BP + BPT + BP + BPT + BP + BPT + BP + BPH + AP + APT + BPD + EB
2026-07-08 11:55:26;08-07-2026;15:02:30;395;Scheduled;KH;HMB;IC3;6 cars (Nos. 71-92);MFU + MFU + MFU
2026-07-08 11:55:26;08-07-2026;15:03:00;384;Scheduled;AA;KH;Railjet;10 cars (Nos. 1-263);EB + AFMPZ + AMPZ + BRMPZ + BBMPZ + BMPZ + BMPZ + BMPZ + BMPZ + BDMPZ
2026-07-08 14:36:54;08-07-2026;17:02:30;397;Scheduled;KH;HMB;Talgo;16 cars (Nos. 1-25);EB + BPD + BPT + BP + BPT + BP + BPT + BP + BPT + BP + BPT + BP + BPH + AP + APT + BPD
2026-07-08 14:36:54;08-07-2026;17:03:00;394;Scheduled;HMB;KH;Talgo;16 cars (Nos. 1-25);EB + BPD + BPT + BP + BPT + BP + BPT + BP + BPT + BP + BPT + BP + BPH + AP + APT + BPD
2026-07-08 16:47:24;08-07-2026;19:03:00;382;Scheduled;AA;KH;Railjet;10 cars (Nos. 1-263);EB + AFMPZ + AMPZ + BRMPZ + BBMPZ + BMPZ + BMPZ + BMPZ + BMPZ + BDMPZ
2026-07-08 18:40:56;08-07-2026;21:02:30;1199;Scheduled;FA;HMB;Talgo;17 cars (Nos. 1-25);EB + BPD + APT + AP + BPH + BP + BPT + BP + BPT + BP + BPT + BP + BPT + BP + BPT + BPD + EB
2026-07-08 18:40:56;08-07-2026;21:03:00;392;Scheduled;HMB;KH;IC3;6 cars (Nos. 71-92);MFU + MFU + MFU
2026-07-08 23:29:58;09-07-2026;02:19:00;386;Scheduled;AA;KH;Railjet;10 cars (Nos. 1-263);EB + AFMPZ + AMPZ + BRMPZ + BBMPZ + BMPZ + BMPZ + BMPZ + BMPZ + BDMPZ
2026-07-08 23:29:58;09-07-2026;02:37:00;387;Scheduled;KH;AA;Railjet;10 cars (Nos. 1-263);EB + BDMPZ + BMPZ + BMPZ + BMPZ + BMPZ + BBMPZ + BRMPZ + AMPZ + AFMPZ
2026-07-09 04:09:35;09-07-2026;08:02:30;1191;Scheduled;KH;HMB;Talgo;16 cars (Nos. 1-25);EB + BPD + BPT + BP + BPT + BP + BPT + BP + BPT + BP + BPT + BP + BPH + AP + APT + BPD
2026-07-09 04:09:35;09-07-2026;09:02:30;383;Scheduled;KH;AA;Railjet;10 cars (Nos. 1-263);EB + BDMPZ + BMPZ + BMPZ + BMPZ + BMPZ + BBMPZ + BRMPZ + AMPZ + AFMPZ
2026-07-09 04:09:35;09-07-2026;09:03:00;1198;Scheduled;HMB;KH;Talgo;16 cars (Nos. 1-25);EB + BPD + APT + AP + BPH + BP + BPT + BP + BPT + BP + BPT + BP + BPT + BP + BPT + BPD
2026-07-09 07:54:55;09-07-2026;11:02:30;393;Scheduled;KH;HMB;Talgo;16 cars (Nos. 1-25);EB + BPD + APT + AP + BPH + BP + BPT + BP + BPT + BP + BPT + BP + BPT + BP + BPT + BPD
2026-07-09 07:54:55;09-07-2026;13:02:30;385;Scheduled;KH;AA;Railjet;10 cars (Nos. 1-263);EB + BDMPZ + BMPZ + BMPZ + BMPZ + BMPZ + BBMPZ + BRMPZ + AMPZ + AFMPZ
2026-07-09 07:54:55;09-07-2026;13:03:00;396;Scheduled;HMB;KH;Talgo;16 cars (Nos. 1-25);EB + BPD + BPT + BP + BPT + BP + BPT + BP + BPT + BP + BPT + BP + BPH + AP + APT + BPD
2026-07-09 11:21:19;09-07-2026;14:03:00;1196;Scheduled;HMB;FA;Talgo;17 cars (Nos. 1-25);EB + BPD + APT + AP + BPH + BP + BPT + BP + BPT + BP + BPT + BP + BPT + BP + BPT + BPD + EB
2026-07-09 11:21:19;09-07-2026;15:02:30;395;Scheduled;KH;HMB;IC3;6 cars (Nos. 71-92);MFU + MFA + MFU
2026-07-09 11:21:19;09-07-2026;15:03:00;384;Scheduled;AA;KH;Railjet;10 cars (Nos. 1-263);EB + AFMPZ + AMPZ + BRMPZ + BBMPZ + BMPZ + BMPZ + BMPZ + BMPZ + BDMPZ
2026-07-09 11:21:19;09-07-2026;17:02:30;397;Scheduled;KH;HMB;Talgo;16 cars (Nos. 1-25);EB + BPD + BPT + BP + BPT + BP + BPT + BP + BPT + BP + BPT + BP + BPH + AP + APT + BPD
2026-07-09 11:21:19;09-07-2026;17:03:00;394;Scheduled;HMB;KH;Talgo;16 cars (Nos. 1-25);EB + BPD + BPT + BP + BPT + BP + BPT + BP + BPT + BP + BPT + BP + BPH + AP + APT + BPD
2026-07-09 15:31:10;09-07-2026;19:03:00;382;Scheduled;AA;KH;Railjet;10 cars (Nos. 1-263);EB + AFMPZ + AMPZ + BRMPZ + BBMPZ + BMPZ + BMPZ + BMPZ + BMPZ + BDMPZ
2026-07-09 18:06:31;09-07-2026;21:02:30;1199;Scheduled;FA;HMB;Talgo;17 cars (Nos. 1-25);EB + BPD + BPT + BP + BPT + BP + BPT + BP + BPT + BP + BPT + BP + BPH + AP + APT + BPD + EB
2026-07-09 18:06:31;09-07-2026;21:03:00;392;Scheduled;HMB;KH;IC3;6 cars (Nos. 71-92);MFU + MFA + MFU
2026-07-09 23:33:50;10-07-2026;02:19:00;386;Scheduled;AA;KH;Railjet;10 cars (Nos. 1-263);EB + BDMPZ + BMPZ + BMPZ + BMPZ + BMPZ + BBMPZ + BRMPZ + AMPZ + AFMPZ
2026-07-09 23:33:50;10-07-2026;02:37:00;387;Scheduled;KH;AA;Railjet;10 cars (Nos. 1-263);EB + BDMPZ + BMPZ + BMPZ + BMPZ + BMPZ + BBMPZ + BRMPZ + AMPZ + AFMPZ
2026-07-10 04:09:54;10-07-2026;08:02:30;1191;Scheduled;KH;HMB;Talgo;16 cars (Nos. 1-25);EB + BPD + APT + AP + BPH + BP + BPT + BP + BPT + BP + BPT + BP + BPT + BP + BPT + BPD
2026-07-10 04:09:54;10-07-2026;09:02:30;383;Scheduled;KH;AA;Railjet;10 cars (Nos. 1-263);EB + BDMPZ + BMPZ + BMPZ + BMPZ + BMPZ + BBMPZ + BRMPZ + AMPZ + AFMPZ
2026-07-10 04:09:54;10-07-2026;09:03:00;1198;Scheduled;HMB;KH;Talgo;16 cars (Nos. 1-25);EB + BPD + APT + AP + BPH + BP + BPT + BP + BPT + BP + BPT + BP + BPT + BP + BPT + BPD
2026-07-10 07:49:04;10-07-2026;11:02:30;393;Scheduled;KH;HMB;Talgo;16 cars (Nos. 1-25);EB + BPD + APT + AP + BPH + BP + BPT + BP + BPT + BP + BPT + BP + BPT + BP + BPT + BPD
2026-07-10 07:49:04;10-07-2026;13:02:30;385;Scheduled;KH;AA;Railjet;10 cars (Nos. 1-263);EB + AFMPZ + AMPZ + BRMPZ + BBMPZ + BMPZ + BMPZ + BMPZ + BMPZ + BDMPZ
2026-07-10 07:49:04;10-07-2026;13:03:00;396;Scheduled;HMB;KH;Talgo;16 cars (Nos. 1-25);EB + BPD + APT + AP + BPH + BP + BPT + BP + BPT + BP + BPT + BP + BPT + BP + BPT + BPD
2026-07-10 11:15:54;10-07-2026;14:03:00;1196;Scheduled;HMB;FA;Talgo;17 cars (Nos. 1-25);EB + BPD + BPT + BP + BPT + BP + BPT + BP + BPT + BP + BPT + BP + BPH + AP + APT + BPD + EB
2026-07-10 11:15:54;10-07-2026;15:02:30;395;Scheduled;KH;HMB;IC3;6 cars (Nos. 71-92);MFU + MFA + MFU
2026-07-10 11:15:54;10-07-2026;15:03:00;384;Scheduled;AA;KH;Railjet;10 cars (Nos. 1-263);EB + AFMPZ + AMPZ + BRMPZ + BBMPZ + BMPZ + BMPZ + BMPZ + BMPZ + BDMPZ
2026-07-10 14:48:49;10-07-2026;17:02:30;397;Scheduled;KH;HMB;Talgo;17 cars (Nos. 1-111);EB + BPD + BPT + BP + BPT + BP + BPT + BP + BPT + BP + BPT + BP + BPH + AP + APT + BPD + EB
2026-07-10 14:48:49;10-07-2026;17:03:00;394;Scheduled;HMB;KH;Talgo;16 cars (Nos. 1-25);EB + BPD + BPT + BP + BPT + BP + BPT + BP + BPT + BP + BPT + BP + BPH + AP + APT + BPD
2026-07-10 17:05:04;10-07-2026;19:03:00;382;Scheduled;AA;KH;Railjet;10 cars (Nos. 1-263);EB + AFMPZ + AMPZ + BRMPZ + BBMPZ + BMPZ + BMPZ + BMPZ + BMPZ + BDMPZ
2026-07-10 18:42:12;10-07-2026;21:02:30;1199;Scheduled;FA;HMB;Talgo;17 cars (Nos. 1-25);EB + BPD + BPT + BP + BPT + BP + BPT + BP + BPT + BP + BPT + BP + BPH + AP + APT + BPD + EB
2026-07-10 18:42:12;10-07-2026;21:03:00;392;Scheduled;HMB;KH;IC3;6 cars (Nos. 71-92);MFU + MFA + MFU
2026-07-11 03:36:59;11-07-2026;08:02:30;1191;Cancelled;KH;HMB;Talgo;17 cars (Nos. 1-111);EB + BPD + APT + AP + BPH + BP + BPT + BP + BPT + BP + BPT + BP + BPT + BP + BPT + BPD + EB
2026-07-11 06:23:50;11-07-2026;09:02:30;383;Scheduled;KH;AA;Railjet;10 cars (Nos. 1-263);EB + BDMPZ + BMPZ + BMPZ + BMPZ + BMPZ + BBMPZ + BRMPZ + AMPZ + AFMPZ
2026-07-11 06:23:50;11-07-2026;09:03:00;1198;Scheduled;HMB;KH;Talgo;16 cars (Nos. 1-25);EB + BPD + APT + AP + BPH + BP + BPT + BP + BPT + BP + BPT + BP + BPT + BP + BPT + BPD
2026-07-11 08:57:09;11-07-2026;11:02:30;393;Scheduled;KH;HMB;Talgo;17 cars (Nos. 1-25);EB + BPD + BPT + BP + BPT + BP + BPT + BP + BPT + BP + BPT + BP + BPH + AP + APT + BPD + EB
2026-07-11 10:32:01;11-07-2026;13:02:30;385;Scheduled;KH;AA;Railjet;10 cars (Nos. 1-263);EB + BDMPZ + BMPZ + BMPZ + BMPZ + BMPZ + BBMPZ + BRMPZ + AMPZ + AFMPZ
2026-07-11 10:32:01;11-07-2026;13:03:00;396;Cancelled;PA;FA;Talgo;17 cars (Nos. 111-136);EB + BPD + APT + AP + BPH + BP + BPT + BP + BPT + BP + BPT + BP + BPT + BP + BPT + BPD + EB
2026-07-11 12:02:04;11-07-2026;14:03:00;1196;Scheduled;HMB;FA;Talgo;16 cars (Nos. 11-111);EB + BPD + APT + AP + BPH + BP + BPT + BP + BPT + BP + BPT + BP + BPT + BP + BPT + BPD
2026-07-11 12:02:04;11-07-2026;15:02:30;395;Scheduled;KH;HMB;IC3;6 cars (Nos. 71-92);MFU + MFA + MFU
2026-07-11 12:02:04;11-07-2026;15:03:00;384;Scheduled;AA;KH;Railjet;10 cars (Nos. 1-263);EB + BDMPZ + BMPZ + BMPZ + BMPZ + BMPZ + BBMPZ + BRMPZ + AMPZ + AFMPZ
2026-07-11 16:07:38;11-07-2026;17:02:30;397;Scheduled;KH;HMB;Talgo;17 cars (Nos. 1-111);EB + BPD + BPT + BP + BPT + BP + BPT + BP + BPT + BP + BPT + BP + BPH + AP + APT + BPD + EB
2026-07-11 15:11:22;11-07-2026;17:03:00;394;Scheduled;HMB;FA;Talgo;17 cars (Nos. 1-25);EB + BPD + APT + AP + BPH + BP + BPT + BP + BPT + BP + BPT + BP + BPT + BP + BPT + BPD + EB
2026-07-11 19:22:27;11-07-2026;21:02:30;1199;Cancelled;PA;HMB;Talgo;17 cars (Nos. 1-111);EB + BPD + BPT + BP + BPT + BP + BPT + BP + BPT + BP + BPT + BP + BPH + AP + APT + BPD + EB
2026-07-11 18:04:53;11-07-2026;21:03:00;392;Scheduled;HMB;FA;IC3;6 cars (Nos. 71-92);MFU + MFA + MFU
2026-07-12 06:44:42;12-07-2026;09:02:30;1171;Scheduled;FA;HMB;IC3;6 cars (Nos. 71-92);MFU + MFA + MFU
2026-07-12 10:41:58;12-07-2026;11:02:30;393;Scheduled;FA;HMB;Talgo;17 cars (Nos. 1-25);EB + BPD + BPT + BP + BPT + BP + BPT + BP + BPT + BP + BPT + BP + BPH + AP + APT + BPD + EB
2026-07-12 06:44:42;12-07-2026;11:03:00;398;Scheduled;HMB;FA;Talgo;17 cars (Nos. 1-25);EB + BPD + APT + AP + BPH + BP + BPT + BP + BPT + BP + BPT + BP + BPT + BP + BPT + BPD + EB
2026-07-12 09:11:57;12-07-2026;12:04:00;1187;Scheduled;PA;HMB;Unknown;0 cars;
2026-07-12 10:41:58;12-07-2026;13:03:00;396;Scheduled;HMB;FA;Talgo;17 cars (Nos. 1-25);EB + BPD + APT + AP + BPH + BP + BPT + BP + BPT + BP + BPT + BP + BPT + BP + BPT + BPD + EB
2026-07-12 13:51:27;12-07-2026;15:02:30;395;Scheduled;FA;HMB;Talgo;17 cars (Nos. 1-25);EB + BPD + BPT + BP + BPT + BP + BPT + BP + BPT + BP + BPT + BP + BPH + AP + APT + BPD + EB
2026-07-12 12:06:40;12-07-2026;15:03:00;1176;Scheduled;HMB;FA;IC3;6 cars (Nos. 71-92);MFU + MFA + MFU
2026-07-12 13:51:27;12-07-2026;17:02:30;397;Scheduled;FA;HMB;Talgo;16 cars (Nos. 1-25);EB + BPD + BPT + BP + BPT + BP + BPT + BP + BPT + BP + BPT + BP + BPH + AP + APT + BPD
2026-07-12 15:11:40;12-07-2026;17:03:00;394;Scheduled;PA;FA;Talgo;17 cars (Nos. 1-25);EB + BPD + APT + AP + BPH + BP + BPT + BP + BPT + BP + BPT + BP + BPT + BP + BPT + BPD + EB
2026-07-12 18:07:49;12-07-2026;21:02:30;1199;Scheduled;FA;HMB;Talgo;17 cars (Nos. 1-25);EB + BPD + BPT + BP + BPT + BP + BPT + BP + BPT + BP + BPT + BP + BPH + AP + APT + BPD + EB
2026-07-12 19:20:53;12-07-2026;21:03:00;392;Scheduled;HMB;FA;Talgo;17 cars (Nos. 1-25);EB + BPD + APT + AP + BPH + BP + BPT + BP + BPT + BP + BPT + BP + BPT + BP + BPT + BPD + EB
2026-07-12 15:11:40;12-07-2026;17:02:30;2887;Scheduled;PA;HMB;Talgo;17 cars (Nos. 111-136);EB + BPD + APT + AP + BPH + BP + BPT + BP + BPT + BP + BPT + BP + BPT + BP + BPT + BPD + EB
2026-07-13 03:54:06;13-07-2026;09:02:30;1171;Scheduled;FA;HMB;IC3;6 cars (Nos. 71-92);MFU + MFA + MFU
2026-07-13 07:33:39;13-07-2026;11:02:30;393;Scheduled;FA;HMB;Talgo;17 cars (Nos. 1-25);EB + BPD + BPT + BP + BPT + BP + BPT + BP + BPT + BP + BPT + BP + BPH + AP + APT + BPD + EB
2026-07-13 07:33:39;13-07-2026;11:03:00;398;Scheduled;HMB;FA;Talgo;17 cars (Nos. 1-25);EB + BPD + APT + AP + BPH + BP + BPT + BP + BPT + BP + BPT + BP + BPT + BP + BPT + BPD + EB
2026-07-13 07:33:39;13-07-2026;12:04:00;1187;Scheduled;PA;HMB;Unknown;0 cars;
2026-07-13 11:26:14;13-07-2026;13:03:00;396;Scheduled;HMB;FA;Talgo;17 cars (Nos. 1-25);EB + BPD + APT + AP + BPH + BP + BPT + BP + BPT + BP + BPT + BP + BPT + BP + BPT + BPD + EB
2026-07-13 11:26:14;13-07-2026;15:02:30;395;Scheduled;FA;HMB;Talgo;17 cars (Nos. 1-25);EB + BPD + BPT + BP + BPT + BP + BPT + BP + BPT + BP + BPT + BP + BPH + AP + APT + BPD + EB
2026-07-13 11:26:14;13-07-2026;15:03:00;1176;Scheduled;HMB;FA;IC3;6 cars (Nos. 71-92);MFU + MFA + MFU
2026-07-13 15:07:56;13-07-2026;17:02:30;397;Scheduled;FA;HMB;Talgo;17 cars (Nos. 1-25);EB + BPD + BPT + BP + BPT + BP + BPT + BP + BPT + BP + BPT + BP + BPH + AP + APT + BPD + EB
2026-07-13 15:07:56;13-07-2026;17:03:00;394;Scheduled;HMB;FA;Talgo;17 cars (Nos. 1-25);EB + BPD + APT + AP + BPH + BP + BPT + BP + BPT + BP + BPT + BP + BPT + BP + BPT + BPD + EB
2026-07-13 17:20:58;13-07-2026;21:02:30;1199;Scheduled;FA;HMB;Talgo;17 cars (Nos. 1-25);EB + BPD + BPT + BP + BPT + BP + BPT + BP + BPT + BP + BPT + BP + BPH + AP + APT + BPD + EB
2026-07-13 17:20:58;13-07-2026;21:03:00;392;Cancelled;HMB;FA;Talgo;17 cars (Nos. 1-25);EB + BPD + BPT + BP + BPT + BP + BPT + BP + BPT + BP + BPT + BP + BPH + AP + APT + BPD + EB
2026-07-14 06:21:38;14-07-2026;09:02:30;1171;Scheduled;FA;HMB;IC3;6 cars (Nos. 71-92);MFU + MFA + MFU
2026-07-14 06:21:38;14-07-2026;11:02:30;393;Scheduled;FA;HMB;Talgo;17 cars (Nos. 1-25);EB + BPD + BPT + BP + BPT + BP + BPT + BP + BPT + BP + BPT + BP + BPH + AP + APT + BPD + EB
2026-07-14 06:21:38;14-07-2026;11:03:00;398;Scheduled;HMB;FA;Talgo;17 cars (Nos. 1-25);EB + BPD + APT + AP + BPH + BP + BPT + BP + BPT + BP + BPT + BP + BPT + BP + BPT + BPD + EB
2026-07-14 10:55:39;14-07-2026;13:03:00;396;Scheduled;HMB;FA;Talgo;17 cars (Nos. 1-25);EB + BPD + APT + AP + BPH + BP + BPT + BP + BPT + BP + BPT + BP + BPT + BP + BPT + BPD + EB
2026-07-14 12:21:23;14-07-2026;15:02:30;395;Scheduled;FA;HMB;Talgo;17 cars (Nos. 1-25);EB + BPD + BPT + BP + BPT + BP + BPT + BP + BPT + BP + BPT + BP + BPH + AP + APT + BPD + EB
2026-07-14 12:21:23;14-07-2026;15:03:00;1176;Scheduled;HMB;FA;IC3;6 cars (Nos. 71-92);MFU + MFA + MFU
2026-07-14 15:00:34;14-07-2026;17:02:30;397;Scheduled;FA;HMB;Talgo;17 cars (Nos. 1-25);EB + BPD + APT + AP + BPH + BP + BPT + BP + BPT + BP + BPT + BP + BPT + BP + BPT + BPD + EB
2026-07-14 15:00:34;14-07-2026;17:03:00;394;Scheduled;HMB;FA;Talgo;17 cars (Nos. 1-25);EB + BPD + APT + AP + BPH + BP + BPT + BP + BPT + BP + BPT + BP + BPT + BP + BPT + BPD + EB
2026-07-14 18:14:56;14-07-2026;21:02:30;1199;Scheduled;FA;HMB;Talgo;17 cars (Nos. 1-25);EB + BPD + BPT + BP + BPT + BP + BPT + BP + BPT + BP + BPT + BP + BPH + AP + APT + BPD + EB
2026-07-14 18:14:56;14-07-2026;21:03:00;392;Scheduled;HMB;FA;Talgo;17 cars (Nos. 1-25);EB + BPD + APT + AP + BPH + BP + BPT + BP + BPT + BP + BPT + BP + BPT + BP + BPT + BPD + EB
2026-07-15 06:25:19;15-07-2026;09:02:30;1171;Scheduled;FA;HMB;IC3;6 cars (Nos. 71-92);MFU + MFA + MFU
2026-07-15 06:25:19;15-07-2026;11:02:30;393;Scheduled;FA;HMB;Talgo;17 cars (Nos. 1-25);EB + BPD + BPT + BP + BPT + BP + BPT + BP + BPT + BP + BPT + BP + BPH + AP + APT + BPD + EB
2026-07-15 06:25:19;15-07-2026;11:03:00;398;Scheduled;HMB;FA;Talgo;17 cars (Nos. 1-25);EB + BPD + BPT + BP + BPT + BP + BPT + BP + BPT + BP + BPT + BP + BPH + AP + APT + BPD + EB
2026-07-15 09:18:58;15-07-2026;13:03:00;396;Scheduled;HMB;FA;Talgo;17 cars (Nos. 1-25);EB + BPD + APT + AP + BPH + BP + BPT + BP + BPT + BP + BPT + BP + BPT + BP + BPT + BPD + EB
2026-07-15 11:45:51;15-07-2026;15:02:30;395;Scheduled;FA;HMB;Talgo;17 cars (Nos. 1-25);EB + BPD + APT + AP + BPH + BP + BPT + BP + BPT + BP + BPT + BP + BPT + BP + BPT + BPD + EB
2026-07-15 11:45:51;15-07-2026;15:03:00;1176;Scheduled;HMB;FA;IC3;6 cars (Nos. 71-92);MFU + MFA + MFU
2026-07-15 14:05:43;15-07-2026;17:02:30;397;Scheduled;FA;HMB;Talgo;17 cars (Nos. 1-25);EB + BPD + BPT + BP + BPT + BP + BPT + BP + BPT + BP + BPT + BP + BPH + AP + APT + BPD + EB
2026-07-15 15:44:50;15-07-2026;17:03:00;394;Scheduled;HMB;FA;Talgo;17 cars (Nos. 1-25);EB + BPD + APT + AP + BPH + BP + BPT + BP + BPT + BP + BPT + BP + BPT + BP + BPT + BPD + EB
2026-07-15 17:35:18;15-07-2026;21:02:30;1199;Scheduled;FA;HMB;Talgo;17 cars (Nos. 1-25);EB + BPD + BPT + BP + BPT + BP + BPT + BP + BPT + BP + BPT + BP + BPH + AP + APT + BPD + EB
2026-07-15 17:35:18;15-07-2026;21:03:00;392;Scheduled;HMB;FA;Talgo;17 cars (Nos. 1-25);EB + BPD + BPT + BP + BPT + BP + BPT + BP + BPT + BP + BPT + BP + BPH + AP + APT + BPD + EB
2026-07-16 06:28:42;16-07-2026;09:02:30;1171;Scheduled;FA;HMB;IC3;4 cars (Nos. 71-82);MFU + MFU
2026-07-16 06:28:42;16-07-2026;11:02:30;393;Scheduled;FA;HMB;Talgo;17 cars (Nos. 1-25);EB + BPD + APT + AP + BPH + BP + BPT + BP + BPT + BP + BPT + BP + BPT + BP + BPT + BPD + EB
2026-07-16 09:24:15;16-07-2026;11:03:00;398;Scheduled;HMB;FA;Talgo;17 cars (Nos. 1-25);EB + BPD + APT + AP + BPH + BP + BPT + BP + BPT + BP + BPT + BP + BPT + BP + BPT + BPD + EB
2026-07-16 09:24:15;16-07-2026;13:03:00;396;Scheduled;HMB;FA;Talgo;17 cars (Nos. 1-25);EB + BPD + APT + AP + BPH + BP + BPT + BP + BPT + BP + BPT + BP + BPT + BP + BPT + BPD + EB
2026-07-16 11:51:29;16-07-2026;15:02:30;395;Scheduled;FA;HMB;Talgo;17 cars (Nos. 1-25);EB + BPD + BPT + BP + BPT + BP + BPT + BP + BPT + BP + BPT + BP + BPH + AP + APT + BPD + EB
2026-07-16 11:51:29;16-07-2026;15:03:00;1176;Scheduled;HMB;FA;IC3;4 cars (Nos. 71-82);MFU + MFU
2026-07-16 14:17:23;16-07-2026;17:02:30;397;Scheduled;FA;HMB;Talgo;17 cars (Nos. 1-25);EB + BPD + BPT + BP + BPT + BP + BPT + BP + BPT + BP + BPT + BP + BPH + AP + APT + BPD + EB
2026-07-16 14:17:23;16-07-2026;17:03:00;394;Scheduled;HMB;FA;Talgo;17 cars (Nos. 1-25);EB + BPD + BPT + BP + BPT + BP + BPT + BP + BPT + BP + BPT + BP + BPH + AP + APT + BPD + EB
2026-07-16 18:17:01;16-07-2026;21:02:30;1199;Scheduled;FA;HMB;Talgo;17 cars (Nos. 1-25);EB + BPD + APT + AP + BPH + BP + BPT + BP + BPT + BP + BPT + BP + BPT + BP + BPT + BPD + EB
2026-07-16 18:17:01;16-07-2026;21:03:00;392;Scheduled;HMB;FA;Talgo;17 cars (Nos. 1-25);EB + BPD + APT + AP + BPH + BP + BPT + BP + BPT + BP + BPT + BP + BPT + BP + BPT + BPD + EB
2026-07-17 06:25:10;17-07-2026;09:02:30;1171;Scheduled;FA;HMB;IC3;6 cars (Nos. 71-92);MFU + MFA + MFU
2026-07-17 06:25:10;17-07-2026;11:02:30;393;Scheduled;FA;HMB;Talgo;17 cars (Nos. 1-25);EB + BPD + BPT + BP + BPT + BP + BPT + BP + BPT + BP + BPT + BP + BPH + AP + APT + BPD + EB
2026-07-17 09:18:38;17-07-2026;11:03:00;398;Scheduled;HMB;FA;Talgo;17 cars (Nos. 1-25);EB + BPD + APT + AP + BPH + BP + BPT + BP + BPT + BP + BPT + BP + BPT + BP + BPT + BPD + EB
2026-07-17 09:18:38;17-07-2026;13:03:00;396;Scheduled;HMB;FA;Talgo;17 cars (Nos. 1-25);EB + BPD + BPT + BP + BPT + BP + BPT + BP + BPT + BP + BPT + BP + BPH + AP + APT + BPD + EB
2026-07-17 11:37:46;17-07-2026;15:02:30;395;Scheduled;FA;HMB;Talgo;17 cars (Nos. 1-25);EB + BPD + BPT + BP + BPT + BP + BPT + BP + BPT + BP + BPT + BP + BPH + AP + APT + BPD + EB
2026-07-17 11:37:46;17-07-2026;15:03:00;1176;Scheduled;HMB;FA;IC3;6 cars (Nos. 71-92);MFU + MFA + MFU
2026-07-17 13:58:56;17-07-2026;17:02:30;397;Scheduled;FA;HMB;Talgo;17 cars (Nos. 1-25);EB + BPD + APT + AP + BPH + BP + BPT + BP + BPT + BP + BPT + BP + BPT + BP + BPT + BPD + EB
2026-07-17 13:58:56;17-07-2026;17:03:00;394;Scheduled;HMB;FA;Talgo;17 cars (Nos. 1-25);EB + BPD + APT + AP + BPH + BP + BPT + BP + BPT + BP + BPT + BP + BPT + BP + BPT + BPD + EB
2026-07-17 17:21:07;17-07-2026;21:02:30;1199;Scheduled;FA;HMB;Talgo;17 cars (Nos. 1-25);EB + BPD + BPT + BP + BPT + BP + BPT + BP + BPT + BP + BPT + BP + BPH + AP + APT + BPD + EB
2026-07-17 17:21:07;17-07-2026;21:03:00;392;Scheduled;HMB;FA;Talgo;17 cars (Nos. 1-25);EB + BPD + APT + AP + BPH + BP + BPT + BP + BPT + BP + BPT + BP + BPT + BP + BPT + BPD + EB
2026-07-20 03:58:48;20-07-2026;08:02:30;1191;Scheduled;FA;AHAR;Talgo;17 cars (Nos. 1-25);EB + BPD + BPT + BP + BPT + BP + BPT + BP + BPT + BP + BPT + BP + BPH + AP + APT + BPD + EB
2026-07-20 03:58:48;20-07-2026;09:03:00;1198;Scheduled;AP;KH;Talgo;17 cars (Nos. 1-111);EB + BPD + APT + AP + BPH + BP + BPT + BP + BPT + BP + BPT + BP + BPT + BP + BPT + BPD + EB
2026-07-20 07:25:04;20-07-2026;11:02:30;393;Scheduled;FA;HMB;IC3;4 cars (Nos. 111-122);MFU + MFU
2026-07-20 07:25:04;20-07-2026;13:02:30;13465;Cancelled;KH;HMB;Vectron-hauled;2 cars (Nos. 1-2);EB + EB
2026-07-20 11:10:34;20-07-2026;13:03:00;396;Scheduled;HMB;KH;Talgo;17 cars (Nos. 1-25);EB + BPD + BPT + BP + BPT + BP + BPT + BP + BPT + BP + BPT + BP + BPH + AP + APT + BPD + EB
2026-07-20 11:10:34;20-07-2026;14:03:00;1196;Scheduled;AHAR;FA;Talgo;17 cars (Nos. 1-25);EB + BPD + APT + AP + BPH + BP + BPT + BP + BPT + BP + BPT + BP + BPT + BP + BPT + BPD + EB
2026-07-20 11:10:34;20-07-2026;15:02:30;395;Scheduled;KD;HMB;Talgo;17 cars (Nos. 1-111);EB + BPD + APT + AP + BPH + BP + BPT + BP + BPT + BP + BPT + BP + BPT + BP + BPT + BPD + EB
2026-07-20 11:10:34;20-07-2026;15:03:00;13464;Cancelled;AHAR;KH;Railjet;9 cars (Nos. 255-263);AFMPZ + AMPZ + BRMPZ + BBMPZ + BMPZ + BMPZ + BMPZ + BMPZ + BDMPZ
2026-07-20 13:15:15;20-07-2026;17:02:30;397;Scheduled;KD;HMB;Talgo;17 cars (Nos. 1-111);EB + BPD + APT + AP + BPH + BP + BPT + BP + BPT + BP + BPT + BP + BPT + BP + BPT + BPD + EB
2026-07-20 13:15:15;20-07-2026;17:03:00;394;Scheduled;HMB;FA;IC3;4 cars (Nos. 111-122);MFU + MFU
2026-07-20 18:15:39;20-07-2026;21:02:30;1199;Scheduled;PA;AP;Talgo;17 cars (Nos. 1-25);EB + BPD + APT + AP + BPH + BP + BPT + BP + BPT + BP + BPT + BP + BPT + BP + BPT + BPD + EB
2026-07-20 18:15:39;20-07-2026;21:03:00;392;Scheduled;PA;FA;Unknown;4 cars (Nos. 1-92);MFA + MFA
2026-07-21 03:39:08;21-07-2026;08:02:30;1191;Scheduled;PA;AHAR;Talgo;17 cars (Nos. 1-25);EB + BPD + APT + AP + BPH + BP + BPT + BP + BPT + BP + BPT + BP + BPT + BP + BPT + BPD + EB
2026-07-21 06:38:38;21-07-2026;09:02:30;13463;Cancelled;KH;HMB;IC3;8 cars (Nos. 11-24);ER + ER
2026-07-21 06:38:38;21-07-2026;09:03:00;1198;Scheduled;AP;KH;Talgo;17 cars (Nos. 1-111);EB + BPD + BPT + BP + BPT + BP + BPT + BP + BPT + BP + BPT + BP + BPH + AP + APT + BPD + EB
2026-07-21 06:38:38;21-07-2026;11:02:30;393;Scheduled;KH;HMB;Talgo;17 cars (Nos. 1-25);EB + BPD + APT + AP + BPH + BP + BPT + BP + BPT + BP + BPT + BP + BPT + BP + BPT + BPD + EB
2026-07-21 09:35:50;21-07-2026;13:02:30;13465;Scheduled;KH;HMB;Railjet;11 cars (Nos. 1-263);EB + BDMPZ + BMPZ + BMPZ + BMPZ + BMPZ + BBMPZ + BRMPZ + AMPZ + AFMPZ + EB
2026-07-21 09:35:50;21-07-2026;13:03:00;396;Scheduled;HMB;KH;Talgo;17 cars (Nos. 1-25);EB + BPD + APT + AP + BPH + BP + BPT + BP + BPT + BP + BPT + BP + BPT + BP + BPT + BPD + EB
2026-07-21 11:57:47;21-07-2026;14:03:00;1196;Cancelled;AHAR;FA;Talgo;17 cars (Nos. 1-25);EB + BPD + BPT + BP + BPT + BP + BPT + BP + BPT + BP + BPT + BP + BPH + AP + APT + BPD + EB
2026-07-21 11:57:47;21-07-2026;15:02:30;395;Scheduled;KD;HMB;IC3;6 cars (Nos. 71-92);MFU + MFA + MFU
2026-07-21 14:17:37;21-07-2026;15:03:00;13464;Scheduled;AHAR;KH;Railjet;10 cars (Nos. 1-263);EB + BDMPZ + BMPZ + BMPZ + BMPZ + BMPZ + BBMPZ + BRMPZ + AMPZ + AFMPZ
2026-07-21 14:17:37;21-07-2026;17:02:30;397;Scheduled;KH;HMB;Talgo;17 cars (Nos. 1-111);EB + EB + BPD + APT + AP + BPH + BP + BPT + BP + BPT + BP + BPT + BP + BPT + BP + BPT + BPD
2026-07-21 14:17:37;21-07-2026;17:03:00;394;Scheduled;HMB;KH;Talgo;17 cars (Nos. 1-25);EB + BPD + BPT + BP + BPT + BP + BPT + BP + BPT + BP + BPT + BP + BPH + AP + APT + BPD + EB
2026-07-21 16:39:18;21-07-2026;19:03:00;13462;Scheduled;HMB;KH;Railjet;11 cars (Nos. 1-263);EB + AFMPZ + AMPZ + BRMPZ + BBMPZ + BMPZ + BMPZ + BMPZ + BMPZ + BDMPZ + EB
2026-07-21 18:37:49;21-07-2026;21:02:30;1199;Scheduled;FA;AP;Talgo;16 cars (Nos. 1-25);EB + BPD + APT + AP + BPH + BP + BPT + BP + BPT + BP + BPT + BP + BPT + BP + BPT + BPD
2026-07-21 18:37:49;21-07-2026;21:03:00;392;Scheduled;HMB;KH;IC3;6 cars (Nos. 71-92);MFU + MFA + MFU
2026-07-22 03:39:49;22-07-2026;08:02:30;1191;Scheduled;KH;AHAR;Talgo;17 cars (Nos. 1-25);EB + BPD + APT + AP + BPH + BP + BPT + BP + BPT + BP + BPT + BP + BPT + BP + BPT + BPD + EB
2026-07-22 06:40:20;22-07-2026;09:02:30;13463;Scheduled;KH;AHAR;Railjet;10 cars (Nos. 2-263);EB + AFMPZ + AMPZ + BRMPZ + BBMPZ + BMPZ + BMPZ + BMPZ + BMPZ + BDMPZ
2026-07-22 06:40:20;22-07-2026;09:03:00;1198;Scheduled;AP;KH;Talgo;16 cars (Nos. 1-25);EB + BPD + BPT + BP + BPT + BP + BPT + BP + BPT + BP + BPT + BP + BPH + AP + APT + BPD
2026-07-22 06:40:20;22-07-2026;11:02:30;393;Scheduled;KH;HMB;Talgo;17 cars (Nos. 1-25);EB + BPD + APT + AP + BPH + BP + BPT + BP + BPT + BP + BPT + BP + BPT + BP + BPT + BPD + EB
2026-07-22 09:36:03;22-07-2026;13:02:30;13465;Scheduled;KH;HMB;Railjet;11 cars (Nos. 1-263);EB + BDMPZ + BMPZ + BMPZ + BMPZ + BMPZ + BBMPZ + BRMPZ + AMPZ + AFMPZ + EB
2026-07-22 09:36:03;22-07-2026;13:03:00;396;Scheduled;HMB;KH;Talgo;17 cars (Nos. 1-25);EB + BPD + BPT + BP + BPT + BP + BPT + BP + BPT + BP + BPT + BP + BPH + AP + APT + BPD + EB
2026-07-22 12:00:54;22-07-2026;14:03:00;1196;Scheduled;AHAR;FA;Talgo;17 cars (Nos. 1-25);EB + BPD + BPT + BP + BPT + BP + BPT + BP + BPT + BP + BPT + BP + BPH + AP + APT + BPD + EB
2026-07-22 12:00:54;22-07-2026;15:02:30;395;Scheduled;KH;HMB;IC3;6 cars (Nos. 71-92);MFU + MFA + MFU
2026-07-22 14:19:00;22-07-2026;15:03:00;13464;Scheduled;AHAR;KH;Railjet;10 cars (Nos. 2-263);EB + BDMPZ + BMPZ + BMPZ + BMPZ + BMPZ + BBMPZ + BRMPZ + AMPZ + AFMPZ
2026-07-22 14:19:00;22-07-2026;17:02:30;397;Scheduled;PA;HMB;Talgo;17 cars (Nos. 61-135);EB + BPD + APT + AP + BPH + BP + BPT + BP + BPT + BP + BPT + BP + BPT + BP + BPT + BPD + EB
2026-07-22 14:19:00;22-07-2026;17:03:00;394;Scheduled;PA;KH;IC3;8 cars (Nos. 51-64);ER + ER
2026-07-22 16:41:22;22-07-2026;19:03:00;13462;Scheduled;HMB;KH;Railjet;11 cars (Nos. 1-263);EB + EB + AFMPZ + AMPZ + BRMPZ + BBMPZ + BMPZ + BMPZ + BMPZ + BMPZ + BDMPZ
2026-07-22 18:19:44;22-07-2026;21:02:30;1199;Scheduled;FA;AP;Talgo;17 cars (Nos. 1-25);EB + BPD + APT + AP + BPH + BP + BPT + BP + BPT + BP + BPT + BP + BPT + BP + BPT + BPD + EB
2026-07-22 18:19:44;22-07-2026;21:03:00;392;Scheduled;HMB;KH;IC3;6 cars (Nos. 71-92);MFU + MFA + MFU
2026-07-23 03:42:28;23-07-2026;08:02:30;1191;Scheduled;KH;AHAR;Talgo;17 cars (Nos. 1-25);EB + BPD + BPT + BP + BPT + BP + BPT + BP + BPT + BP + BPT + BP + BPH + AP + APT + BPD + EB
2026-07-23 06:38:02;23-07-2026;09:02:30;13463;Scheduled;KH;AHAR;Railjet;10 cars (Nos. 1-263);EB + AFMPZ + AMPZ + BRMPZ + BBMPZ + BMPZ + BMPZ + BMPZ + BMPZ + BDMPZ
2026-07-23 06:38:02;23-07-2026;09:03:00;1198;Scheduled;AP;KH;Talgo;17 cars (Nos. 1-111);EB + BPD + BPT + BP + BPT + BP + BPT + BP + BPT + BP + BPT + BP + BPH + AP + APT + BPD + EB
2026-07-23 06:38:02;23-07-2026;11:02:30;393;Cancelled;KH;HMB;Unknown;0 cars;
2026-07-23 09:32:01;23-07-2026;13:02:30;13465;Scheduled;KH;HMB;Railjet;11 cars (Nos. 1-263);EB + BDMPZ + BMPZ + BMPZ + BMPZ + BMPZ + BBMPZ + BRMPZ + AMPZ + AFMPZ + EB
2026-07-23 09:32:01;23-07-2026;13:03:00;396;Scheduled;HMB;KH;Talgo;17 cars (Nos. 1-25);EB + BPD + BPT + BP + BPT + BP + BPT + BP + BPT + BP + BPT + BP + BPH + AP + APT + BPD + EB
2026-07-23 12:00:20;23-07-2026;14:03:00;1196;Scheduled;AHAR;FA;Talgo;17 cars (Nos. 1-25);EB + BPD + APT + AP + BPH + BP + BPT + BP + BPT + BP + BPT + BP + BPT + BP + BPT + BPD + EB
2026-07-23 12:00:20;23-07-2026;15:02:30;395;Scheduled;KH;HMB;IC3;6 cars (Nos. 71-92);MFU + MFA + MFU
2026-07-23 14:26:58;23-07-2026;15:03:00;13464;Scheduled;AHAR;KH;Railjet;10 cars (Nos. 1-263);EB + BDMPZ + BMPZ + BMPZ + BMPZ + BMPZ + BBMPZ + BRMPZ + AMPZ + AFMPZ
2026-07-23 14:26:58;23-07-2026;17:02:30;397;Scheduled;KH;HMB;Talgo;17 cars (Nos. 1-111);EB + BPD + APT + AP + BPH + BP + BPT + BP + BPT + BP + BPT + BP + BPT + BP + BPT + BPD + EB
2026-07-23 14:26:58;23-07-2026;17:03:00;394;Scheduled;PA;KH;IC3;8 cars (Nos. 41-54);ER + ER
2026-07-23 16:42:30;23-07-2026;19:03:00;13462;Scheduled;HMB;KH;Railjet;11 cars (Nos. 1-263);EB + AFMPZ + AMPZ + BRMPZ + BBMPZ + BMPZ + BMPZ + BMPZ + BMPZ + BDMPZ + EB
2026-07-23 18:21:27;23-07-2026;21:02:30;1199;Scheduled;FA;AP;Talgo;17 cars (Nos. 1-25);EB + BPD + BPT + BP + BPT + BP + BPT + BP + BPT + BP + BPT + BP + BPH + AP + APT + BPD + EB
2026-07-23 18:21:27;23-07-2026;21:03:00;392;Scheduled;HMB;KH;IC3;6 cars (Nos. 71-92);MFU + MFA + MFU
2026-07-24 03:38:16;24-07-2026;08:02:30;1191;Cancelled;KH;AHAR;Talgo;17 cars (Nos. 1-25);EB + BPD + APT + AP + BPH + BP + BPT + BP + BPT + BP + BPT + BP + BPT + BP + BPT + BPD + EB
2026-07-24 06:36:35;24-07-2026;09:02:30;13463;Scheduled;KH;AHAR;Railjet;10 cars (Nos. 1-263);EB + BDMPZ + BMPZ + BMPZ + BMPZ + BMPZ + BBMPZ + BRMPZ + AMPZ + AFMPZ
2026-07-24 06:36:35;24-07-2026;09:03:00;1198;Scheduled;AP;KH;Talgo;17 cars (Nos. 1-111);EB + BPD + APT + AP + BPH + BP + BPT + BP + BPT + BP + BPT + BP + BPT + BP + BPT + BPD + EB
2026-07-24 06:36:35;24-07-2026;11:02:30;393;Scheduled;KH;HMB;Talgo;17 cars (Nos. 1-25);EB + BPD + APT + AP + BPH + BP + BPT + BP + BPT + BP + BPT + BP + BPT + BP + BPT + BPD + EB
2026-07-24 09:29:32;24-07-2026;13:02:30;13465;Scheduled;KH;HMB;Railjet;11 cars (Nos. 1-263);EB + AFMPZ + AMPZ + BRMPZ + BBMPZ + BMPZ + BMPZ + BMPZ + BMPZ + BDMPZ + EB
2026-07-24 11:53:27;24-07-2026;13:03:00;396;Scheduled;HMB;KH;Talgo;17 cars (Nos. 1-25);EB + BPD + BPT + BP + BPT + BP + BPT + BP + BPT + BP + BPT + BP + BPH + AP + APT + BPD + EB
2026-07-24 11:53:27;24-07-2026;14:03:00;1196;Cancelled;AHAR;FA;Talgo;17 cars (Nos. 1-25);EB + BPD + BPT + BP + BPT + BP + BPT + BP + BPT + BP + BPT + BP + BPH + AP + APT + BPD + EB
2026-07-24 11:53:27;24-07-2026;15:02:30;395;Scheduled;KH;HMB;IC3;6 cars (Nos. 71-92);MFU + MFA + MFU
2026-07-24 15:41:56;24-07-2026;15:03:00;13464;Scheduled;AHAR;KH;Railjet;10 cars (Nos. 1-263);EB + BDMPZ + BMPZ + BMPZ + BMPZ + BMPZ + BBMPZ + BRMPZ + AMPZ + AFMPZ
2026-07-24 14:07:41;24-07-2026;17:02:30;397;Scheduled;KH;HMB;Talgo;17 cars (Nos. 1-111);EB + BPD + APT + AP + BPH + BP + BPT + BP + BPT + BP + BPT + BP + BPT + BP + BPT + BPD + EB
2026-07-24 14:07:41;24-07-2026;17:03:00;394;Scheduled;HMB;KH;Talgo;17 cars (Nos. 1-25);EB + BPD + BPT + BP + BPT + BP + BPT + BP + BPT + BP + BPT + BP + BPH + AP + APT + BPD + EB
2026-07-24 15:41:56;24-07-2026;19:03:00;13462;Scheduled;HMB;KH;Railjet;11 cars (Nos. 1-263);EB + BDMPZ + BMPZ + BMPZ + BMPZ + BMPZ + BBMPZ + BRMPZ + AMPZ + AFMPZ + EB
2026-07-24 17:47:22;24-07-2026;21:02:30;1199;Scheduled;FA;AP;Talgo;17 cars (Nos. 1-25);EB + BPD + APT + AP + BPH + BP + BPT + BP + BPT + BP + BPT + BP + BPT + BP + BPT + BPD + EB
2026-07-24 17:47:22;24-07-2026;21:03:00;392;Scheduled;HMB;KH;IC3;6 cars (Nos. 71-92);MFU + MFA + MFU
2026-07-25 03:35:16;25-07-2026;08:02:30;1191;Scheduled;KH;AHAR;Talgo;17 cars (Nos. 1-25);EB + BPD + APT + AP + BPH + BP + BPT + BP + BPT + BP + BPT + BP + BPT + BP + BPT + BPD + EB
2026-07-25 06:27:01;25-07-2026;09:02:30;13463;Scheduled;KH;AHAR;Railjet;10 cars (Nos. 1-263);EB + AFMPZ + AMPZ + BRMPZ + BBMPZ + BMPZ + BMPZ + BMPZ + BMPZ + BDMPZ
2026-07-25 06:27:01;25-07-2026;09:03:00;1198;Scheduled;AP;KH;Talgo;17 cars (Nos. 1-111);EB + BPD + APT + AP + BPH + BP + BPT + BP + BPT + BP + BPT + BP + BPT + BP + BPT + BPD + EB
2026-07-25 09:09:23;25-07-2026;11:02:30;393;Scheduled;KH;HMB;Talgo;17 cars (Nos. 1-25);EB + BPD + BPT + BP + BPT + BP + BPT + BP + BPT + BP + BPT + BP + BPH + AP + APT + BPD + EB
2026-07-25 10:41:24;25-07-2026;13:02:30;13465;Scheduled;KH;HMB;Railjet;11 cars (Nos. 1-263);EB + AFMPZ + AMPZ + BRMPZ + BBMPZ + BMPZ + BMPZ + BMPZ + BMPZ + BDMPZ + EB
2026-07-25 10:41:24;25-07-2026;13:03:00;396;Scheduled;HMB;KH;Talgo;17 cars (Nos. 1-25);EB + BPD + APT + AP + BPH + BP + BPT + BP + BPT + BP + BPT + BP + BPT + BP + BPT + BPD + EB
2026-07-25 12:07:53;25-07-2026;14:03:00;1196;Scheduled;AHAR;FA;Talgo;17 cars (Nos. 1-25);EB + BPD + BPT + BP + BPT + BP + BPT + BP + BPT + BP + BPT + BP + BPH + AP + APT + BPD + EB
2026-07-25 12:07:53;25-07-2026;15:02:30;395;Scheduled;KH;HMB;IC3;6 cars (Nos. 71-92);MFU + MFA + MFU
2026-07-25 13:58:19;25-07-2026;15:03:00;13464;Scheduled;AHAR;KH;Railjet;10 cars (Nos. 1-263);EB + BDMPZ + BMPZ + BMPZ + BMPZ + BMPZ + BBMPZ + BRMPZ + AMPZ + AFMPZ
2026-07-25 17:11:50;25-07-2026;17:02:30;397;Scheduled;KH;HMB;Talgo;17 cars (Nos. 1-25);EB + BPD + APT + AP + BPH + BP + BPT + BP + BPT + BP + BPT + BP + BPT + BP + BPT + BPD + EB
2026-07-25 13:58:19;25-07-2026;17:03:00;394;Scheduled;HMB;KH;Talgo;17 cars (Nos. 1-25);EB + BPD + APT + AP + BPH + BP + BPT + BP + BPT + BP + BPT + BP + BPT + BP + BPT + BPD + EB
2026-07-25 18:05:37;25-07-2026;19:03:00;13462;Scheduled;HMB;KH;Railjet;11 cars (Nos. 1-263);EB + BDMPZ + BMPZ + BMPZ + BMPZ + BMPZ + BBMPZ + BRMPZ + AMPZ + AFMPZ + EB
2026-07-25 18:05:37;25-07-2026;21:02:30;1199;Scheduled;FA;AP;Talgo;17 cars (Nos. 1-25);EB + BPD + APT + AP + BPH + BP + BPT + BP + BPT + BP + BPT + BP + BPT + BP + BPT + BPD + EB
2026-07-25 18:05:37;25-07-2026;21:03:00;392;Scheduled;HMB;KH;IC3;6 cars (Nos. 71-92);MFU + MFA + MFU
2026-07-26 03:51:00;26-07-2026;08:02:30;1191;Scheduled;KH;AHAR;Talgo;17 cars (Nos. 1-25);EB + BPD + APT + AP + BPH + BP + BPT + BP + BPT + BP + BPT + BP + BPT + BP + BPT + BPD + EB
2026-07-26 06:46:07;26-07-2026;09:02:30;13463;Scheduled;KH;AHAR;Railjet;10 cars (Nos. 1-263);EB + AFMPZ + AMPZ + BRMPZ + BBMPZ + BMPZ + BMPZ + BMPZ + BMPZ + BDMPZ
2026-07-26 06:46:07;26-07-2026;09:03:00;1198;Scheduled;AP;KH;Talgo;17 cars (Nos. 1-25);EB + BPD + APT + AP + BPH + BP + BPT + BP + BPT + BP + BPT + BP + BPT + BP + BPT + BPD + EB
2026-07-26 06:46:07;26-07-2026;11:02:30;393;Scheduled;KH;HMB;Talgo;17 cars (Nos. 1-25);EB + BPD + BPT + BP + BPT + BP + BPT + BP + BPT + BP + BPT + BP + BPH + AP + APT + BPD + EB
2026-07-26 09:21:27;26-07-2026;13:02:30;13465;Scheduled;KH;HMB;Railjet;11 cars (Nos. 1-263);EB + AFMPZ + AMPZ + BRMPZ + BBMPZ + BMPZ + BMPZ + BMPZ + BMPZ + BDMPZ + EB
2026-07-26 11:35:00;26-07-2026;13:03:00;396;Scheduled;HMB;KH;Talgo;17 cars (Nos. 1-111);EB + BPD + APT + AP + BPH + BP + BPT + BP + BPT + BP + BPT + BP + BPT + BP + BPT + BPD + EB
2026-07-26 11:35:00;26-07-2026;14:03:00;1196;Scheduled;AHAR;FA;Talgo;17 cars (Nos. 1-25);EB + BPD + BPT + BP + BPT + BP + BPT + BP + BPT + BP + BPT + BP + BPH + AP + APT + BPD + EB
2026-07-26 11:35:00;26-07-2026;15:02:30;395;Scheduled;KH;HMB;IC3;6 cars (Nos. 71-92);MFU + MFA + MFU
2026-07-26 11:35:00;26-07-2026;15:03:00;13464;Scheduled;AHAR;KH;Railjet;10 cars (Nos. 1-263);EB + BDMPZ + BMPZ + BMPZ + BMPZ + BMPZ + BBMPZ + BRMPZ + AMPZ + AFMPZ
2026-07-26 13:51:22;26-07-2026;17:02:30;397;Scheduled;KH;HMB;Talgo;17 cars (Nos. 1-25);EB + BPD + APT + AP + BPH + BP + BPT + BP + BPT + BP + BPT + BP + BPT + BP + BPT + BPD + EB
2026-07-26 13:51:22;26-07-2026;17:03:00;394;Scheduled;HMB;KH;Talgo;17 cars (Nos. 1-25);EB + BPD + BPT + BP + BPT + BP + BPT + BP + BPT + BP + BPT + BP + BPH + AP + APT + BPD + EB
2026-07-26 17:12:50;26-07-2026;19:03:00;13462;Scheduled;HMB;KH;Railjet;11 cars (Nos. 1-263);EB + BDMPZ + BMPZ + BMPZ + BMPZ + BMPZ + BBMPZ + BRMPZ + AMPZ + AFMPZ + EB
2026-07-26 18:10:36;26-07-2026;21:02:30;1199;Scheduled;FA;AP;Talgo;17 cars (Nos. 1-25);EB + BPD + APT + AP + BPH + BP + BPT + BP + BPT + BP + BPT + BP + BPT + BP + BPT + BPD + EB
2026-07-26 18:10:36;26-07-2026;21:03:00;392;Scheduled;HMB;KH;IC3;6 cars (Nos. 71-92);MFU + MFA + MFU
2026-07-27 00:09:38;27-07-2026;02:19:00;466;Scheduled;HMB;CPH;Talgo;17 cars (Nos. 1-25);EB + BPD + APT + AP + BPH + BP + BPT + BP + BPT + BP + BPT + BP + BPT + BP + BPT + BPD + EB
2026-07-27 00:09:38;27-07-2026;02:37:00;913467;Scheduled;KH;HMB;Talgo;17 cars (Nos. 1-25);EB + BPD + APT + AP + BPH + BP + BPT + BP + BPT + BP + BPT + BP + BPT + BP + BPT + BPD + EB
2026-07-27 03:58:02;27-07-2026;08:02:30;1191;Scheduled;KH;AHAR;IC3;6 cars (Nos. 71-92);MFU + MFA + MFU
2026-07-27 03:58:02;27-07-2026;09:02:30;13463;Scheduled;KH;AHAR;Railjet;10 cars (Nos. 1-263);EB + AFMPZ + AMPZ + BRMPZ + BBMPZ + BMPZ + BMPZ + BMPZ + BMPZ + BDMPZ
2026-07-27 03:58:02;27-07-2026;09:03:00;1198;Scheduled;AP;KH;Talgo;17 cars (Nos. 1-25);EB + BPD + BPT + BP + BPT + BP + BPT + BP + BPT + BP + BPT + BP + BPH + AP + APT + BPD + EB
2026-07-27 07:46:18;27-07-2026;11:02:30;393;Scheduled;KH;HMB;Talgo;17 cars (Nos. 1-25);EB + BPD + BPT + BP + BPT + BP + BPT + BP + BPT + BP + BPT + BP + BPH + AP + APT + BPD + EB
2026-07-27 07:46:18;27-07-2026;12:04:00;50378;Scheduled;PA;KH;IC3;8 cars (Nos. 11-24);ER + ER
2026-07-27 07:46:18;27-07-2026;12:11:00;20902;Scheduled;AP;%CST;Railjet;7 cars (Nos. 10-16);BR193 + BMPZ + BMPZ + BMPZ + WRBMZ + BMPZ + BMPZ + BMZ1
2026-07-27 07:46:18;27-07-2026;13:02:30;13465;Scheduled;KH;HMB;Railjet;11 cars (Nos. 1-263);EB + AFMPZ + AMPZ + BRMPZ + BBMPZ + BMPZ + BMPZ + BMPZ + BMPZ + BDMPZ + EB
2026-07-27 11:35:33;27-07-2026;13:03:00;396;Scheduled;HMB;KH;Talgo;17 cars (Nos. 1-25);EB + BPD + BPT + BP + BPT + BP + BPT + BP + BPT + BP + BPT + BP + BPH + AP + APT + BPD + EB
2026-07-27 11:35:33;27-07-2026;14:03:00;1196;Scheduled;AHAR;KH;IC3;6 cars (Nos. 71-112);MFU + MFA + MFU
2026-07-27 11:35:33;27-07-2026;15:02:30;395;Scheduled;KH;HMB;Talgo;17 cars (Nos. 1-111);EB + BPD + BPT + BP + BPT + BP + BPT + BP + BPT + BP + BPT + BP + BPH + AP + APT + BPD + EB
2026-07-27 15:09:28;27-07-2026;15:03:00;13464;Scheduled;AHAR;KH;Railjet;10 cars (Nos. 1-263);EB + BDMPZ + BMPZ + BMPZ + BMPZ + BMPZ + BBMPZ + BRMPZ + AMPZ + AFMPZ
2026-07-27 15:09:28;27-07-2026;17:02:30;397;Scheduled;KH;HMB;Talgo;17 cars (Nos. 1-25);EB + BPD + APT + AP + BPH + BP + BPT + BP + BPT + BP + BPT + BP + BPT + BP + BPT + BPD + EB
2026-07-27 11:35:33;27-07-2026;17:03:00;394;Scheduled;HMB;KH;Talgo;17 cars (Nos. 1-25);EB + BPD + APT + AP + BPH + BP + BPT + BP + BPT + BP + BPT + BP + BPT + BP + BPT + BPD + EB
2026-07-27 17:05:19;27-07-2026;19:03:00;13462;Scheduled;HMB;KH;Railjet;11 cars (Nos. 1-263);EB + BDMPZ + BMPZ + BMPZ + BMPZ + BMPZ + BBMPZ + BRMPZ + AMPZ + AFMPZ + EB
2026-07-27 18:43:58;27-07-2026;21:02:30;1199;Scheduled;KH;AP;Talgo;17 cars (Nos. 1-25);EB + BPD + APT + AP + BPH + BP + BPT + BP + BPT + BP + BPT + BP + BPT + BP + BPT + BPD + EB
2026-07-27 18:43:58;27-07-2026;21:03:00;392;Scheduled;HMB;KH;Talgo;17 cars (Nos. 1-111);EB + BPD + APT + AP + BPH + BP + BPT + BP + BPT + BP + BPT + BP + BPT + BP + BPT + BPD + EB
2026-07-28 00:09:24;28-07-2026;02:19:00;466;Scheduled;HMB;CPH;Talgo;17 cars (Nos. 1-25);EB + BPD + BPT + BP + BPT + BP + BPT + BP + BPT + BP + BPT + BP + BPH + AP + APT + BPD + EB
2026-07-28 00:09:24;28-07-2026;02:37:00;13467;Cancelled;KH;HMB;IC3;4 cars (Nos. 1-4);ER
2026-07-28 03:30:15;28-07-2026;08:02:30;1191;Scheduled;KH;AHAR;IC3;4 cars (Nos. 71-82);MFU + MFU
2026-07-28 06:37:29;28-07-2026;09:02:30;13463;Scheduled;KH;AHAR;Railjet;10 cars (Nos. 1-263);EB + AFMPZ + AMPZ + BRMPZ + BBMPZ + BMPZ + BMPZ + BMPZ + BMPZ + BDMPZ
2026-07-28 06:37:29;28-07-2026;09:03:00;1198;Scheduled;AP;KH;Talgo;17 cars (Nos. 1-25);EB + BPD + BPT + BP + BPT + BP + BPT + BP + BPT + BP + BPT + BP + BPH + AP + APT + BPD + EB
2026-07-28 06:37:29;28-07-2026;11:02:30;393;Cancelled;KH;HMB;Unknown;0 cars;
2026-07-28 09:44:02;28-07-2026;12:04:00;50378;Scheduled;PA;KH;IC3;8 cars (Nos. 11-24);ER + ER
2026-07-28 09:44:02;28-07-2026;12:11:00;20902;Scheduled;AP;%CST;Railjet;7 cars (Nos. 10-16);BR193 + BMPZ + BMPZ + BMPZ + WRBMZ + BMPZ + BMPZ + BMZ1
2026-07-28 09:44:02;28-07-2026;13:02:30;13465;Scheduled;KH;HMB;Railjet;11 cars (Nos. 1-263);EB + EB + AFMPZ + AMPZ + BRMPZ + BBMPZ + BMPZ + BMPZ + BMPZ + BMPZ + BDMPZ
2026-07-28 12:08:40;28-07-2026;13:03:00;396;Scheduled;HMB;KH;Talgo;17 cars (Nos. 1-25);EB + BPD + APT + AP + BPH + BP + BPT + BP + BPT + BP + BPT + BP + BPT + BP + BPT + BPD + EB
2026-07-28 12:08:40;28-07-2026;14:03:00;1196;Scheduled;AHAR;KH;IC3;4 cars (Nos. 71-82);MFU + MFU
2026-07-28 12:08:40;28-07-2026;15:02:30;395;Scheduled;KH;HMB;Talgo;17 cars (Nos. 1-111);EB + BPD + BPT + BP + BPT + BP + BPT + BP + BPT + BP + BPT + BP + BPH + AP + APT + BPD + EB
2026-07-28 12:08:40;28-07-2026;15:03:00;13464;Scheduled;AHAR;KH;Railjet;10 cars (Nos. 1-263);EB + BDMPZ + BMPZ + BMPZ + BMPZ + BMPZ + BBMPZ + BRMPZ + AMPZ + AFMPZ
2026-07-28 14:31:37;28-07-2026;17:02:30;397;Scheduled;KH;HMB;Talgo;17 cars (Nos. 1-25);EB + BPD + APT + AP + BPH + BP + BPT + BP + BPT + BP + BPT + BP + BPT + BP + BPT + BPD + EB
2026-07-28 14:31:37;28-07-2026;17:03:00;394;Scheduled;PA;KH;IC3;8 cars (Nos. 11-114);ER + ER
2026-07-28 18:40:46;28-07-2026;19:03:00;13462;Scheduled;HMB;KH;Railjet;11 cars (Nos. 1-263);BDMPZ + BMPZ + BMPZ + BMPZ + BMPZ + BBMPZ + BRMPZ + AMPZ + AFMPZ + EB + EB
2026-07-28 18:40:46;28-07-2026;21:02:30;1199;Scheduled;KH;AP;Talgo;17 cars (Nos. 1-25);EB + BPD + BPT + BP + BPT + BP + BPT + BP + BPT + BP + BPT + BP + BPH + AP + APT + BPD + EB
2026-07-28 20:22:40;28-07-2026;21:03:00;392;Scheduled;HMB;KH;Talgo;17 cars (Nos. 1-111);EB + BPD + APT + AP + BPH + BP + BPT + BP + BPT + BP + BPT + BP + BPT + BP + BPT + BPD + EB
2026-07-29 00:08:26;29-07-2026;02:19:00;466;Scheduled;HMB;CPH;Talgo;17 cars (Nos. 1-25);EB + BPD + BPT + BP + BPT + BP + BPT + BP + BPT + BP + BPT + BP + BPH + AP + APT + BPD + EB
2026-07-29 00:08:26;29-07-2026;02:37:00;13467;Scheduled;KH;HMB;Talgo;17 cars (Nos. 1-25);EB + BPD + APT + AP + BPH + BP + BPT + BP + BPT + BP + BPT + BP + BPT + BP + BPT + BPD + EB
2026-07-28 16:47:57;28-07-2026;19:19:00;6099;Scheduled;PA;FA;IC3;8 cars (Nos. 111-124);ER + ER
2026-07-29 03:33:01;29-07-2026;08:02:30;1191;Scheduled;KH;AHAR;IC3;4 cars (Nos. 71-82);MFU + MFU
2026-07-29 06:41:55;29-07-2026;09:02:30;13463;Scheduled;KH;AHAR;Railjet;10 cars (Nos. 1-263);AFMPZ + AMPZ + BRMPZ + BBMPZ + BMPZ + BMPZ + BMPZ + BMPZ + BDMPZ + EB
2026-07-29 06:41:55;29-07-2026;09:03:00;1198;Scheduled;AP;KH;Talgo;17 cars (Nos. 1-25);EB + BPD + APT + AP + BPH + BP + BPT + BP + BPT + BP + BPT + BP + BPT + BP + BPT + BPD + EB
2026-07-29 06:41:55;29-07-2026;11:02:30;393;Scheduled;KH;HMB;Talgo;17 cars (Nos. 1-25);EB + BPD + BPT + BP + BPT + BP + BPT + BP + BPT + BP + BPT + BP + BPH + AP + APT + BPD + EB
2026-07-29 09:46:45;29-07-2026;12:04:00;50378;Scheduled;PA;KH;IC3;8 cars (Nos. 11-24);ER + ER
2026-07-29 09:46:45;29-07-2026;12:11:00;20902;Scheduled;AP;%CST;Railjet;7 cars (Nos. 10-16);BR193 + BMPZ + BMZ3 + BMPZ + WRBMZ + BMPZ + BMPZ + BMZ1
2026-07-29 09:46:45;29-07-2026;13:02:30;13465;Scheduled;KH;HMB;Railjet;11 cars (Nos. 1-263);EB + AFMPZ + AMPZ + BRMPZ + BBMPZ + BMPZ + BMPZ + BMPZ + BMPZ + BDMPZ + EB
2026-07-29 09:46:45;29-07-2026;13:03:00;396;Scheduled;HMB;KH;Talgo;17 cars (Nos. 1-25);EB + BPD + BPT + BP + BPT + BP + BPT + BP + BPT + BP + BPT + BP + BPH + AP + APT + BPD + EB
2026-07-29 09:46:45;29-07-2026;14:03:00;1196;Scheduled;HMB;KH;IC3;4 cars (Nos. 71-82);MFU + MFU
2026-07-29 12:15:56;29-07-2026;15:02:30;395;Scheduled;KH;HMB;Talgo;17 cars (Nos. 1-25);EB + BPD + BPT + BP + BPT + BP + BPT + BP + BPT + BP + BPT + BP + BPH + AP + APT + BPD + EB
2026-07-29 12:15:56;29-07-2026;15:03:00;13464;Scheduled;AHAR;KH;Railjet;10 cars (Nos. 1-263);EB + BDMPZ + BMPZ + BMPZ + BMPZ + BMPZ + BBMPZ + BRMPZ + AMPZ + AFMPZ
2026-07-29 12:15:56;29-07-2026;17:02:30;397;Scheduled;KH;HMB;Talgo;17 cars (Nos. 1-25);EB + BPD + BPT + BP + BPT + BP + BPT + BP + BPT + BP + BPT + BP + BPH + AP + APT + BPD + EB
2026-07-29 15:17:08;29-07-2026;17:03:00;394;Scheduled;HMB;KH;Talgo;17 cars (Nos. 1-25);EB + BPD + APT + AP + BPH + BP + BPT + BP + BPT + BP + BPT + BP + BPT + BP + BPT + BPD + EB
2026-07-29 17:33:44;29-07-2026;19:03:00;13462;Scheduled;HMB;KH;Railjet;11 cars (Nos. 1-263);EB + BDMPZ + BMPZ + BMPZ + BMPZ + BMPZ + BBMPZ + BRMPZ + AMPZ + AFMPZ + EB
2026-07-29 19:39:12;29-07-2026;21:02:30;1199;Cancelled;PA;AP;Talgo;17 cars (Nos. 1-25);EB + BPD + APT + AP + BPH + BP + BPT + BP + BPT + BP + BPT + BP + BPT + BP + BPT + BPD + EB
2026-07-29 19:39:12;29-07-2026;21:03:00;392;Scheduled;HMB;KH;Talgo;18 cars (Nos. 1-111);EB + BPD + APT + AP + BPH + BP + BPT + BP + BPT + BP + BPT + BP + BPT + BP + BPT + BPD + EB + EB
2026-07-30 00:08:02;30-07-2026;02:19:00;466;Scheduled;HMB;CPH;Talgo;17 cars (Nos. 1-25);EB + BPD + APT + AP + BPH + BP + BPT + BP + BPT + BP + BPT + BP + BPT + BP + BPT + BPD + EB
2026-07-30 00:08:02;30-07-2026;02:37:00;13467;Scheduled;KH;HMB;Talgo;17 cars (Nos. 1-25);EB + BPD + APT + AP + BPH + BP + BPT + BP + BPT + BP + BPT + BP + BPT + BP + BPT + BPD + EB
2026-07-30 03:22:18;30-07-2026;08:02:30;1191;Scheduled;KH;AHAR;IC3;4 cars (Nos. 71-82);MFU + MFU
2026-07-30 06:37:57;30-07-2026;09:02:30;13463;Scheduled;KH;AHAR;Railjet;11 cars (Nos. 111-263);EB + BDMPZ + BMPZ + BMPZ + BMPZ + BMPZ + BBMPZ + BRMPZ + AMPZ + AFMPZ + EB
2026-07-30 06:37:57;30-07-2026;09:03:00;1198;Cancelled;PA;KH;Talgo;17 cars (Nos. 1-25);EB + BPD + BPT + BP + BPT + BP + BPT + BP + BPT + BP + BPT + BP + BPH + AP + APT + BPD + EB
2026-07-30 06:37:57;30-07-2026;11:02:30;393;Scheduled;KH;HMB;Talgo;17 cars (Nos. 1-25);EB + BPD + APT + AP + BPH + BP + BPT + BP + BPT + BP + BPT + BP + BPT + BP + BPT + BPD + EB
2026-07-30 09:37:35;30-07-2026;12:04:00;50378;Scheduled;PA;KH;IC3;8 cars (Nos. 11-24);ER + ER
2026-07-30 09:37:35;30-07-2026;12:11:00;20902;Scheduled;AP;%CST;Railjet;6 cars (Nos. 11-16);BR193 + BMPZ + BMPZ + WRBMZ + BMPZ + BMPZ + BMZ1
2026-07-30 09:37:35;30-07-2026;13:02:30;13465;Scheduled;KH;HMB;Railjet;10 cars (Nos. 1-263);EB + AFMPZ + AMPZ + BRMPZ + BBMPZ + BMPZ + BMPZ + BMPZ + BMPZ + BDMPZ
2026-07-30 09:37:35;30-07-2026;13:03:00;396;Scheduled;HMB;KH;Talgo;17 cars (Nos. 1-25);EB + BPD + BPT + BP + BPT + BP + BPT + BP + BPT + BP + BPT + BP + BPH + AP + APT + BPD + EB
2026-07-30 12:01:46;30-07-2026;14:03:00;1196;Scheduled;AHAR;KH;IC3;4 cars (Nos. 71-82);MFU + MFU
2026-07-30 12:01:46;30-07-2026;15:02:30;395;Scheduled;KH;HMB;Talgo;17 cars (Nos. 1-25);EB + BPD + BPT + BP + BPT + BP + BPT + BP + BPT + BP + BPT + BP + BPH + AP + APT + BPD + EB
2026-07-30 12:01:46;30-07-2026;15:03:00;13464;Scheduled;AHAR;KH;Railjet;11 cars (Nos. 111-263);EB + AFMPZ + AMPZ + BRMPZ + BBMPZ + BMPZ + BMPZ + BMPZ + BMPZ + BDMPZ + EB
2026-07-30 16:44:46;30-07-2026;17:02:30;397;Scheduled;KH;HMB;Talgo;17 cars (Nos. 1-25);EB + BPD + APT + AP + BPH + BP + BPT + BP + BPT + BP + BPT + BP + BPT + BP + BPT + BPD + EB
2026-07-30 14:28:03;30-07-2026;17:03:00;394;Scheduled;HMB;KH;Talgo;17 cars (Nos. 1-25);EB + BPD + BPT + BP + BPT + BP + BPT + BP + BPT + BP + BPT + BP + BPH + AP + APT + BPD + EB
2026-07-30 16:44:46;30-07-2026;19:03:00;13462;Scheduled;HMB;KH;Railjet;10 cars (Nos. 2-263);EB + BDMPZ + BMPZ + BMPZ + BMPZ + BMPZ + BBMPZ + BRMPZ + AMPZ + AFMPZ
2026-07-30 18:41:38;30-07-2026;21:02:30;1199;Cancelled;PA;AP;Talgo;17 cars (Nos. 1-25);EB + BPD + BPT + BP + BPT + BP + BPT + BP + BPT + BP + BPT + BP + BPH + AP + APT + BPD + EB
2026-07-30 18:41:38;30-07-2026;21:03:00;392;Scheduled;PA;KH;IC3;8 cars (Nos. 21-34);ER + ER
2026-07-31 00:13:26;31-07-2026;02:19:00;466;Scheduled;HMB;CPH;Talgo;17 cars (Nos. 1-25);EB + BPD + BPT + BP + BPT + BP + BPT + BP + BPT + BP + BPT + BP + BPH + AP + APT + BPD + EB
2026-07-31 00:13:26;31-07-2026;02:37:00;13467;Scheduled;KH;HMB;Talgo;17 cars (Nos. 1-25);EB + BPD + BPT + BP + BPT + BP + BPT + BP + BPT + BP + BPT + BP + BPH + AP + APT + BPD + EB
2026-07-31 03:47:52;31-07-2026;08:02:30;1191;Scheduled;KH;AHAR;IC3;4 cars (Nos. 71-82);MFU + MFU
2026-07-31 06:52:18;31-07-2026;09:02:30;13463;Scheduled;KH;AHAR;Railjet;10 cars (Nos. 1-263);EB + AFMPZ + AMPZ + BRMPZ + BBMPZ + BMPZ + BMPZ + BMPZ + BMPZ + BDMPZ
2026-07-31 06:52:18;31-07-2026;09:03:00;1198;Cancelled;AP;KH;Talgo;17 cars (Nos. 1-25);EB + BPD + BPT + BP + BPT + BP + BPT + BP + BPT + BP + BPT + BP + BPH + AP + APT + BPD + EB
2026-07-31 06:52:18;31-07-2026;11:02:30;393;Scheduled;KH;HMB;Talgo;17 cars (Nos. 1-111);EB + BPD + APT + AP + BPH + BP + BPT + BP + BPT + BP + BPT + BP + BPT + BP + BPT + BPD + EB
2026-07-31 09:50:54;31-07-2026;12:04:00;50378;Scheduled;PA;KH;IC3;8 cars (Nos. 11-24);ER + ER
2026-07-31 09:50:54;31-07-2026;12:11:00;20902;Scheduled;AP;%CST;Railjet;7 cars (Nos. 10-16);BR193 + BMPZ + BMPZ + BMPZ + WRBMZ + BMPZ + BMPZ + BMZ1
2026-07-31 12:13:00;31-07-2026;13:02:30;13465;Scheduled;KH;#PH;IC3;8 cars (Nos. 11-24);ER + ER
2026-07-31 12:13:00;31-07-2026;13:03:00;396;Scheduled;PA;KH;IC3;8 cars (Nos. 11-24);ER + ER
2026-07-31 12:13:00;31-07-2026;14:03:00;1196;Scheduled;AHAR;KH;IC3;4 cars (Nos. 71-82);MFU + MFU
2026-07-31 12:13:00;31-07-2026;15:02:30;395;Scheduled;KH;HMB;Talgo;17 cars (Nos. 1-111);EB + BPD + BPT + BP + BPT + BP + BPT + BP + BPT + BP + BPT + BP + BPH + AP + APT + BPD + EB
2026-07-31 12:13:00;31-07-2026;15:03:00;13464;Scheduled;AHAR;KH;Railjet;10 cars (Nos. 1-263);EB + BDMPZ + BMPZ + BMPZ + BMPZ + BMPZ + BBMPZ + BRMPZ + AMPZ + AFMPZ
2026-07-31 14:32:34;31-07-2026;17:02:30;397;Scheduled;KH;HMB;Talgo;17 cars (Nos. 1-25);EB + BPD + BPT + BP + BPT + BP + BPT + BP + BPT + BP + BPT + BP + BPH + AP + APT + BPD + EB
2026-07-31 14:32:34;31-07-2026;17:03:00;394;Scheduled;HMB;KH;Talgo;17 cars (Nos. 1-111);EB + BPD + BPT + BP + BPT + BP + BPT + BP + BPT + BP + BPT + BP + BPH + AP + APT + BPD + EB
2026-07-31 16:53:59;31-07-2026;19:03:00;13462;Scheduled;HMB;KH;Talgo;17 cars (Nos. 1-135);EB + BPD + APT + AP + BPH + BP + BPT + BP + BPT + BP + BPT + BP + BPT + BP + BPT + BPD + EB
2026-07-31 18:41:47;31-07-2026;21:02:30;1199;Scheduled;KH;AP;Talgo;17 cars (Nos. 1-25);EB + BPD + APT + AP + BPH + BP + BPT + BP + BPT + BP + BPT + BP + BPT + BP + BPT + BPD + EB
2026-07-31 18:41:47;31-07-2026;21:03:00;392;Scheduled;HMB;KH;Talgo;17 cars (Nos. 1-111);EB + BPD + APT + AP + BPH + BP + BPT + BP + BPT + BP + BPT + BP + BPT + BP + BPT + BPD + EB
2026-08-01 00:10:45;01-08-2026;02:19:00;466;Cancelled;HMB;CPH;Vectron-hauled;2 cars (Nos. 2-111);EB + EB
2026-08-01 00:10:45;01-08-2026;02:37:00;13467;Scheduled;KH;HMB;Talgo;17 cars (Nos. 1-25);EB + BPD + APT + AP + BPH + BP + BPT + BP + BPT + BP + BPT + BP + BPT + BP + BPT + BPD + EB
2026-08-01 03:46:12;01-08-2026;08:02:30;1191;Scheduled;KH;AHAR;IC3;4 cars (Nos. 71-82);MFU + MFU
2026-08-01 06:38:27;01-08-2026;09:02:30;13463;Cancelled;KH;#PH;IC3;8 cars (Nos. 31-44);ER + ER
2026-08-01 06:38:27;01-08-2026;09:03:00;1198;Scheduled;AP;KH;Talgo;17 cars (Nos. 1-25);EB + BPD + BPT + BP + BPT + BP + BPT + BP + BPT + BP + BPT + BP + BPH + AP + APT + BPD + EB
2026-08-01 09:17:03;01-08-2026;11:02:30;393;Scheduled;KH;HMB;Talgo;17 cars (Nos. 1-25);EB + BPD + APT + AP + BPH + BP + BPT + BP + BPT + BP + BPT + BP + BPT + BP + BPT + BPD + EB
2026-08-01 09:17:03;01-08-2026;12:04:00;50378;Scheduled;PA;KH;IC3;8 cars (Nos. 11-24);ER + ER
2026-08-01 09:17:03;01-08-2026;12:11:00;20902;Scheduled;AP;%AV;Railjet;23 cars (Nos. 10-220);BR193 + BMPZ + BMPZ + BMPZ + WRBMZ + BMPZ + BMPZ + BMZ1 + BVCMZ + BVCMZ + BVCMZ + BVCMZ + BVCMZ + BVCMZ + BVCMZ + BMPZ + BMPZ + BMPZ + BMPZ + BMPZ + WRBMZ + BMPZ + BMPZ + BMZ1
2026-08-01 11:32:29;01-08-2026;13:02:30;13465;Scheduled;KH;HMB;Talgo;17 cars (Nos. 1-25);EB + BPD + BPT + BP + BPT + BP + BPT + BP + BPT + BP + BPT + BP + BPH + AP + APT + BPD + EB
2026-08-01 09:17:03;01-08-2026;13:03:00;396;Scheduled;HMB;KH;Talgo;17 cars (Nos. 1-25);EB + BPD + BPT + BP + BPT + BP + BPT + BP + BPT + BP + BPT + BP + BPH + AP + APT + BPD + EB
2026-08-01 11:32:29;01-08-2026;14:03:00;1196;Scheduled;AHAR;KH;IC3;4 cars (Nos. 71-82);MFU + MFU
2026-08-01 13:50:06;01-08-2026;15:02:30;395;Scheduled;KH;HMB;Talgo;17 cars (Nos. 1-111);EB + EB + BPD + BPT + BP + BPT + BP + BPT + BP + BPT + BP + BPT + BP + BPH + AP + APT + BPD
2026-08-01 13:50:06;01-08-2026;15:03:00;13464;Scheduled;PA;KH;Vectron-hauled;2 cars (Nos. 111-121);EB + EB
2026-08-01 15:14:18;01-08-2026;17:02:30;397;Scheduled;PA;HMB;Talgo;17 cars (Nos. 2-111);EB + BPD + APT + AP + BPH + BP + BPT + BP + BPT + BP + BPT + BP + BPT + BP + BPT + BPD + EB
2026-08-01 13:50:06;01-08-2026;17:03:00;394;Scheduled;PA;KH;IC3;8 cars (Nos. 111-124);ER + ER
2026-08-01 16:11:57;01-08-2026;19:03:00;13462;Scheduled;HMB;KH;Talgo;17 cars (Nos. 1-25);EB + BPD + APT + AP + BPH + BP + BPT + BP + BPT + BP + BPT + BP + BPT + BP + BPT + BPD + EB
2026-08-01 18:09:10;01-08-2026;21:03:00;392;Scheduled;HMB;KH;Talgo;17 cars (Nos. 2-111);EB + EB + BPD + APT + AP + BPH + BP + BPT + BP + BPT + BP + BPT + BP + BPT + BP + BPT + BPD
2026-08-02 00:08:01;02-08-2026;02:19:00;466;Scheduled;PA;CPH;IC3;8 cars (Nos. 111-124);ER + ER
2026-08-02 03:48:06;02-08-2026;08:02:30;1191;Scheduled;KH;AHAR;IC3;4 cars (Nos. 71-82);MFU + MFU
2026-08-02 06:42:39;02-08-2026;09:02:30;13463;Cancelled;KH;#PH;IC3;8 cars (Nos. 111-124);ER + ER
2026-08-02 06:42:39;02-08-2026;09:03:00;1198;Scheduled;PA;KH;IC3;8 cars (Nos. 1-14);ER + ER
2026-08-02 06:42:39;02-08-2026;11:02:30;393;Scheduled;KH;HMB;Talgo;17 cars (Nos. 11-121);EB + BPD + APT + AP + BPH + BP + BPT + BP + BPT + BP + BPT + BP + BPT + BP + BPT + BPD + EB
2026-08-02 09:18:14;02-08-2026;12:04:00;50378;Scheduled;PA;KH;IC3;8 cars (Nos. 11-24);ER + ER
2026-08-02 09:18:14;02-08-2026;13:02:30;13465;Scheduled;KH;HMB;Railjet;11 cars (Nos. 1-263);EB + BDMPZ + BMPZ + BMPZ + BMPZ + BMPZ + BBMPZ + BRMPZ + AMPZ + AFMPZ + EB
2026-08-02 09:18:14;02-08-2026;13:03:00;396;Scheduled;HMB;KH;Talgo;17 cars (Nos. 11-121);EB + BPD + BPT + BP + BPT + BP + BPT + BP + BPT + BP + BPT + BP + BPH + AP + APT + BPD + EB
2026-08-02 09:18:14;02-08-2026;14:03:00;1196;Scheduled;AHAR;KH;IC3;4 cars (Nos. 71-82);MFU + MFU
2026-08-02 09:18:14;02-08-2026;15:02:30;395;Scheduled;PA;HMB;Vectron-hauled;1 cars (Nos. 1-1);EB
2026-08-02 09:18:14;02-08-2026;15:03:00;13464;Scheduled;PA;KH;IC3;8 cars (Nos. 111-124);ER + ER
2026-08-02 15:15:45;02-08-2026;17:02:30;397;Scheduled;PA;HMB;Talgo;17 cars (Nos. 1-25);EB + BPD + APT + AP + BPH + BP + BPT + BP + BPT + BP + BPT + BP + BPT + BP + BPT + BPD + EB
2026-08-02 15:15:45;02-08-2026;17:03:00;394;Scheduled;PA;KH;IC3;8 cars (Nos. 111-124);ER + ER
2026-08-02 17:11:36;02-08-2026;19:03:00;13462;Scheduled;HMB;KH;Railjet;11 cars (Nos. 1-263);EB + AFMPZ + AMPZ + BRMPZ + BBMPZ + BMPZ + BMPZ + BMPZ + BMPZ + BDMPZ + EB
2026-08-02 18:09:02;02-08-2026;21:02:30;1199;Scheduled;KH;AP;Talgo;17 cars (Nos. 11-121);EB + BPD + APT + AP + BPH + BP + BPT + BP + BPT + BP + BPT + BP + BPT + BP + BPT + BPD + EB
2026-08-02 18:09:02;02-08-2026;21:03:00;392;Scheduled;HMB;KH;Talgo;17 cars (Nos. 61-121);EB + BPD + APT + AP + BPH + BP + BPT + BP + BPT + BP + BPT + BP + BPT + BP + BPT + BPD + EB
2026-08-03 00:08:33;03-08-2026;02:19:00;466;Scheduled;PA;CPH;IC3;8 cars (Nos. 111-124);ER + ER
2026-08-03 00:08:33;03-08-2026;02:37:00;13467;Scheduled;PA;HMB;Talgo;16 cars (Nos. 11-111);EB + BPD + APT + AP + BPH + BP + BPT + BP + BPT + BP + BPT + BP + BPT + BP + BPT + BPD
2026-08-03 03:49:35;03-08-2026;08:02:30;1191;Scheduled;KH;AHAR;IC3;4 cars (Nos. 71-82);MFU + MFU
2026-08-03 07:40:15;03-08-2026;09:02:30;13463;Scheduled;KH;AHAR;Railjet;11 cars (Nos. 1-263);EB + BDMPZ + BMPZ + BMPZ + BMPZ + BMPZ + BBMPZ + BRMPZ + AMPZ + AFMPZ + EB
2026-08-03 07:40:15;03-08-2026;09:03:00;1198;Scheduled;AP;KH;Talgo;17 cars (Nos. 1-25);EB + BPD + BPT + BP + BPT + BP + BPT + BP + BPT + BP + BPT + BP + BPH + AP + APT + BPD + EB
2026-08-03 07:40:15;03-08-2026;11:02:30;393;Scheduled;KH;HMB;Talgo;17 cars (Nos. 1-25);EB + BPD + APT + AP + BPH + BP + BPT + BP + BPT + BP + BPT + BP + BPT + BP + BPT + BPD + EB
2026-08-03 07:40:15;03-08-2026;12:04:00;50378;Scheduled;PA;KH;IC3;8 cars (Nos. 11-24);ER + ER
2026-08-03 07:40:15;03-08-2026;12:11:00;20902;Scheduled;AP;%CST;Railjet;7 cars (Nos. 10-16);BR193 + BMPZ + BMPZ + BMPZ + WRBMZ + BMPZ + BMPZ + BMZ1
2026-08-03 07:40:15;03-08-2026;13:02:30;13465;Scheduled;KH;HMB;Railjet;10 cars (Nos. 1-263);EB + AFMPZ + AMPZ + BRMPZ + BBMPZ + BMPZ + BMPZ + BMPZ + BMPZ + BDMPZ
2026-08-03 07:40:15;03-08-2026;13:03:00;396;Scheduled;HMB;KH;Talgo;16 cars (Nos. 1-25);EB + BPD + BPT + BP + BPT + BP + BPT + BP + BPT + BP + BPT + BP + BPH + AP + APT + BPD
2026-08-03 11:40:02;03-08-2026;14:03:00;1196;Scheduled;PAGR;KH;IC3;6 cars (Nos. 71-112);MFU + MFU + MFU
2026-08-03 11:40:02;03-08-2026;15:02:30;395;Scheduled;KH;HMB;Talgo;17 cars (Nos. 1-25);EB + BPD + BPT + BP + BPT + BP + BPT + BP + BPT + BP + BPT + BP + BPH + AP + APT + BPD + EB
2026-08-03 11:40:02;03-08-2026;15:03:00;13464;Scheduled;AHAR;KH;Railjet;11 cars (Nos. 1-263);EB + AFMPZ + AMPZ + BRMPZ + BBMPZ + BMPZ + BMPZ + BMPZ + BMPZ + BDMPZ + EB
2026-08-03 11:40:02;03-08-2026;17:02:30;397;Scheduled;KH;HMB;Talgo;17 cars (Nos. 1-25);EB + BPD + APT + AP + BPH + BP + BPT + BP + BPT + BP + BPT + BP + BPT + BP + BPT + BPD + EB
2026-08-03 11:40:02;03-08-2026;17:03:00;394;Scheduled;HMB;KH;Talgo;17 cars (Nos. 1-25);EB + BPD + BPT + BP + BPT + BP + BPT + BP + BPT + BP + BPT + BP + BPH + AP + APT + BPD + EB
2026-08-03 17:17:18;03-08-2026;19:03:00;13462;Scheduled;HMB;KH;Railjet;11 cars (Nos. 111-263);EB + EB + BDMPZ + BMPZ + BMPZ + BMPZ + BMPZ + BBMPZ + BRMPZ + AMPZ + AFMPZ
2026-08-03 17:17:18;03-08-2026;21:02:30;1199;Scheduled;PA;AP;Talgo;17 cars (Nos. 1-25);EB + BPD + BPT + BP + BPT + BP + BPT + BP + BPT + BP + BPT + BP + BPH + AP + APT + BPD + EB
2026-08-03 17:17:18;03-08-2026;21:03:00;392;Scheduled;PA;KH;IC3;8 cars (Nos. 111-124);ER + ER
2026-08-03 23:16:39;04-08-2026;02:19:00;466;Scheduled;HMB;CPH;Talgo;17 cars (Nos. 1-25);EB + BPD + BPT + BP + BPT + BP + BPT + BP + BPT + BP + BPT + BP + BPH + AP + APT + BPD + EB
2026-08-03 23:16:39;04-08-2026;02:37:00;13467;Scheduled;KH;HMB;Talgo;17 cars (Nos. 1-25);EB + BPD + BPT + BP + BPT + BP + BPT + BP + BPT + BP + BPT + BP + BPH + AP + APT + BPD + EB
2026-08-04 03:32:29;04-08-2026;08:02:30;1191;Scheduled;KH;AHAR;IC3;4 cars (Nos. 71-82);MFU + MFU
2026-08-04 06:37:46;04-08-2026;09:02:30;13463;Scheduled;KH;AHAR;Railjet;10 cars (Nos. 1-263);EB + AFMPZ + AMPZ + BRMPZ + BBMPZ + BMPZ + BMPZ + BMPZ + BMPZ + BDMPZ
2026-08-04 06:37:46;04-08-2026;09:03:00;1198;Scheduled;AP;KH;Talgo;17 cars (Nos. 1-25);EB + BPD + APT + AP + BPH + BP + BPT + BP + BPT + BP + BPT + BP + BPT + BP + BPT + BPD + EB
2026-08-04 06:37:46;04-08-2026;11:02:30;393;Cancelled;PA;HMB;Talgo;17 cars (Nos. 1-25);EB + BPD + BPT + BP + BPT + BP + BPT + BP + BPT + BP + BPT + BP + BPH + AP + APT + BPD + EB
2026-08-04 09:47:28;04-08-2026;12:04:00;50378;Scheduled;PA;KH;IC3;8 cars (Nos. 11-24);ER + ER
2026-08-04 09:47:28;04-08-2026;12:11:00;20902;Scheduled;AP;%CST;Railjet;7 cars (Nos. 10-16);BR193 + BMPZ + BMPZ + BMPZ + WRBMZ + BMPZ + BMPZ + BMZ1
2026-08-04 09:47:28;04-08-2026;13:02:30;13465;Scheduled;KH;HMB;Railjet;11 cars (Nos. 1-263);EB + AFMPZ + AMPZ + BRMPZ + BBMPZ + BMPZ + BMPZ + BMPZ + BMPZ + BDMPZ + EB
2026-08-04 09:47:28;04-08-2026;13:03:00;396;Cancelled;PA;KH;Talgo;17 cars (Nos. 1-25);EB + BPD + BPT + BP + BPT + BP + BPT + BP + BPT + BP + BPT + BP + BPH + AP + APT + BPD + EB
2026-08-04 09:47:28;04-08-2026;14:03:00;1196;Scheduled;AHAR;KH;IC3;4 cars (Nos. 71-82);MFU + MFU
2026-08-04 12:15:46;04-08-2026;15:02:30;395;Scheduled;KH;HMB;Talgo;17 cars (Nos. 1-25);EB + BPD + APT + AP + BPH + BP + BPT + BP + BPT + BP + BPT + BP + BPT + BP + BPT + BPD + EB
2026-08-04 12:15:46;04-08-2026;15:03:00;13464;Scheduled;AHAR;KH;Railjet;10 cars (Nos. 1-263);EB + BDMPZ + BMPZ + BMPZ + BMPZ + BMPZ + BBMPZ + BRMPZ + AMPZ + AFMPZ
2026-08-04 15:32:40;04-08-2026;17:02:30;397;Cancelled;KH;HMB;Talgo;17 cars (Nos. 1-25);EB + BPD + BPT + BP + BPT + BP + BPT + BP + BPT + BP + BPT + BP + BPH + AP + APT + BPD + EB
2026-08-04 12:15:46;04-08-2026;17:03:00;394;Cancelled;PA;KH;Talgo;17 cars (Nos. 1-25);EB + BPD + APT + AP + BPH + BP + BPT + BP + BPT + BP + BPT + BP + BPT + BP + BPT + BPD + EB
2026-08-04 15:32:40;04-08-2026;19:03:00;13462;Scheduled;HMB;KH;Railjet;11 cars (Nos. 1-263);EB + BDMPZ + BMPZ + BMPZ + BMPZ + BMPZ + BBMPZ + BRMPZ + AMPZ + AFMPZ + EB
2026-08-04 19:52:36;04-08-2026;21:02:30;1199;Scheduled;PA;AP;Talgo;17 cars (Nos. 1-25);EB + BPD + APT + AP + BPH + BP + BPT + BP + BPT + BP + BPT + BP + BPT + BP + BPT + BPD + EB
2026-08-04 18:00:54;04-08-2026;21:03:00;392;Scheduled;PA;KH;IC3;8 cars (Nos. 111-124);ER + ER
2026-08-04 23:15:51;05-08-2026;02:19:00;466;Scheduled;PA;CPH;IC3;2 cars (Nos. 111-112);MFU
2026-08-04 23:15:51;05-08-2026;02:37:00;13467;Scheduled;KH;HMB;Talgo;17 cars (Nos. 1-25);EB + BPD + BPT + BP + BPT + BP + BPT + BP + BPT + BP + BPT + BP + BPH + AP + APT + BPD + EB
2026-08-05 03:27:52;05-08-2026;08:02:30;1191;Scheduled;KD;AHAR;IC3;4 cars (Nos. 71-82);MFU + MFU
2026-08-05 06:38:42;05-08-2026;09:02:30;13463;Cancelled;KH;#PH;Unknown;6 cars (Nos. 111-132);MFA + MFA + MFA
2026-08-05 06:38:42;05-08-2026;09:03:00;1198;Scheduled;AP;KH;Talgo;17 cars (Nos. 1-25);EB + BPD + BPT + BP + BPT + BP + BPT + BP + BPT + BP + BPT + BP + BPH + AP + APT + BPD + EB
2026-08-05 06:38:42;05-08-2026;11:02:30;393;Scheduled;KH;HMB;Talgo;17 cars (Nos. 1-25);EB + BPD + APT + AP + BPH + BP + BPT + BP + BPT + BP + BPT + BP + BPT + BP + BPT + BPD + EB
2026-08-05 09:45:26;05-08-2026;12:04:00;50378;Scheduled;PA;KH;IC3;8 cars (Nos. 11-24);ER + ER
2026-08-05 09:45:26;05-08-2026;12:11:00;20902;Scheduled;AP;%CST;Railjet;6 cars (Nos. 11-16);BR193 + BMPZ + BMPZ + WRBMZ + BMPZ + BMPZ + BMZ1
2026-08-05 09:45:26;05-08-2026;13:02:30;13465;Scheduled;KH;HMB;Railjet;11 cars (Nos. 1-263);EB + BDMPZ + BMPZ + BMPZ + BMPZ + BMPZ + BBMPZ + BRMPZ + AMPZ + AFMPZ + EB
2026-08-05 09:45:26;05-08-2026;13:03:00;396;Scheduled;HMB;KH;Talgo;17 cars (Nos. 1-25);EB + BPD + APT + AP + BPH + BP + BPT + BP + BPT + BP + BPT + BP + BPT + BP + BPT + BPD + EB
2026-08-05 12:11:43;05-08-2026;14:03:00;1196;Scheduled;AHAR;KH;IC3;4 cars (Nos. 71-82);MFU + MFU
2026-08-05 12:11:43;05-08-2026;15:02:30;395;Scheduled;KH;HMB;Talgo;17 cars (Nos. 1-25);EB + BPD + APT + AP + BPH + BP + BPT + BP + BPT + BP + BPT + BP + BPT + BP + BPT + BPD + EB
2026-08-05 12:11:43;05-08-2026;15:03:00;13464;Scheduled;PA;KH;Unknown;6 cars (Nos. 111-256);MFA + MFA + MFA
2026-08-05 14:29:08;05-08-2026;17:02:30;397;Scheduled;KH;HMB;Talgo;18 cars (Nos. 1-111);EB + BPD + APT + AP + BPH + BP + BPT + BP + BPT + BP + BPT + BP + BPT + BP + BPT + BPD + EB + EB
2026-08-05 14:29:08;05-08-2026;17:03:00;394;Scheduled;HMB;KH;Talgo;17 cars (Nos. 1-25);EB + BPD + BPT + BP + BPT + BP + BPT + BP + BPT + BP + BPT + BP + BPH + AP + APT + BPD + EB
2026-08-05 16:49:58;05-08-2026;19:03:00;13462;Scheduled;HMB;KH;Railjet;11 cars (Nos. 1-263);EB + AFMPZ + AMPZ + BRMPZ + BBMPZ + BMPZ + BMPZ + BMPZ + BMPZ + BDMPZ + EB
2026-08-05 18:46:12;05-08-2026;21:02:30;1199;Scheduled;KH;AP;Talgo;17 cars (Nos. 1-25);EB + BPD + BPT + BP + BPT + BP + BPT + BP + BPT + BP + BPT + BP + BPH + AP + APT + BPD + EB
2026-08-05 18:46:12;05-08-2026;21:03:00;392;Scheduled;HMB;KH;Talgo;17 cars (Nos. 1-25);EB + BPD + BPT + BP + BPT + BP + BPT + BP + BPT + BP + BPT + BP + BPH + AP + APT + BPD + EB
2026-08-06 00:08:25;06-08-2026;02:19:00;466;Scheduled;HMB;CPH;Talgo;18 cars (Nos. 1-111);EB + EB + BPD + BPT + BP + BPT + BP + BPT + BP + BPT + BP + BPT + BP + BPH + AP + APT + BPD + EB
2026-08-06 00:08:25;06-08-2026;02:37:00;13467;Scheduled;KH;HMB;Talgo;17 cars (Nos. 1-25);EB + BPD + APT + AP + BPH + BP + BPT + BP + BPT + BP + BPT + BP + BPT + BP + BPT + BPD + EB
2026-08-06 03:31:29;06-08-2026;08:02:30;1191;Scheduled;KH;AHAR;IC3;4 cars (Nos. 71-82);MFA + MFU
2026-08-06 06:42:09;06-08-2026;09:02:30;13463;Scheduled;KH;AHAR;Railjet;10 cars (Nos. 1-263);EB + BDMPZ + BMPZ + BMPZ + BMPZ + BMPZ + BBMPZ + BRMPZ + AMPZ + AFMPZ
2026-08-06 06:42:09;06-08-2026;09:03:00;1198;Scheduled;AP;KH;Talgo;17 cars (Nos. 1-25);EB + BPD + APT + AP + BPH + BP + BPT + BP + BPT + BP + BPT + BP + BPT + BP + BPT + BPD + EB
2026-08-06 06:42:09;06-08-2026;11:02:30;393;Scheduled;KH;HMB;Talgo;17 cars (Nos. 1-25);EB + BPD + APT + AP + BPH + BP + BPT + BP + BPT + BP + BPT + BP + BPT + BP + BPT + BPD + EB
2026-08-06 09:47:59;06-08-2026;12:04:00;50378;Scheduled;PA;KH;IC3;8 cars (Nos. 11-24);ER + ER
2026-08-06 09:47:59;06-08-2026;12:11:00;20902;Scheduled;AP;%CST;Railjet;6 cars (Nos. 11-16);BR193 + BMPZ + BMPZ + WRBMZ + BMPZ + BMPZ + BMZ1
2026-08-06 09:47:59;06-08-2026;13:02:30;13465;Scheduled;KH;HMB;Railjet;11 cars (Nos. 1-263);EB + AFMPZ + AMPZ + BRMPZ + BBMPZ + BMPZ + BMPZ + BMPZ + BMPZ + BDMPZ + EB
2026-08-06 12:15:03;06-08-2026;13:03:00;396;Scheduled;HMB;KH;Talgo;17 cars (Nos. 1-25);EB + BPD + BPT + BP + BPT + BP + BPT + BP + BPT + BP + BPT + BP + BPH + AP + APT + BPD + EB
2026-08-06 09:47:59;06-08-2026;14:03:00;1196;Scheduled;AHAR;KH;IC3;4 cars (Nos. 71-82);MFU + MFU
2026-08-06 12:15:03;06-08-2026;15:02:30;395;Scheduled;KH;HMB;Talgo;17 cars (Nos. 1-25);EB + BPD + APT + AP + BPH + BP + BPT + BP + BPT + BP + BPT + BP + BPT + BP + BPT + BPD + EB
2026-08-06 14:34:08;06-08-2026;15:03:00;13464;Scheduled;AHAR;KH;Railjet;10 cars (Nos. 111-263);EB + BDMPZ + BMPZ + BMPZ + BMPZ + BMPZ + BBMPZ + BRMPZ + AMPZ + AFMPZ
2026-08-06 14:34:08;06-08-2026;17:02:30;397;Scheduled;KH;HMB;Talgo;17 cars (Nos. 1-25);EB + BPD + BPT + BP + BPT + BP + BPT + BP + BPT + BP + BPT + BP + BPH + AP + APT + BPD + EB
2026-08-06 14:34:08;06-08-2026;17:03:00;394;Scheduled;HMB;KH;Talgo;17 cars (Nos. 1-25);EB + BPD + BPT + BP + BPT + BP + BPT + BP + BPT + BP + BPT + BP + BPH + AP + APT + BPD + EB
2026-08-06 14:34:08;06-08-2026;19:03:00;13462;Scheduled;HMB;KH;Railjet;11 cars (Nos. 1-263);EB + BDMPZ + BMPZ + BMPZ + BMPZ + BMPZ + BBMPZ + BRMPZ + AMPZ + AFMPZ + EB
2026-08-06 14:34:08;06-08-2026;21:02:30;1199;Scheduled;PA;AP;Talgo;17 cars (Nos. 1-25);EB + BPD + APT + AP + BPH + BP + BPT + BP + BPT + BP + BPT + BP + BPT + BP + BPT + BPD + EB
2026-08-06 14:34:08;06-08-2026;21:03:00;392;Scheduled;PA;KH;IC3;8 cars (Nos. 111-124);ER + ER
2026-08-07 00:43:43;07-08-2026;02:19:00;466;Scheduled;HMB;CPH;Talgo;17 cars (Nos. 1-25);EB + BPD + APT + AP + BPH + BP + BPT + BP + BPT + BP + BPT + BP + BPT + BP + BPT + BPD + EB
2026-08-07 00:43:43;07-08-2026;02:37:00;13467;Scheduled;KH;HMB;Talgo;17 cars (Nos. 1-25);EB + BPD + APT + AP + BPH + BP + BPT + BP + BPT + BP + BPT + BP + BPT + BP + BPT + BPD + EB
2026-08-07 05:48:09;07-08-2026;08:02:30;1191;Cancelled;KH;AHAR;IC3;4 cars (Nos. 71-82);MFU + MFU
2026-08-07 09:13:08;07-08-2026;09:02:30;13463;Cancelled;KH;AHAR;Railjet;10 cars (Nos. 1-263);EB + AFMPZ + AMPZ + BRMPZ + BBMPZ + BMPZ + BMPZ + BMPZ + BMPZ + BDMPZ
2026-08-07 05:48:09;07-08-2026;09:03:00;1198;Scheduled;AP;KH;Talgo;17 cars (Nos. 1-25);EB + BPD + BPT + BP + BPT + BP + BPT + BP + BPT + BP + BPT + BP + BPH + AP + APT + BPD + EB
2026-08-07 11:04:21;07-08-2026;11:02:30;393;Scheduled;KH;HMB;Talgo;17 cars (Nos. 1-25);EB + BPD + APT + AP + BPH + BP + BPT + BP + BPT + BP + BPT + BP + BPT + BP + BPT + BPD + EB
2026-08-07 09:13:08;07-08-2026;12:04:00;50378;Cancelled;PA;KH;Unknown;0 cars;
2026-08-07 10:08:48;07-08-2026;12:11:00;20902;Cancelled;AP;%CST;Unknown;1 cars (Nos. 13-13);BR193 + WRBMZ
2026-08-07 11:04:21;07-08-2026;13:02:30;13465;Scheduled;KH;HMB;Railjet;11 cars (Nos. 1-263);EB + AFMPZ + AMPZ + BRMPZ + BBMPZ + BMPZ + BMPZ + BMPZ + BMPZ + BDMPZ + EB
2026-08-07 11:04:21;07-08-2026;13:03:00;396;Scheduled;HMB;KH;Talgo;17 cars (Nos. 1-25);EB + BPD + APT + AP + BPH + BP + BPT + BP + BPT + BP + BPT + BP + BPT + BP + BPT + BPD + EB
2026-08-07 15:06:14;07-08-2026;14:03:00;1196;Scheduled;AHAR;KH;Talgo;17 cars (Nos. 111-271);EB + BPD + BPT + BP + BPT + BP + BPT + BP + BPT + BP + BPT + BP + BPH + AP + APT + BPD + EB
2026-08-07 13:33:45;07-08-2026;15:02:30;395;Scheduled;KH;HMB;Talgo;17 cars (Nos. 1-25);EB + BPD + BPT + BP + BPT + BP + BPT + BP + BPT + BP + BPT + BP + BPH + AP + APT + BPD + EB
2026-08-07 11:53:57;07-08-2026;15:03:00;13464;Cancelled;AHAR;KH;Vectron-hauled;1 cars (Nos. 1-1);EB
2026-08-07 16:06:17;07-08-2026;17:02:30;397;Scheduled;KH;HMB;IC3;8 cars (Nos. 11-24);ER + ER
2026-08-07 16:06:17;07-08-2026;17:03:00;394;Scheduled;HMB;KH;Talgo;17 cars (Nos. 1-25);EB + BPD + BPT + BP + BPT + BP + BPT + BP + BPT + BP + BPT + BP + BPH + AP + APT + BPD + EB
2026-08-07 17:04:01;07-08-2026;19:03:00;13462;Scheduled;HMB;KH;Railjet;11 cars (Nos. 1-263);EB + BDMPZ + BMPZ + BMPZ + BMPZ + BMPZ + BBMPZ + BRMPZ + AMPZ + AFMPZ + EB
2026-08-07 19:11:26;07-08-2026;21:02:30;1199;Scheduled;KH;AP;Talgo;17 cars (Nos. 1-25);EB + BPD + BPT + BP + BPT + BP + BPT + BP + BPT + BP + BPT + BP + BPH + AP + APT + BPD + EB
2026-08-07 19:56:47;07-08-2026;21:03:00;392;Scheduled;HMB;KH;Talgo;17 cars (Nos. 1-25);EB + BPD + APT + AP + BPH + BP + BPT + BP + BPT + BP + BPT + BP + BPT + BP + BPT + BPD + EB
2026-08-07 23:45:19;08-08-2026;02:19:00;466;Scheduled;PA;CPH;IC3;8 cars (Nos. 111-124);ER + ER
2026-08-07 23:45:19;08-08-2026;02:37:00;13467;Cancelled;PA;HMB;Talgo;15 cars (Nos. 11-25);BPD + APT + AP + BPH + BP + BPT + BP + BPT + BP + BPT + BP + BPT + BP + BPT + BPD
2026-08-08 05:53:09;08-08-2026;08:02:30;1191;Scheduled;KH;AHAR;IC3;4 cars (Nos. 71-82);MFU + MFU
2026-08-08 07:11:10;08-08-2026;09:02:30;13463;Scheduled;KH;AHAR;Railjet;10 cars (Nos. 1-263);EB + AFMPZ + AMPZ + BRMPZ + BBMPZ + BMPZ + BMPZ + BMPZ + BMPZ + BDMPZ
2026-08-08 07:11:10;08-08-2026;09:03:00;1198;Scheduled;AP;KH;Talgo;16 cars (Nos. 1-25);EB + BPD + APT + AP + BPH + BP + BPT + BP + BPT + BP + BPT + BP + BPT + BP + BPT + BPD
2026-08-08 08:55:39;08-08-2026;11:02:30;393;Scheduled;KH;HMB;Talgo;17 cars (Nos. 1-25);EB + BPD + APT + AP + BPH + BP + BPT + BP + BPT + BP + BPT + BP + BPT + BP + BPT + BPD + EB
2026-08-08 09:50:41;08-08-2026;12:04:00;50378;Scheduled;PA;KH;IC3;8 cars (Nos. 11-24);ER + ER
2026-08-08 09:50:41;08-08-2026;12:11:00;20902;Cancelled;AP;%CST;Unknown;1 cars (Nos. 13-13);BR193 + WRBMZ
2026-08-07 23:45:19;08-08-2026;02:37:00;952287;Scheduled;PA;AA;Talgo;17 cars (Nos. 111-136);EB + BPD + APT + AP + BPH + BP + BPT + BP + BPT + BP + BPT + BP + BPT + BP + BPT + BPD + EB
2026-08-08 10:47:49;08-08-2026;13:02:30;13465;Scheduled;KH;HMB;Railjet;11 cars (Nos. 1-263);EB + BDMPZ + BMPZ + BMPZ + BMPZ + BMPZ + BBMPZ + BRMPZ + AMPZ + AFMPZ + EB
2026-08-08 10:47:49;08-08-2026;13:03:00;396;Scheduled;HMB;KH;Talgo;17 cars (Nos. 1-25);EB + BPD + BPT + BP + BPT + BP + BPT + BP + BPT + BP + BPT + BP + BPH + AP + APT + BPD + EB
2026-08-08 11:39:14;08-08-2026;14:03:00;1196;Scheduled;AHAR;KH;IC3;4 cars (Nos. 71-82);MFU + MFU
2026-08-08 11:39:14;08-08-2026;15:02:30;395;Scheduled;KH;HMB;Talgo;17 cars (Nos. 1-25);EB + BPD + BPT + BP + BPT + BP + BPT + BP + BPT + BP + BPT + BP + BPH + AP + APT + BPD + EB
2026-08-08 13:09:12;08-08-2026;15:03:00;13464;Scheduled;AHAR;KH;Railjet;10 cars (Nos. 1-263);EB + BDMPZ + BMPZ + BMPZ + BMPZ + BMPZ + BBMPZ + BRMPZ + AMPZ + AFMPZ
2026-08-08 14:46:01;08-08-2026;17:02:30;397;Scheduled;KH;HMB;Talgo;17 cars (Nos. 1-25);EB + BPD + BPT + BP + BPT + BP + BPT + BP + BPT + BP + BPT + BP + BPH + AP + APT + BPD + EB
2026-08-08 14:46:01;08-08-2026;17:03:00;394;Scheduled;HMB;KH;Talgo;17 cars (Nos. 1-25);EB + BPD + BPT + BP + BPT + BP + BPT + BP + BPT + BP + BPT + BP + BPH + AP + APT + BPD + EB
2026-08-08 16:49:02;08-08-2026;19:03:00;13462;Scheduled;HMB;KH;Railjet;11 cars (Nos. 1-263);EB + AFMPZ + AMPZ + BRMPZ + BBMPZ + BMPZ + BMPZ + BMPZ + BMPZ + BDMPZ + EB
2026-08-08 18:54:07;08-08-2026;21:02:30;1199;Scheduled;KH;AP;Talgo;17 cars (Nos. 1-25);EB + BPD + APT + AP + BPH + BP + BPT + BP + BPT + BP + BPT + BP + BPT + BP + BPT + BPD + EB
2026-08-08 18:54:07;08-08-2026;21:03:00;392;Scheduled;HMB;KH;Talgo;17 cars (Nos. 1-25);EB + BPD + APT + AP + BPH + BP + BPT + BP + BPT + BP + BPT + BP + BPT + BP + BPT + BPD + EB
2026-08-08 23:40:57;09-08-2026;02:19:00;466;Scheduled;HMB;CPH;Talgo;17 cars (Nos. 1-25);EB + BPD + APT + AP + BPH + BP + BPT + BP + BPT + BP + BPT + BP + BPT + BP + BPT + BPD + EB
2026-08-08 23:40:57;09-08-2026;02:37:00;13467;Scheduled;KH;HMB;Talgo;17 cars (Nos. 1-25);EB + BPD + APT + AP + BPH + BP + BPT + BP + BPT + BP + BPT + BP + BPT + BP + BPT + BPD + EB
2026-08-09 05:55:19;09-08-2026;08:02:30;1191;Scheduled;KH;AHAR;IC3;4 cars (Nos. 71-82);MFU + MFU
2026-08-09 05:55:19;09-08-2026;09:02:30;13463;Scheduled;KH;AHAR;Railjet;10 cars (Nos. 1-263);EB + BDMPZ + BMPZ + BMPZ + BMPZ + BMPZ + BBMPZ + BRMPZ + AMPZ + AFMPZ
2026-08-09 07:12:08;09-08-2026;09:03:00;1198;Scheduled;AP;KH;Talgo;17 cars (Nos. 1-25);EB + BPD + APT + AP + BPH + BP + BPT + BP + BPT + BP + BPT + BP + BPT + BP + BPT + BPD + EB
2026-08-09 09:52:44;09-08-2026;11:02:30;393;Scheduled;KH;HMB;Talgo;17 cars (Nos. 1-25);EB + BPD + BPT + BP + BPT + BP + BPT + BP + BPT + BP + BPT + BP + BPH + AP + APT + BPD + EB
2026-08-09 09:52:44;09-08-2026;12:04:00;50378;Scheduled;PA;KH;IC3;8 cars (Nos. 11-24);ER + ER
2026-08-09 09:52:44;09-08-2026;12:11:00;20902;Scheduled;AP;%CST;Railjet;7 cars (Nos. 10-16);BR193 + BMPZ + BMPZ + BMPZ + WRBMZ + BMPZ + BMPZ + BMZ1
2026-08-09 10:49:25;09-08-2026;13:02:30;13465;Scheduled;KH;HMB;Railjet;11 cars (Nos. 1-263);EB + AFMPZ + AMPZ + BRMPZ + BBMPZ + BMPZ + BMPZ + BMPZ + BMPZ + BDMPZ + EB
2026-08-09 10:49:25;09-08-2026;13:03:00;396;Scheduled;HMB;KH;Talgo;17 cars (Nos. 1-25);EB + BPD + BPT + BP + BPT + BP + BPT + BP + BPT + BP + BPT + BP + BPH + AP + APT + BPD + EB
2026-08-09 11:40:38;09-08-2026;14:03:00;1196;Scheduled;AHAR;KH;IC3;4 cars (Nos. 71-82);MFU + MFU
2026-08-09 13:12:14;09-08-2026;15:02:30;395;Scheduled;KH;HMB;Talgo;17 cars (Nos. 1-25);EB + BPD + APT + AP + BPH + BP + BPT + BP + BPT + BP + BPT + BP + BPT + BP + BPT + BPD + EB
2026-08-09 13:56:33;09-08-2026;15:03:00;13464;Scheduled;AHAR;KH;Railjet;10 cars (Nos. 1-263);EB + BDMPZ + BMPZ + BMPZ + BMPZ + BMPZ + BBMPZ + BRMPZ + AMPZ + AFMPZ
2026-08-09 14:49:03;09-08-2026;17:02:30;397;Scheduled;KH;HMB;Talgo;17 cars (Nos. 1-25);EB + BPD + APT + AP + BPH + BP + BPT + BP + BPT + BP + BPT + BP + BPT + BP + BPT + BPD + EB
2026-08-09 14:49:03;09-08-2026;17:03:00;394;Scheduled;HMB;KH;Talgo;17 cars (Nos. 1-25);EB + BPD + APT + AP + BPH + BP + BPT + BP + BPT + BP + BPT + BP + BPT + BP + BPT + BPD + EB
2026-08-09 17:44:25;09-08-2026;19:03:00;13462;Scheduled;HMB;KH;Railjet;11 cars (Nos. 1-263);EB + BDMPZ + BMPZ + BMPZ + BMPZ + BMPZ + BBMPZ + BRMPZ + AMPZ + AFMPZ + EB
2026-08-09 18:57:06;09-08-2026;21:02:30;1199;Scheduled;KH;AP;Talgo;17 cars (Nos. 1-25);EB + BPD + APT + AP + BPH + BP + BPT + BP + BPT + BP + BPT + BP + BPT + BP + BPT + BPD + EB
2026-08-09 18:57:06;09-08-2026;21:03:00;392;Scheduled;HMB;KH;Talgo;17 cars (Nos. 1-25);EB + BPD + BPT + BP + BPT + BP + BPT + BP + BPT + BP + BPT + BP + BPH + AP + APT + BPD + EB
2026-08-09 23:43:09;10-08-2026;02:19:00;466;Scheduled;PA;CPH;IC3;8 cars (Nos. 1-114);ER + ER
2026-08-09 23:43:09;10-08-2026;02:37:00;13467;Cancelled;HMB;HMB;Talgo;17 cars (Nos. 1-25);EB + BPD + APT + AP + BPH + BP + BPT + BP + BPT + BP + BPT + BP + BPT + BP + BPT + BPD + EB
2026-08-10 04:49:25;10-08-2026;08:02:30;1191;Scheduled;KH;AHAR;IC3;4 cars (Nos. 71-82);MFU + MFU
2026-08-10 06:19:52;10-08-2026;09:02:30;13463;Scheduled;KH;AHAR;Railjet;10 cars (Nos. 1-263);EB + AFMPZ + AMPZ + BRMPZ + BBMPZ + BMPZ + BMPZ + BMPZ + BMPZ + BDMPZ
2026-08-10 06:19:52;10-08-2026;09:03:00;1198;Scheduled;AP;KH;Talgo;17 cars (Nos. 1-25);EB + BPD + BPT + BP + BPT + BP + BPT + BP + BPT + BP + BPT + BP + BPH + AP + APT + BPD + EB
2026-08-10 08:48:34;10-08-2026;11:02:30;393;Scheduled;KH;HMB;Talgo;17 cars (Nos. 1-25);EB + BPD + BPT + BP + BPT + BP + BPT + BP + BPT + BP + BPT + BP + BPH + AP + APT + BPD + EB
2026-08-10 08:48:34;10-08-2026;12:04:00;50378;Scheduled;PA;KH;IC3;8 cars (Nos. 11-24);ER + ER
2026-08-10 08:48:34;10-08-2026;12:11:00;20902;Scheduled;AP;%CST;Railjet;7 cars (Nos. 10-16);BR193 + BMPZ + BMPZ + BMPZ + WRBMZ + BMPZ + BMPZ + BMZ1
2026-08-09 23:43:09;10-08-2026;02:37:00;902287;Scheduled;PA;HMB;Unknown;0 cars;
2026-08-10 10:34:00;10-08-2026;13:02:30;13465;Scheduled;KH;HMB;Railjet;11 cars (Nos. 1-263);EB + AFMPZ + AMPZ + BRMPZ + BBMPZ + BMPZ + BMPZ + BMPZ + BMPZ + BDMPZ + EB
2026-08-10 11:56:09;10-08-2026;13:03:00;396;Scheduled;HMB;KH;Talgo;17 cars (Nos. 1-25);EB + BPD + BPT + BP + BPT + BP + BPT + BP + BPT + BP + BPT + BP + BPH + AP + APT + BPD + EB
2026-08-10 11:56:09;10-08-2026;14:03:00;1196;Scheduled;AHAR;KH;IC3;4 cars (Nos. 71-82);MFU + MFU
2026-08-10 13:39:06;10-08-2026;15:02:30;395;Scheduled;KH;HMB;Talgo;17 cars (Nos. 1-25);EB + BPD + APT + AP + BPH + BP + BPT + BP + BPT + BP + BPT + BP + BPT + BP + BPT + BPD + EB
2026-08-10 13:39:06;10-08-2026;15:03:00;13464;Scheduled;AHAR;KH;Railjet;10 cars (Nos. 1-263);EB + BDMPZ + BMPZ + BMPZ + BMPZ + BMPZ + BBMPZ + BRMPZ + AMPZ + AFMPZ
2026-08-10 15:12:52;10-08-2026;17:02:30;397;Cancelled;PA;HMB;Talgo;17 cars (Nos. 1-25);EB + BPD + BPT + BP + BPT + BP + BPT + BP + BPT + BP + BPT + BP + BPH + AP + APT + BPD + EB
2026-08-10 15:12:52;10-08-2026;17:03:00;394;Scheduled;HMB;KH;Talgo;17 cars (Nos. 1-25);EB + BPD + APT + AP + BPH + BP + BPT + BP + BPT + BP + BPT + BP + BPT + BP + BPT + BPD + EB
2026-08-10 17:04:55;10-08-2026;19:03:00;13462;Scheduled;HMB;KH;Railjet;11 cars (Nos. 1-263);EB + BDMPZ + BMPZ + BMPZ + BMPZ + BMPZ + BBMPZ + BRMPZ + AMPZ + AFMPZ + EB
2026-08-10 19:12:01;10-08-2026;21:02:30;1199;Scheduled;KH;AP;Talgo;17 cars (Nos. 1-25);EB + BPD + APT + AP + BPH + BP + BPT + BP + BPT + BP + BPT + BP + BPT + BP + BPT + BPD + EB
2026-08-10 19:12:01;10-08-2026;21:03:00;392;Scheduled;HMB;KH;Talgo;17 cars (Nos. 1-25);EB + BPD + BPT + BP + BPT + BP + BPT + BP + BPT + BP + BPT + BP + BPH + AP + APT + BPD + EB
2026-08-10 23:47:36;11-08-2026;02:19:00;466;Cancelled;HMB;CPH;Talgo;17 cars (Nos. 111-145);EB + BPD + BPT + BP + BPT + BP + BPT + BP + BPT + BP + BPT + BP + BPH + AP + APT + BPD + EB
2026-08-10 23:47:36;11-08-2026;02:37:00;13467;Scheduled;PA;HMB;Talgo;17 cars (Nos. 1-25);EB + BPD + BPT + BP + BPT + BP + BPT + BP + BPT + BP + BPT + BP + BPH + AP + APT + BPD + EB
2026-08-11 06:01:13;11-08-2026;08:02:30;1191;Scheduled;KH;AHAR;IC3;4 cars (Nos. 71-82);MFU + MFU
2026-08-11 06:01:13;11-08-2026;09:02:30;13463;Scheduled;KH;AHAR;Railjet;10 cars (Nos. 1-263);EB + AFMPZ + AMPZ + BRMPZ + BBMPZ + BMPZ + BMPZ + BMPZ + BMPZ + BDMPZ
2026-08-11 07:32:16;11-08-2026;09:03:00;1198;Scheduled;AP;KH;Talgo;17 cars (Nos. 1-25);EB + BPD + BPT + BP + BPT + BP + BPT + BP + BPT + BP + BPT + BP + BPH + AP + APT + BPD + EB
2026-08-11 07:32:16;11-08-2026;11:02:30;393;Scheduled;KH;HMB;Talgo;17 cars (Nos. 1-25);EB + BPD + APT + AP + BPH + BP + BPT + BP + BPT + BP + BPT + BP + BPT + BP + BPT + BPD + EB
2026-08-11 09:11:21;11-08-2026;12:04:00;50378;Scheduled;PA;KH;IC3;8 cars (Nos. 11-24);ER + ER
2026-08-11 10:08:12;11-08-2026;12:11:00;20902;Scheduled;AP;%CST;Railjet;7 cars (Nos. 10-16);BR193 + BMPZ + BMPZ + BMPZ + WRBMZ + BMPZ + BMPZ + BMZ1
2026-08-11 11:02:04;11-08-2026;13:02:30;13465;Scheduled;KH;HMB;Railjet;11 cars (Nos. 1-263);EB + AFMPZ + AMPZ + BRMPZ + BBMPZ + BMPZ + BMPZ + BMPZ + BMPZ + BDMPZ + EB
2026-08-11 11:02:04;11-08-2026;13:03:00;396;Cancelled;HMB;KH;Talgo;17 cars (Nos. 1-25);EB + BPD + APT + AP + BPH + BP + BPT + BP + BPT + BP + BPT + BP + BPT + BP + BPT + BPD + EB
2026-08-11 11:53:31;11-08-2026;14:03:00;1196;Scheduled;AHAR;KH;IC3;4 cars (Nos. 71-82);MFU + MFU
2026-08-11 13:36:57;11-08-2026;15:02:30;395;Cancelled;PA;HMB;Talgo;17 cars (Nos. 1-25);EB + BPD + BPT + BP + BPT + BP + BPT + BP + BPT + BP + BPT + BP + BPH + AP + APT + BPD + EB
2026-08-11 13:36:57;11-08-2026;15:03:00;13464;Scheduled;AHAR;KH;Railjet;10 cars (Nos. 1-263);EB + BDMPZ + BMPZ + BMPZ + BMPZ + BMPZ + BBMPZ + BRMPZ + AMPZ + AFMPZ
2026-08-11 15:13:51;11-08-2026;17:02:30;397;Scheduled;KH;HMB;Talgo;17 cars (Nos. 1-25);EB + BPD + APT + AP + BPH + BP + BPT + BP + BPT + BP + BPT + BP + BPT + BP + BPT + BPD + EB
2026-08-11 15:13:51;11-08-2026;17:03:00;394;Scheduled;HMB;KH;Talgo;17 cars (Nos. 1-25);EB + BPD + BPT + BP + BPT + BP + BPT + BP + BPT + BP + BPT + BP + BPH + AP + APT + BPD + EB
2026-08-11 17:09:22;11-08-2026;19:03:00;13462;Scheduled;HMB;KH;Railjet;11 cars (Nos. 1-263);EB + BDMPZ + BMPZ + BMPZ + BMPZ + BMPZ + BBMPZ + BRMPZ + AMPZ + AFMPZ + EB
2026-08-11 18:03:44;11-08-2026;21:02:30;1199;Scheduled;KH;AP;Talgo;17 cars (Nos. 1-25);EB + BPD + APT + AP + BPH + BP + BPT + BP + BPT + BP + BPT + BP + BPT + BP + BPT + BPD + EB
2026-08-11 18:03:44;11-08-2026;21:03:00;990392;Cancelled;PA;KH;Talgo;17 cars (Nos. 1-25);EB + BPD + BPT + BP + BPT + BP + BPT + BP + BPT + BP + BPT + BP + BPH + AP + APT + BPD + EB
2026-08-11 23:54:57;12-08-2026;02:19:00;466;Scheduled;PA;CPH;IC3;8 cars (Nos. 111-124);ER + ER
2026-08-11 23:54:57;12-08-2026;02:37:00;13467;Scheduled;PA;HMB;Talgo;17 cars (Nos. 1-25);EB + BPD + APT + AP + BPH + BP + BPT + BP + BPT + BP + BPT + BP + BPT + BP + BPT + BPD + EB
2026-08-12 04:57:03;12-08-2026;08:02:30;1191;Scheduled;KH;AHAR;IC3;4 cars (Nos. 71-82);MFU + MFU
2026-08-12 06:38:58;12-08-2026;09:02:30;13463;Scheduled;KH;AHAR;Railjet;10 cars (Nos. 1-263);EB + AFMPZ + AMPZ + BRMPZ + BBMPZ + BMPZ + BMPZ + BMPZ + BMPZ + BDMPZ
2026-08-12 06:38:58;12-08-2026;09:03:00;1198;Scheduled;AP;KH;Talgo;17 cars (Nos. 1-25);EB + BPD + APT + AP + BPH + BP + BPT + BP + BPT + BP + BPT + BP + BPT + BP + BPT + BPD + EB
2026-08-12 08:36:56;12-08-2026;11:02:30;393;Scheduled;KH;HMB;Talgo;17 cars (Nos. 1-25);EB + BPD + APT + AP + BPH + BP + BPT + BP + BPT + BP + BPT + BP + BPT + BP + BPT + BPD + EB
2026-08-12 08:36:56;12-08-2026;12:04:00;50378;Scheduled;PA;KH;IC3;8 cars (Nos. 11-24);ER + ER
2026-08-12 10:17:39;12-08-2026;12:11:00;20902;Scheduled;AP;%CST;Railjet;6 cars (Nos. 11-16);BR193 + BMPZ + BMPZ + WRBMZ + BMPZ + BMPZ + BMZ1
2026-08-12 10:17:39;12-08-2026;13:02:30;13465;Scheduled;KH;HMB;Railjet;11 cars (Nos. 1-263);EB + AFMPZ + AMPZ + BRMPZ + BBMPZ + BMPZ + BMPZ + BMPZ + BMPZ + BDMPZ + EB
2026-08-12 10:17:39;12-08-2026;13:03:00;396;Scheduled;HMB;KH;Talgo;17 cars (Nos. 1-25);EB + BPD + BPT + BP + BPT + BP + BPT + BP + BPT + BP + BPT + BP + BPH + AP + APT + BPD + EB
2026-08-12 13:55:50;12-08-2026;14:03:00;1196;Scheduled;AHAR;KH;IC3;4 cars (Nos. 71-82);MFU + MFU
2026-08-12 13:55:50;12-08-2026;15:02:30;395;Cancelled;PA;HMB;Talgo;17 cars (Nos. 1-25);EB + BPD + BPT + BP + BPT + BP + BPT + BP + BPT + BP + BPT + BP + BPH + AP + APT + BPD + EB
2026-08-12 15:40:28;12-08-2026;15:03:00;13464;Scheduled;AHAR;KH;Railjet;10 cars (Nos. 1-263);EB + BDMPZ + BMPZ + BMPZ + BMPZ + BMPZ + BBMPZ + BRMPZ + AMPZ + AFMPZ
2026-08-12 15:40:28;12-08-2026;17:02:30;397;Scheduled;KH;HMB;Talgo;17 cars (Nos. 1-25);EB + BPD + APT + AP + BPH + BP + BPT + BP + BPT + BP + BPT + BP + BPT + BP + BPT + BPD + EB
2026-08-12 18:06:54;12-08-2026;17:03:00;394;Scheduled;HMB;KH;Talgo;17 cars (Nos. 1-25);EB + BPD + BPT + BP + BPT + BP + BPT + BP + BPT + BP + BPT + BP + BPH + AP + APT + BPD + EB
2026-08-12 19:08:28;12-08-2026;19:03:00;13462;Scheduled;HMB;KH;Railjet;11 cars (Nos. 1-263);EB + BDMPZ + BMPZ + BMPZ + BMPZ + BMPZ + BBMPZ + BRMPZ + AMPZ + AFMPZ + EB
2026-08-12 21:16:09;12-08-2026;21:02:30;1199;Scheduled;KH;AP;Talgo;17 cars (Nos. 1-25);EB + BPD + APT + AP + BPH + BP + BPT + BP + BPT + BP + BPT + BP + BPT + BP + BPT + BPD + EB
2026-08-12 20:03:51;12-08-2026;21:03:00;392;Cancelled;HMB;KH;Vectron-hauled;2 cars (Nos. 1-2);EB + EB
2026-08-13 01:54:26;13-08-2026;02:19:00;466;Cancelled;HMB;CPH;Talgo;17 cars (Nos. 111-145);EB + BPD + BPT + BP + BPT + BP + BPT + BP + BPT + BP + BPT + BP + BPH + AP + APT + BPD + EB
2026-08-13 07:00:56;13-08-2026;08:02:30;1191;Scheduled;KH;AA;IC3;4 cars (Nos. 71-82);MFU + MFU
2026-08-13 08:41:10;13-08-2026;09:02:30;13463;Scheduled;KH;AA;Railjet;11 cars (Nos. 1-263);EB + AFMPZ + AMPZ + BRMPZ + BBMPZ + BMPZ + BMPZ + BMPZ + BMPZ + BDMPZ + EB
2026-08-13 08:41:10;13-08-2026;09:03:00;1198;Scheduled;AA;KH;Talgo;17 cars (Nos. 11-121);EB + BPD + APT + AP + BPH + BP + BPT + BP + BPT + BP + BPT + BP + BPT + BP + BPT + BPD + EB
2026-08-13 10:40:57;13-08-2026;11:02:30;393;Scheduled;KH;AA;Talgo;17 cars (Nos. 1-111);EB + BPD + BPT + BP + BPT + BP + BPT + BP + BPT + BP + BPT + BP + BPH + AP + APT + BPD + EB
2026-08-13 10:40:57;13-08-2026;12:04:00;50378;Scheduled;PA;KH;IC3;8 cars (Nos. 11-24);ER + ER
2026-08-13 10:40:57;13-08-2026;12:11:00;20902;Scheduled;AP;%CST;Railjet;6 cars (Nos. 11-16);BR193 + BMPZ + BMPZ + WRBMZ + BMPZ + BMPZ + BMZ1
2026-08-13 12:19:16;13-08-2026;13:02:30;13465;Scheduled;KH;AA;Railjet;10 cars (Nos. 2-263);EB + AFMPZ + AMPZ + BRMPZ + BBMPZ + BMPZ + BMPZ + BMPZ + BMPZ + BDMPZ
2026-08-13 12:19:16;13-08-2026;13:03:00;396;Scheduled;AA;KH;Talgo;17 cars (Nos. 1-111);EB + EB + BPD + BPT + BP + BPT + BP + BPT + BP + BPT + BP + BPT + BP + BPH + AP + APT + BPD
2026-08-13 13:56:07;13-08-2026;14:03:00;1196;Scheduled;AA;KH;IC3;4 cars (Nos. 71-82);MFU + MFU
2026-08-13 13:56:07;13-08-2026;15:02:30;395;Scheduled;KH;AA;Talgo;17 cars (Nos. 1-111);EB + BPD + APT + AP + BPH + BP + BPT + BP + BPT + BP + BPT + BP + BPT + BP + BPT + BPD + EB
2026-08-13 15:40:54;13-08-2026;15:03:00;13464;Scheduled;AA;KH;Railjet;10 cars (Nos. 1-263);EB + BDMPZ + BMPZ + BMPZ + BMPZ + BMPZ + BBMPZ + BRMPZ + AMPZ + AFMPZ
2026-08-13 17:11:16;13-08-2026;17:02:30;397;Scheduled;KH;AA;Talgo;17 cars (Nos. 11-121);EB + BPD + BPT + BP + BPT + BP + BPT + BP + BPT + BP + BPT + BP + BPH + AP + APT + BPD + EB
2026-08-13 17:11:16;13-08-2026;17:03:00;394;Scheduled;AA;KH;Talgo;17 cars (Nos. 1-111);EB + BPD + APT + AP + BPH + BP + BPT + BP + BPT + BP + BPT + BP + BPT + BP + BPT + BPD + EB
2026-08-13 19:08:30;13-08-2026;19:03:00;13462;Scheduled;AA;KH;Railjet;11 cars (Nos. 1-263);EB + BDMPZ + BMPZ + BMPZ + BMPZ + BMPZ + BBMPZ + BRMPZ + AMPZ + AFMPZ + EB
2026-08-13 20:03:56;13-08-2026;21:02:30;1199;Scheduled;KH;AA;Talgo;17 cars (Nos. 1-111);EB + BPD + APT + AP + BPH + BP + BPT + BP + BPT + BP + BPT + BP + BPT + BP + BPT + BPD + EB
2026-08-13 20:03:56;13-08-2026;21:03:00;392;Scheduled;AA;KH;Talgo;17 cars (Nos. 1-99);EB + BPD + BPT + BP + BPT + BP + BPT + BP + BPT + BP + BPT + BP + BPH + AP + APT + BPD + EB
2026-08-14 01:54:23;14-08-2026;02:19:00;13466;Scheduled;AA;KH;Talgo;17 cars (Nos. 111-269);EB + BPD + BPT + BP + BPT + BP + BPT + BP + BPT + BP + BPT + BP + BPH + AP + APT + BPD + EB
2026-08-14 01:54:23;14-08-2026;02:37:00;13467;Scheduled;KH;AA;Talgo;16 cars (Nos. 1-269);EB + BPD + BPT + BP + BPT + BP + BPT + BP + BPT + BP + BPT + BP + BPH + AP + APT + BPD
2026-08-14 06:57:41;14-08-2026;08:02:30;1191;Scheduled;KH;AA;IC3;4 cars (Nos. 71-82);MFU + MFU
2026-08-14 08:38:53;14-08-2026;09:02:30;13463;Scheduled;KH;AA;Railjet;10 cars (Nos. 1-263);EB + AFMPZ + AMPZ + BRMPZ + BBMPZ + BMPZ + BMPZ + BMPZ + BMPZ + BDMPZ
2026-08-14 08:38:53;14-08-2026;09:03:00;1198;Scheduled;AA;KH;Talgo;17 cars (Nos. 1-111);EB + BPD + BPT + BP + BPT + BP + BPT + BP + BPT + BP + BPT + BP + BPH + AP + APT + BPD + EB
2026-08-14 10:34:55;14-08-2026;11:02:30;393;Scheduled;KH;AA;Talgo;17 cars (Nos. 1-111);EB + BPD + BPT + BP + BPT + BP + BPT + BP + BPT + BP + BPT + BP + BPH + AP + APT + BPD + EB
2026-08-14 10:34:55;14-08-2026;12:04:00;50378;Scheduled;PA;KH;IC3;8 cars (Nos. 11-24);ER + ER
2026-08-14 12:14:08;14-08-2026;12:11:00;20902;Scheduled;AP;%CST;Railjet;6 cars (Nos. 11-16);BR193 + BMPZ + BMPZ + WRBMZ + BMPZ + BMPZ + BMZ1
2026-08-14 13:07:32;14-08-2026;13:02:30;13465;Scheduled;KH;AA;Railjet;11 cars (Nos. 1-263);EB + AFMPZ + AMPZ + BRMPZ + BBMPZ + BMPZ + BMPZ + BMPZ + BMPZ + BDMPZ + EB
2026-08-14 13:07:32;14-08-2026;13:03:00;396;Scheduled;AA;KH;Talgo;16 cars (Nos. 1-25);EB + BPD + APT + AP + BPH + BP + BPT + BP + BPT + BP + BPT + BP + BPT + BP + BPT + BPD
2026-08-14 13:53:29;14-08-2026;14:03:00;1196;Scheduled;AA;KH;IC3;4 cars (Nos. 71-82);MFU + MFU
2026-08-14 15:36:11;14-08-2026;15:02:30;395;Scheduled;KH;AA;Talgo;17 cars (Nos. 1-25);EB + BPD + APT + AP + BPH + BP + BPT + BP + BPT + BP + BPT + BP + BPT + BP + BPT + BPD + EB
2026-08-14 15:36:11;14-08-2026;15:03:00;13464;Scheduled;AA;KH;Railjet;10 cars (Nos. 1-263);EB + BDMPZ + BMPZ + BMPZ + BMPZ + BMPZ + BBMPZ + BRMPZ + AMPZ + AFMPZ
2026-08-14 18:02:17;14-08-2026;17:02:30;397;Scheduled;KH;AA;Talgo;17 cars (Nos. 1-111);EB + BPD + APT + AP + BPH + BP + BPT + BP + BPT + BP + BPT + BP + BPT + BP + BPT + BPD + EB
2026-08-14 17:04:11;14-08-2026;17:03:00;394;Scheduled;AA;KH;Talgo;17 cars (Nos. 1-111);EB + BPD + APT + AP + BPH + BP + BPT + BP + BPT + BP + BPT + BP + BPT + BP + BPT + BPD + EB
2026-08-14 19:07:23;14-08-2026;19:03:00;13462;Scheduled;AA;KH;Railjet;11 cars (Nos. 1-263);EB + BDMPZ + BMPZ + BMPZ + BMPZ + BMPZ + BBMPZ + BRMPZ + AMPZ + AFMPZ + EB
2026-08-14 21:09:49;14-08-2026;21:02:30;1199;Scheduled;KH;AA;Talgo;16 cars (Nos. 11-111);EB + BPD + BPT + BP + BPT + BP + BPT + BP + BPT + BP + BPT + BP + BPH + AP + APT + BPD
2026-08-14 21:09:49;14-08-2026;21:03:00;392;Scheduled;AA;KH;Talgo;17 cars (Nos. 1-111);EB + BPD + BPT + BP + BPT + BP + BPT + BP + BPT + BP + BPT + BP + BPH + AP + APT + BPD + EB
2026-08-15 05:01:11;15-08-2026;02:19:00;13466;Scheduled;PAGR;KH;Unknown;0 cars;
2026-08-15 01:33:05;15-08-2026;02:19:00;386;Scheduled;PA;KH;Talgo;17 cars (Nos. 111-136);EB + BPD + BPT + BP + BPT + BP + BPT + BP + BPT + BP + BPT + BP + BPH + AP + APT + BPD + EB
2026-08-15 07:36:22;15-08-2026;08:02:30;2611;Scheduled;KH;HMB;IC3;4 cars (Nos. 71-82);MFU + MFU
2026-08-15 07:36:22;15-08-2026;08:02:30;1191;Cancelled;KH;HMB;IC3;4 cars (Nos. 71-82);MFU + MFU
2026-08-15 08:54:47;15-08-2026;09:02:30;13463;Scheduled;KH;AA;Railjet;10 cars (Nos. 1-263);EB + AFMPZ + AMPZ + BRMPZ + BBMPZ + BMPZ + BMPZ + BMPZ + BMPZ + BDMPZ
2026-08-15 08:54:47;15-08-2026;09:03:00;1198;Scheduled;HMB;KH;Talgo;16 cars (Nos. 1-25);EB + BPD + BPT + BP + BPT + BP + BPT + BP + BPT + BP + BPT + BP + BPH + AP + APT + BPD
2026-08-15 10:42:15;15-08-2026;11:02:30;2603;Scheduled;KH;HMB;Talgo;17 cars (Nos. 1-111);EB + BPD + APT + AP + BPH + BP + BPT + BP + BPT + BP + BPT + BP + BPT + BP + BPT + BPD + EB
2026-08-15 11:35:59;15-08-2026;12:04:00;1187;Scheduled;PA;HMB;Unknown;0 cars;
2026-08-15 01:33:05;15-08-2026;02:37:00;13467;Scheduled;PA;HMB;Unknown;0 cars;
2026-08-15 11:35:59;15-08-2026;12:04:00;50378;Scheduled;PA;KH;IC3;8 cars (Nos. 11-24);ER + ER
2026-08-15 12:35:14;15-08-2026;13:02:30;13465;Scheduled;KH;AA;Railjet;11 cars (Nos. 1-263);EB + AFMPZ + AMPZ + BRMPZ + BBMPZ + BMPZ + BMPZ + BMPZ + BMPZ + BDMPZ + EB
2026-08-15 12:35:14;15-08-2026;13:03:00;396;Scheduled;HMB;KH;Talgo;16 cars (Nos. 1-25);EB + BPD + BPT + BP + BPT + BP + BPT + BP + BPT + BP + BPT + BP + BPH + AP + APT + BPD
2026-08-15 13:31:29;15-08-2026;14:03:00;1196;Scheduled;HMB;KH;IC3;4 cars (Nos. 71-82);MFU + MFU
2026-08-15 14:55:44;15-08-2026;15:02:30;2605;Scheduled;KH;HMB;Talgo;17 cars (Nos. 1-111);EB + BPD + APT + AP + BPH + BP + BPT + BP + BPT + BP + BPT + BP + BPT + BP + BPT + BPD + EB
2026-08-15 14:55:44;15-08-2026;15:03:00;13464;Scheduled;AA;KH;Railjet;10 cars (Nos. 1-263);EB + AFMPZ + AMPZ + BRMPZ + BBMPZ + BMPZ + BMPZ + BMPZ + BMPZ + BDMPZ
2026-08-15 16:35:31;15-08-2026;17:02:30;2607;Scheduled;KH;HMB;Talgo;16 cars (Nos. 1-25);EB + BPD + BPT + BP + BPT + BP + BPT + BP + BPT + BP + BPT + BP + BPH + AP + APT + BPD
2026-08-15 16:35:31;15-08-2026;17:03:00;394;Scheduled;HMB;KH;Talgo;17 cars (Nos. 1-111);EB + BPD + BPT + BP + BPT + BP + BPT + BP + BPT + BP + BPT + BP + BPH + AP + APT + BPD + EB
2026-08-15 18:37:10;15-08-2026;19:03:00;13462;Scheduled;AA;KH;Railjet;11 cars (Nos. 1-263);EB + BDMPZ + BMPZ + BMPZ + BMPZ + BMPZ + BBMPZ + BRMPZ + AMPZ + AFMPZ + EB
2026-08-15 20:44:57;15-08-2026;21:02:30;2619;Scheduled;PA;HMB;Talgo;17 cars (Nos. 1-111);EB + BPD + APT + AP + BPH + BP + BPT + BP + BPT + BP + BPT + BP + BPT + BP + BPT + BPD + EB
2026-08-15 20:44:57;15-08-2026;21:03:00;392;Scheduled;PA;KH;IC3;8 cars (Nos. 4-114);ER + ER
2026-08-16 07:38:44;16-08-2026;08:02:30;2611;Scheduled;PA;HMB;Unknown;0 cars;
2026-08-16 09:41:43;16-08-2026;09:02:30;13463;Scheduled;KH;#PH;Railjet;10 cars (Nos. 1-263);EB + AFMPZ + AMPZ + BRMPZ + BBMPZ + BMPZ + BMPZ + BMPZ + BMPZ + BDMPZ
2026-08-16 08:55:51;16-08-2026;09:03:00;1198;Scheduled;HMB;KH;Talgo;17 cars (Nos. 1-111);EB + BPD + BPT + BP + BPT + BP + BPT + BP + BPT + BP + BPT + BP + BPH + AP + APT + BPD + EB
2026-08-16 10:44:12;16-08-2026;11:02:30;2603;Scheduled;KH;HMB;Talgo;17 cars (Nos. 1-111);EB + BPD + APT + AP + BPH + BP + BPT + BP + BPT + BP + BPT + BP + BPT + BP + BPT + BPD + EB
2026-08-16 11:37:09;16-08-2026;12:04:00;50378;Scheduled;PA;KH;IC3;8 cars (Nos. 11-24);ER + ER
2026-08-16 12:35:53;16-08-2026;13:02:30;13465;Scheduled;KH;AA;Railjet;11 cars (Nos. 1-263);EB + AFMPZ + AMPZ + BRMPZ + BBMPZ + BMPZ + BMPZ + BMPZ + BMPZ + BDMPZ + EB
2026-08-16 12:35:53;16-08-2026;13:03:00;396;Scheduled;PA;KH;Talgo;16 cars (Nos. 1-25);EB + BPD + APT + AP + BPH + BP + BPT + BP + BPT + BP + BPT + BP + BPT + BP + BPT + BPD
2026-08-16 13:31:23;16-08-2026;14:03:00;1196;Scheduled;PA;KH;IC3;4 cars (Nos. 71-82);MFU + MFU
2026-08-16 14:57:27;16-08-2026;15:02:30;2605;Scheduled;KH;HMB;Talgo;17 cars (Nos. 1-111);EB + BPD + APT + AP + BPH + BP + BPT + BP + BPT + BP + BPT + BP + BPT + BP + BPT + BPD + EB
2026-08-16 13:31:23;16-08-2026;15:03:00;13464;Scheduled;AA;KH;Railjet;10 cars (Nos. 1-263);EB + BDMPZ + BMPZ + BMPZ + BMPZ + BMPZ + BBMPZ + BRMPZ + AMPZ + AFMPZ
2026-08-16 17:32:57;16-08-2026;17:02:30;2607;Cancelled;KH;HMB;Talgo;17 cars (Nos. 1-111);EB + BPD + BPT + BP + BPT + BP + BPT + BP + BPT + BP + BPT + BP + BPH + AP + APT + BPD + EB
2026-08-16 16:35:12;16-08-2026;17:03:00;394;Scheduled;PA;KH;Talgo;17 cars (Nos. 1-111);EB + BPD + BPT + BP + BPT + BP + BPT + BP + BPT + BP + BPT + BP + BPH + AP + APT + BPD + EB
2026-08-16 19:30:51;16-08-2026;19:03:00;13462;Scheduled;PA;KH;Railjet;20 cars (Nos. 111-148);BDMPZ + BMPZ + BMPZ + BMPZ + BMPZ + BBMPZ + BRMPZ + AMPZ + AFMPZ + EB + BDMPZ + BMPZ + BMPZ + BMPZ + BMPZ + BBMPZ + BRMPZ + AMPZ + AFMPZ + EB
2026-08-16 21:30:14;16-08-2026;21:02:30;2619;Scheduled;KH;HMB;Talgo;16 cars (Nos. 1-25);EB + BPD + BPT + BP + BPT + BP + BPT + BP + BPT + BP + BPT + BP + BPH + AP + APT + BPD
2026-08-16 21:30:14;16-08-2026;21:03:00;392;Scheduled;PA;KH;Talgo;17 cars (Nos. 1-111);EB + BPD + BPT + BP + BPT + BP + BPT + BP + BPT + BP + BPT + BP + BPH + AP + APT + BPD + EB
2026-08-17 07:47:04;17-08-2026;08:02:30;1191;Cancelled;KH;AA;IC3;4 cars (Nos. 71-82);MFU + MFU
2026-08-17 09:12:57;17-08-2026;09:02:30;383;Scheduled;KH;AA;Railjet;10 cars (Nos. 1-263);EB + AFMPZ + AMPZ + BRMPZ + BBMPZ + BMPZ + BMPZ + BMPZ + BMPZ + BDMPZ
2026-08-17 09:12:57;17-08-2026;09:03:00;1198;Scheduled;HMB;KH;Talgo;16 cars (Nos. 111-126);EB + BPD + APT + AP + BPH + BP + BPT + BP + BPT + BP + BPT + BP + BPT + BP + BPT + BPD
2026-08-17 10:57:15;17-08-2026;11:02:30;2603;Scheduled;KH;HMB;Talgo;17 cars (Nos. 1-111);EB + BPD + APT + AP + BPH + BP + BPT + BP + BPT + BP + BPT + BP + BPT + BP + BPT + BPD + EB
2026-08-17 11:53:41;17-08-2026;12:04:00;1187;Cancelled;PA;HMB;Unknown;0 cars;
2026-08-17 11:53:41;17-08-2026;12:04:00;378;Scheduled;PA;KH;IC3;6 cars (Nos. 61-72);ER + MFA
2026-08-17 13:36:00;17-08-2026;13:02:30;385;Scheduled;KH;AA;Railjet;11 cars (Nos. 1-263);EB + AFMPZ + AMPZ + BRMPZ + BBMPZ + BMPZ + BMPZ + BMPZ + BMPZ + BDMPZ + EB
2026-08-17 12:45:48;17-08-2026;13:03:00;396;Cancelled;HMB;KH;Talgo;16 cars (Nos. 1-25);EB + BPD + BPT + BP + BPT + BP + BPT + BP + BPT + BP + BPT + BP + BPH + AP + APT + BPD
2026-08-17 13:36:00;17-08-2026;14:03:00;1196;Scheduled;AA;KH;IC3;4 cars (Nos. 11-22);MFU + MFU
2026-08-17 15:02:47;17-08-2026;15:02:30;2605;Scheduled;KH;HMB;Talgo;17 cars (Nos. 1-111);EB + BPD + APT + AP + BPH + BP + BPT + BP + BPT + BP + BPT + BP + BPT + BP + BPT + BPD + EB
2026-08-17 15:02:47;17-08-2026;15:03:00;384;Scheduled;#PH;KH;Unknown;0 cars;
2026-08-17 07:47:04;17-08-2026;08:02:30;2611;Scheduled;PA;HMB;Unknown;0 cars;
2026-08-17 16:40:08;17-08-2026;17:02:30;2607;Scheduled;KH;HMB;Talgo;16 cars (Nos. 1-25);EB + BPD + BPT + BP + BPT + BP + BPT + BP + BPT + BP + BPT + BP + BPH + AP + APT + BPD
2026-08-17 16:40:08;17-08-2026;17:03:00;394;Scheduled;HMB;KH;Talgo;17 cars (Nos. 1-111);EB + BPD + BPT + BP + BPT + BP + BPT + BP + BPT + BP + BPT + BP + BPH + AP + APT + BPD + EB
2026-08-17 18:42:12;17-08-2026;19:03:00;382;Scheduled;#PH;KH;Unknown;0 cars;
2026-08-17 20:54:47;17-08-2026;21:02:30;1199;Scheduled;KH;HMB;Talgo;17 cars (Nos. 1-111);EB + BPD + BPT + BP + BPT + BP + BPT + BP + BPT + BP + BPT + BP + BPH + AP + APT + BPD + EB
2026-08-17 20:54:47;17-08-2026;21:03:00;392;Scheduled;HMB;KH;Talgo;17 cars (Nos. 1-111);EB + BPD + APT + AP + BPH + BP + BPT + BP + BPT + BP + BPT + BP + BPT + BP + BPT + BPD + EB
2026-08-18 01:33:15;18-08-2026;02:19:00;466;Scheduled;AA;CPH;Talgo;16 cars (Nos. 1-269);EB + BPD + BPT + BP + BPT + BP + BPT + BP + BPT + BP + BPT + BP + BPH + AP + APT + BPD
2026-08-18 01:33:15;18-08-2026;02:37:00;13467;Scheduled;KH;AA;Talgo;16 cars (Nos. 1-269);EB + BPD + APT + AP + BPH + BP + BPT + BP + BPT + BP + BPT + BP + BPT + BP + BPT + BPD
2026-08-18 07:41:45;18-08-2026;08:02:30;2611;Scheduled;KH;AA;IC3;4 cars (Nos. 71-82);MFU + MFU
2026-08-18 09:00:22;18-08-2026;09:02:30;383;Scheduled;KH;AA;Railjet;10 cars (Nos. 1-263);EB + AFMPZ + AMPZ + BRMPZ + BBMPZ + BMPZ + BMPZ + BMPZ + BMPZ + BDMPZ
2026-08-18 09:00:22;18-08-2026;09:03:00;1198;Scheduled;HMB;KH;Talgo;16 cars (Nos. 11-111);EB + BPD + BPT + BP + BPT + BP + BPT + BP + BPT + BP + BPT + BP + BPH + AP + APT + BPD
2026-08-18 10:50:33;18-08-2026;11:02:30;2603;Scheduled;KH;HMB;Talgo;17 cars (Nos. 1-111);EB + BPD + APT + AP + BPH + BP + BPT + BP + BPT + BP + BPT + BP + BPT + BP + BPT + BPD + EB
2026-08-18 11:45:32;18-08-2026;12:04:00;1187;Cancelled;PA;HMB;Unknown;0 cars;
2026-08-18 11:45:32;18-08-2026;12:04:00;378;Scheduled;PA;KH;IC3;6 cars (Nos. 61-72);ER + MFA
2026-08-18 12:43:02;18-08-2026;13:02:30;385;Scheduled;KH;AA;Railjet;11 cars (Nos. 1-263);EB + BDMPZ + BMPZ + BMPZ + BMPZ + BMPZ + BBMPZ + BRMPZ + AMPZ + AFMPZ + EB
2026-08-18 12:43:02;18-08-2026;13:03:00;396;Scheduled;HMB;KH;Talgo;16 cars (Nos. 1-25);EB + BPD + APT + AP + BPH + BP + BPT + BP + BPT + BP + BPT + BP + BPT + BP + BPT + BPD
2026-08-18 13:35:48;18-08-2026;14:03:00;1196;Scheduled;AA;KH;IC3;4 cars (Nos. 71-112);MFU + MFU
2026-08-18 15:53:39;18-08-2026;15:02:30;2605;Scheduled;KH;HMB;Talgo;16 cars (Nos. 1-25);EB + BPD + BPT + BP + BPT + BP + BPT + BP + BPT + BP + BPT + BP + BPH + AP + APT + BPD
2026-08-18 15:04:34;18-08-2026;15:03:00;384;Scheduled;AA;KH;Railjet;10 cars (Nos. 1-263);EB + BDMPZ + BMPZ + BMPZ + BMPZ + BMPZ + BBMPZ + BRMPZ + AMPZ + AFMPZ
2026-08-18 17:43:18;18-08-2026;17:02:30;2607;Scheduled;OD;HMB;Talgo;16 cars (Nos. 1-25);EB + BPD + BPT + BP + BPT + BP + BPT + BP + BPT + BP + BPT + BP + BPH + AP + APT + BPD
2026-08-18 16:48:35;18-08-2026;17:03:00;394;Scheduled;HMB;KH;Talgo;17 cars (Nos. 1-111);EB + BPD + BPT + BP + BPT + BP + BPT + BP + BPT + BP + BPT + BP + BPH + AP + APT + BPD + EB
2026-08-18 18:45:38;18-08-2026;19:03:00;382;Scheduled;AA;KH;Railjet;11 cars (Nos. 1-263);EB + AFMPZ + AMPZ + BRMPZ + BBMPZ + BMPZ + BMPZ + BMPZ + BMPZ + BDMPZ + EB
2026-08-18 20:53:25;18-08-2026;21:02:30;92619;Scheduled;KH;HMB;Talgo;16 cars (Nos. 2-25);EB + BPD + BPT + BP + BPT + BP + BPT + BP + BPT + BP + BPT + BP + BPH + AP + APT + BPD
2026-08-18 21:36:04;18-08-2026;21:03:00;392;Scheduled;HMB;KH;Talgo;16 cars (Nos. 11-111);EB + BPD + APT + AP + BPH + BP + BPT + BP + BPT + BP + BPT + BP + BPT + BP + BPT + BPD
2026-08-19 01:33:13;19-08-2026;02:19:00;466;Scheduled;AA;CPH;Talgo;16 cars (Nos. 1-269);EB + BPD + BPT + BP + BPT + BP + BPT + BP + BPT + BP + BPT + BP + BPH + AP + APT + BPD
2026-08-19 01:33:13;19-08-2026;02:37:00;387;Scheduled;KH;#PH;Unknown;0 cars;
2026-08-19 01:33:13;19-08-2026;02:37:00;13467;Scheduled;KH;AA;Talgo;16 cars (Nos. 1-269);EB + BPD + APT + AP + BPH + BP + BPT + BP + BPT + BP + BPT + BP + BPT + BP + BPT + BPD
2026-08-19 07:43:08;19-08-2026;08:02:30;2611;Scheduled;PA;HMB;Unknown;0 cars;
2026-08-19 09:01:33;19-08-2026;09:02:30;383;Scheduled;KH;AA;Railjet;10 cars (Nos. 1-263);EB + AFMPZ + AMPZ + BRMPZ + BBMPZ + BMPZ + BMPZ + BMPZ + BMPZ + BDMPZ
2026-08-19 09:01:33;19-08-2026;09:03:00;1198;Scheduled;AA;KH;Talgo;16 cars (Nos. 1-25);EB + BPD + BPT + BP + BPT + BP + BPT + BP + BPT + BP + BPT + BP + BPH + AP + APT + BPD
2026-08-19 11:45:35;19-08-2026;11:02:30;2603;Cancelled;PA;AA;Talgo;17 cars (Nos. 1-111);EB + BPD + BPT + BP + BPT + BP + BPT + BP + BPT + BP + BPT + BP + BPH + AP + APT + BPD + EB
2026-08-19 11:45:35;19-08-2026;12:04:00;1187;Cancelled;PA;HMB;Unknown;0 cars;
2026-08-19 11:45:35;19-08-2026;12:04:00;378;Scheduled;PA;KH;IC3;8 cars (Nos. 61-114);ER + ER
2026-08-19 12:42:54;19-08-2026;13:02:30;385;Scheduled;KH;AA;Railjet;11 cars (Nos. 1-263);EB + AFMPZ + AMPZ + BRMPZ + BBMPZ + BMPZ + BMPZ + BMPZ + BMPZ + BDMPZ + EB
2026-08-19 12:42:54;19-08-2026;13:03:00;396;Scheduled;AA;KH;Talgo;16 cars (Nos. 1-25);EB + BPD + BPT + BP + BPT + BP + BPT + BP + BPT + BP + BPT + BP + BPH + AP + APT + BPD
2026-08-19 13:35:52;19-08-2026;14:03:00;1196;Scheduled;AA;KH;IC3;4 cars (Nos. 71-82);MFU + MFU
2026-08-19 15:05:27;19-08-2026;15:02:30;2605;Scheduled;KH;AA;Talgo;16 cars (Nos. 1-25);EB + BPD + BPT + BP + BPT + BP + BPT + BP + BPT + BP + BPT + BP + BPH + AP + APT + BPD
2026-08-19 15:05:27;19-08-2026;15:03:00;384;Scheduled;AA;KH;Railjet;10 cars (Nos. 1-263);EB + BDMPZ + BMPZ + BMPZ + BMPZ + BMPZ + BBMPZ + BRMPZ + AMPZ + AFMPZ
2026-08-19 16:49:08;19-08-2026;17:02:30;2607;Scheduled;KH;AA;Talgo;16 cars (Nos. 1-25);EB + BPD + APT + AP + BPH + BP + BPT + BP + BPT + BP + BPT + BP + BPT + BP + BPT + BPD
2026-08-19 16:49:08;19-08-2026;17:03:00;394;Cancelled;AA;KH;Talgo;17 cars (Nos. 1-111);EB + BPD + APT + AP + BPH + BP + BPT + BP + BPT + BP + BPT + BP + BPT + BP + BPT + BPD + EB
2026-08-19 18:43:55;19-08-2026;19:03:00;382;Scheduled;AA;KH;Railjet;11 cars (Nos. 1-263);EB + BDMPZ + BMPZ + BMPZ + BMPZ + BMPZ + BBMPZ + BRMPZ + AMPZ + AFMPZ + EB
2026-08-19 20:50:33;19-08-2026;21:02:30;92619;Scheduled;KH;AA;Talgo;16 cars (Nos. 2-25);EB + BPD + APT + AP + BPH + BP + BPT + BP + BPT + BP + BPT + BP + BPT + BP + BPT + BPD
2026-08-19 20:50:33;19-08-2026;21:03:00;392;Scheduled;AA;KH;Talgo;16 cars (Nos. 11-111);EB + BPD + APT + AP + BPH + BP + BPT + BP + BPT + BP + BPT + BP + BPT + BP + BPT + BPD
2026-08-20 01:33:19;20-08-2026;02:19:00;466;Scheduled;AA;CPH;Talgo;16 cars (Nos. 1-25);EB + BPD + BPT + BP + BPT + BP + BPT + BP + BPT + BP + BPT + BP + BPH + AP + APT + BPD
2026-08-20 01:33:19;20-08-2026;02:37:00;13467;Scheduled;RG;AA;Talgo;16 cars (Nos. 1-25);EB + BPD + APT + AP + BPH + BP + BPT + BP + BPT + BP + BPT + BP + BPT + BP + BPT + BPD
2026-08-20 07:42:50;20-08-2026;08:02:30;2611;Scheduled;KH;AA;IC3;4 cars (Nos. 71-82);MFU + MFU
2026-08-20 09:02:07;20-08-2026;09:02:30;383;Scheduled;KH;AA;Railjet;10 cars (Nos. 1-263);EB + AFMPZ + AMPZ + BRMPZ + BBMPZ + BMPZ + BMPZ + BMPZ + BMPZ + BDMPZ
2026-08-20 09:02:07;20-08-2026;09:03:00;1198;Scheduled;AA;KH;Talgo;16 cars (Nos. 1-25);EB + BPD + BPT + BP + BPT + BP + BPT + BP + BPT + BP + BPT + BP + BPH + AP + APT + BPD
2026-08-20 10:52:53;20-08-2026;11:02:30;2603;Cancelled;PA;AA;Talgo;17 cars (Nos. 1-111);EB + BPD + BPT + BP + BPT + BP + BPT + BP + BPT + BP + BPT + BP + BPH + AP + APT + BPD + EB
2026-08-20 11:47:13;20-08-2026;12:04:00;378;Scheduled;PA;KH;IC3;6 cars (Nos. 61-72);ER + MFA
2026-08-20 12:44:06;20-08-2026;13:02:30;385;Scheduled;KH;AA;Railjet;11 cars (Nos. 1-263);EB + AFMPZ + AMPZ + BRMPZ + BBMPZ + BMPZ + BMPZ + BMPZ + BMPZ + BDMPZ + EB
2026-08-20 12:44:06;20-08-2026;13:03:00;396;Scheduled;AA;KH;Talgo;16 cars (Nos. 1-25);EB + BPD + BPT + BP + BPT + BP + BPT + BP + BPT + BP + BPT + BP + BPH + AP + APT + BPD
2026-08-20 13:37:38;20-08-2026;14:03:00;1196;Scheduled;AA;KH;IC3;4 cars (Nos. 71-82);MFU + MFU
2026-08-20 15:55:36;20-08-2026;15:02:30;2605;Scheduled;KH;AA;Talgo;16 cars (Nos. 1-25);EB + BPD + BPT + BP + BPT + BP + BPT + BP + BPT + BP + BPT + BP + BPH + AP + APT + BPD
2026-08-20 15:07:41;20-08-2026;15:03:00;384;Scheduled;AA;KH;Railjet;10 cars (Nos. 1-263);EB + BDMPZ + BMPZ + BMPZ + BMPZ + BMPZ + BBMPZ + BRMPZ + AMPZ + AFMPZ
2026-08-20 17:45:34;20-08-2026;17:02:30;2607;Scheduled;KH;AA;Talgo;16 cars (Nos. 1-25);EB + BPD + APT + AP + BPH + BP + BPT + BP + BPT + BP + BPT + BP + BPT + BP + BPT + BPD
2026-08-20 16:51:17;20-08-2026;17:03:00;394;Cancelled;AA;KH;Talgo;17 cars (Nos. 1-111);EB + BPD + BPT + BP + BPT + BP + BPT + BP + BPT + BP + BPT + BP + BPH + AP + APT + BPD + EB
2026-08-20 18:48:00;20-08-2026;19:03:00;382;Scheduled;AA;KH;Railjet;11 cars (Nos. 1-263);EB + BDMPZ + BMPZ + BMPZ + BMPZ + BMPZ + BBMPZ + BRMPZ + AMPZ + AFMPZ + EB
2026-08-20 20:55:41;20-08-2026;21:02:30;92619;Scheduled;KH;AA;Talgo;16 cars (Nos. 2-25);EB + BPD + BPT + BP + BPT + BP + BPT + BP + BPT + BP + BPT + BP + BPH + AP + APT + BPD
2026-08-20 21:41:26;20-08-2026;21:03:00;392;Scheduled;AA;KH;Talgo;16 cars (Nos. 11-111);EB + BPD + APT + AP + BPH + BP + BPT + BP + BPT + BP + BPT + BP + BPT + BP + BPT + BPD
2026-08-21 01:36:04;21-08-2026;02:19:00;466;Scheduled;AA;CPH;Talgo;16 cars (Nos. 1-25);EB + BPD + BPT + BP + BPT + BP + BPT + BP + BPT + BP + BPT + BP + BPH + AP + APT + BPD
2026-08-21 01:36:04;21-08-2026;02:37:00;13467;Scheduled;KH;AA;Talgo;16 cars (Nos. 1-25);EB + BPD + BPT + BP + BPT + BP + BPT + BP + BPT + BP + BPT + BP + BPH + AP + APT + BPD
2026-08-21 07:45:35;21-08-2026;08:02:30;2611;Scheduled;KH;AA;IC3;4 cars (Nos. 71-82);MFU + MFU
2026-08-21 09:03:50;21-08-2026;09:02:30;383;Scheduled;KH;AA;Railjet;10 cars (Nos. 1-263);EB + AFMPZ + AMPZ + BRMPZ + BBMPZ + BMPZ + BMPZ + BMPZ + BMPZ + BDMPZ
2026-08-21 09:03:50;21-08-2026;09:03:00;1198;Scheduled;AA;KH;Talgo;16 cars (Nos. 1-25);EB + BPD + APT + AP + BPH + BP + BPT + BP + BPT + BP + BPT + BP + BPT + BP + BPT + BPD
2026-08-21 10:54:11;21-08-2026;11:02:30;2603;Cancelled;PA;AA;Talgo;17 cars (Nos. 1-111);EB + BPD + APT + AP + BPH + BP + BPT + BP + BPT + BP + BPT + BP + BPT + BP + BPT + BPD + EB
2026-08-21 11:49:24;21-08-2026;12:04:00;378;Scheduled;PA;KH;IC3;4 cars (Nos. 61-64);ER
2026-08-21 13:36:56;21-08-2026;13:02:30;385;Scheduled;KH;AA;Railjet;11 cars (Nos. 1-263);EB + AFMPZ + AMPZ + BRMPZ + BBMPZ + BMPZ + BMPZ + BMPZ + BMPZ + BDMPZ + EB
2026-08-21 12:43:32;21-08-2026;13:03:00;396;Scheduled;AA;KH;Talgo;16 cars (Nos. 1-25);EB + BPD + APT + AP + BPH + BP + BPT + BP + BPT + BP + BPT + BP + BPT + BP + BPT + BPD
2026-08-21 15:06:57;21-08-2026;14:03:00;1196;Scheduled;KD;KH;Unknown;5 cars (Nos. 71-81);ABS + BK + B + B + EB
2026-08-21 15:54:55;21-08-2026;15:02:30;2605;Scheduled;RG;AA;Talgo;16 cars (Nos. 1-25);EB + BPD + BPT + BP + BPT + BP + BPT + BP + BPT + BP + BPT + BP + BPH + AP + APT + BPD
2026-08-21 15:06:57;21-08-2026;15:03:00;384;Scheduled;AA;KH;Railjet;10 cars (Nos. 1-263);EB + AFMPZ + AMPZ + BRMPZ + BBMPZ + BMPZ + BMPZ + BMPZ + BMPZ + BDMPZ
2026-08-21 16:50:12;21-08-2026;17:02:30;2607;Scheduled;KH;AA;Talgo;16 cars (Nos. 1-25);EB + BPD + APT + AP + BPH + BP + BPT + BP + BPT + BP + BPT + BP + BPT + BP + BPT + BPD
2026-08-21 16:50:12;21-08-2026;17:03:00;394;Cancelled;AA;KH;Talgo;17 cars (Nos. 1-111);EB + BPD + BPT + BP + BPT + BP + BPT + BP + BPT + BP + BPT + BP + BPH + AP + APT + BPD + EB
2026-08-21 18:48:05;21-08-2026;19:03:00;382;Scheduled;AA;KH;Railjet;11 cars (Nos. 1-263);EB + BDMPZ + BMPZ + BMPZ + BMPZ + BMPZ + BBMPZ + BRMPZ + AMPZ + AFMPZ + EB
2026-08-21 21:34:02;21-08-2026;21:02:30;92619;Scheduled;KH;AA;Talgo;16 cars (Nos. 2-25);EB + BPD + BPT + BP + BPT + BP + BPT + BP + BPT + BP + BPT + BP + BPH + AP + APT + BPD
2026-08-21 21:34:02;21-08-2026;21:03:00;392;Scheduled;AA;KH;Talgo;16 cars (Nos. 11-111);BPD + APT + AP + BPH + BP + BPT + BP + BPT + BP + BPT + BP + BPT + BP + BPT + BPD + EB
2026-08-22 05:04:29;22-08-2026;02:19:00;466;Scheduled;PA;CPH;Talgo;16 cars (Nos. 1-25);EB + BPD + BPT + BP + BPT + BP + BPT + BP + BPT + BP + BPT + BP + BPH + AP + APT + BPD
2026-08-22 01:34:56;22-08-2026;02:37:00;13467;Scheduled;KH;AA;Talgo;16 cars (Nos. 1-25);EB + BPD + APT + AP + BPH + BP + BPT + BP + BPT + BP + BPT + BP + BPT + BP + BPT + BPD
2026-08-22 07:38:17;22-08-2026;08:02:30;2611;Scheduled;KH;AA;IC3;4 cars (Nos. 71-82);MFU + MFU
2026-08-22 08:56:29;22-08-2026;09:02:30;383;Cancelled;KH;#PH;Unknown;5 cars (Nos. 1-34);EB + B + B + BK + ABS
2026-08-22 08:56:29;22-08-2026;09:03:00;1198;Scheduled;PA;KH;Unknown;5 cars (Nos. 1-34);EB + ABS + BK + B + B
2026-08-22 10:44:11;22-08-2026;11:02:30;2603;Scheduled;KH;AA;Talgo;17 cars (Nos. 1-111);EB + BPD + BPT + BP + BPT + BP + BPT + BP + BPT + BP + BPT + BP + BPH + AP + APT + BPD + EB
2026-08-22 11:37:37;22-08-2026;12:04:00;378;Scheduled;PA;KH;Unknown;4 cars (Nos. 61-72);MFA + MFA
2026-08-22 13:32:03;22-08-2026;13:02:30;385;Scheduled;KH;AA;Railjet;11 cars (Nos. 1-263);EB + AFMPZ + AMPZ + BRMPZ + BBMPZ + BMPZ + BMPZ + BMPZ + BMPZ + BDMPZ + EB
2026-08-22 13:32:03;22-08-2026;13:03:00;396;Scheduled;AA;KH;Talgo;16 cars (Nos. 1-25);EB + BPD + BPT + BP + BPT + BP + BPT + BP + BPT + BP + BPT + BP + BPH + AP + APT + BPD
2026-08-22 13:32:03;22-08-2026;14:03:00;1196;Cancelled;AA;KH;IC3;4 cars (Nos. 71-82);MFU + MFU
2026-08-22 14:57:16;22-08-2026;15:02:30;2605;Cancelled;PA;AA;Vectron-hauled;2 cars (Nos. 1-111);EB + EB
2026-08-22 14:57:16;22-08-2026;15:03:00;384;Scheduled;AA;KH;Railjet;10 cars (Nos. 1-263);EB + AFMPZ + AMPZ + BRMPZ + BBMPZ + BMPZ + BMPZ + BMPZ + BMPZ + BDMPZ
2026-08-22 16:35:04;22-08-2026;17:02:30;2607;Scheduled;PA;HMB;Unknown;0 cars;
2026-08-22 16:35:04;22-08-2026;17:03:00;394;Scheduled;PA;KH;IC3;23 cars (Nos. 1-111);ER + MFA + EB + BPD + APT + AP + BPH + BP + BPT + BP + BPT + BP + BPT + BP + BPT + BP + BPT + BPD + EB
2026-08-22 18:36:54;22-08-2026;19:03:00;382;Scheduled;AA;KH;Railjet;11 cars (Nos. 1-263);EB + BDMPZ + BMPZ + BMPZ + BMPZ + BMPZ + BBMPZ + BRMPZ + AMPZ + AFMPZ + EB
2026-08-22 22:35:47;22-08-2026;21:02:30;2619;Scheduled;KH;AA;Talgo;16 cars (Nos. 2-25);EB + BPD + APT + AP + BPH + BP + BPT + BP + BPT + BP + BPT + BP + BPT + BP + BPT + BPD
2026-08-22 20:46:05;22-08-2026;21:05:00;392;Cancelled;HMB;KH;Unknown;0 cars;
2026-08-23 01:32:09;23-08-2026;02:19:00;466;Scheduled;AA;CPH;Talgo;17 cars (Nos. 1-111);EB + BPD + APT + AP + BPH + BP + BPT + BP + BPT + BP + BPT + BP + BPT + BP + BPT + BPD + EB
2026-08-23 07:41:11;23-08-2026;08:02:30;2611;Scheduled;KH;AA;IC3;4 cars (Nos. 71-82);MFU + MFU
2026-08-23 08:57:40;23-08-2026;09:02:30;383;Scheduled;KH;AA;Railjet;10 cars (Nos. 1-263);EB + AFMPZ + AMPZ + BRMPZ + BBMPZ + BMPZ + BMPZ + BMPZ + BMPZ + BDMPZ
2026-08-23 08:57:40;23-08-2026;09:03:00;1198;Scheduled;AA;KH;Talgo;16 cars (Nos. 1-25);EB + BPD + BPT + BP + BPT + BP + BPT + BP + BPT + BP + BPT + BP + BPH + AP + APT + BPD
2026-08-23 10:44:51;23-08-2026;11:02:30;2603;Scheduled;KH;AA;Talgo;17 cars (Nos. 1-25);EB + BPD + APT + AP + BPH + BP + BPT + BP + BPT + BP + BPT + BP + BPT + BP + BPT + BPD + EB
2026-08-23 11:38:59;23-08-2026;12:04:00;378;Scheduled;PA;KH;Unknown;4 cars (Nos. 61-72);MFA + MFA
2026-08-23 12:36:03;23-08-2026;13:02:30;385;Scheduled;KH;AA;Railjet;11 cars (Nos. 1-263);EB + AFMPZ + AMPZ + BRMPZ + BBMPZ + BMPZ + BMPZ + BMPZ + BMPZ + BDMPZ + EB
2026-08-23 12:36:03;23-08-2026;13:03:00;396;Scheduled;AA;KH;Talgo;17 cars (Nos. 1-25);EB + BPD + BPT + BP + BPT + BP + BPT + BP + BPT + BP + BPT + BP + BPH + AP + APT + BPD + EB
2026-08-23 13:32:00;23-08-2026;14:03:00;1196;Scheduled;AA;KH;IC3;4 cars (Nos. 71-82);MFU + MFU
2026-08-23 14:58:29;23-08-2026;15:02:30;2605;Scheduled;KH;AA;Talgo;17 cars (Nos. 1-111);EB + BPD + APT + AP + BPH + BP + BPT + BP + BPT + BP + BPT + BP + BPT + BP + BPT + BPD + EB
2026-08-23 01:32:09;23-08-2026;02:37:00;13467;Scheduled;PA;#PH;Unknown;0 cars;
2026-08-23 14:58:29;23-08-2026;15:03:00;384;Scheduled;AA;KH;Railjet;10 cars (Nos. 1-263);EB + BDMPZ + BMPZ + BMPZ + BMPZ + BMPZ + BBMPZ + BRMPZ + AMPZ + AFMPZ
2026-08-23 16:35:34;23-08-2026;17:02:30;2607;Scheduled;KH;AA;Talgo;16 cars (Nos. 1-25);EB + BPD + BPT + BP + BPT + BP + BPT + BP + BPT + BP + BPT + BP + BPH + AP + APT + BPD
2026-08-23 16:35:34;23-08-2026;17:03:00;394;Scheduled;AA;KH;Talgo;17 cars (Nos. 1-25);EB + BPD + BPT + BP + BPT + BP + BPT + BP + BPT + BP + BPT + BP + BPH + AP + APT + BPD + EB
2026-08-23 18:39:00;23-08-2026;19:03:00;382;Scheduled;AA;KH;Railjet;11 cars (Nos. 1-263);EB + BDMPZ + BMPZ + BMPZ + BMPZ + BMPZ + BBMPZ + BRMPZ + AMPZ + AFMPZ + EB
2026-08-23 21:31:14;23-08-2026;21:02:30;2619;Scheduled;KH;AA;Talgo;17 cars (Nos. 1-111);EB + BPD + APT + AP + BPH + BP + BPT + BP + BPT + BP + BPT + BP + BPT + BP + BPT + BPD + EB
2026-08-23 21:31:14;23-08-2026;21:03:00;392;Scheduled;AA;KH;Talgo;17 cars (Nos. 1-111);EB + BPD + BPT + BP + BPT + BP + BPT + BP + BPT + BP + BPT + BP + BPH + AP + APT + BPD + EB
2026-08-24 01:32:51;24-08-2026;02:19:00;466;Scheduled;PA;CPH;IC3;8 cars (Nos. 31-44);ER + ER
2026-08-24 01:32:51;24-08-2026;02:37:00;13467;Scheduled;PA;AA;IC3;24 cars (Nos. 1-44);EB + BPD + BPT + BP + BPT + BP + BPT + BP + BPT + BP + BPT + BP + BPH + AP + APT + BPD + ER + ER
2026-08-24 07:50:00;24-08-2026;08:02:30;2611;Scheduled;KH;AA;IC3;4 cars (Nos. 71-82);MFU + MFU
2026-08-24 07:50:00;24-08-2026;09:02:30;383;Scheduled;KH;AA;Railjet;10 cars (Nos. 1-263);EB + AFMPZ + AMPZ + BRMPZ + BBMPZ + BMPZ + BMPZ + BMPZ + BMPZ + BDMPZ
2026-08-24 09:16:47;24-08-2026;09:03:00;1198;Scheduled;AA;KH;Talgo;16 cars (Nos. 1-25);EB + BPD + BPT + BP + BPT + BP + BPT + BP + BPT + BP + BPT + BP + BPH + AP + APT + BPD
2026-08-24 11:00:42;24-08-2026;11:02:30;2603;Scheduled;KH;AA;Talgo;17 cars (Nos. 1-111);EB + BPD + APT + AP + BPH + BP + BPT + BP + BPT + BP + BPT + BP + BPT + BP + BPT + BPD + EB
2026-08-24 11:59:30;24-08-2026;12:04:00;378;Scheduled;PA;KH;IC3;6 cars (Nos. 61-72);ER + MFA
2026-08-24 12:49:49;24-08-2026;13:02:30;385;Scheduled;KH;AA;Railjet;11 cars (Nos. 1-263);EB + AFMPZ + AMPZ + BRMPZ + BBMPZ + BMPZ + BMPZ + BMPZ + BMPZ + BDMPZ + EB
2026-08-24 12:49:49;24-08-2026;13:03:00;396;Scheduled;AA;KH;Talgo;16 cars (Nos. 1-25);EB + BPD + APT + AP + BPH + BP + BPT + BP + BPT + BP + BPT + BP + BPT + BP + BPT + BPD
2026-08-24 13:40:11;24-08-2026;14:03:00;1196;Scheduled;AA;KH;IC3;4 cars (Nos. 71-82);MFU + MFU
2026-08-24 15:09:45;24-08-2026;15:02:30;2605;Scheduled;PA;AA;Talgo;17 cars (Nos. 1-111);EB + BPD + BPT + BP + BPT + BP + BPT + BP + BPT + BP + BPT + BP + BPH + AP + APT + BPD + EB
2026-08-24 15:09:45;24-08-2026;15:03:00;384;Scheduled;AA;KH;Railjet;10 cars (Nos. 1-263);EB + BDMPZ + BMPZ + BMPZ + BMPZ + BMPZ + BBMPZ + BRMPZ + AMPZ + AFMPZ
2026-08-24 16:55:40;24-08-2026;17:02:30;2607;Scheduled;KH;AA;Talgo;16 cars (Nos. 1-25);EB + BPD + APT + AP + BPH + BP + BPT + BP + BPT + BP + BPT + BP + BPT + BP + BPT + BPD
2026-08-24 16:55:40;24-08-2026;17:03:00;394;Scheduled;AA;KH;Talgo;17 cars (Nos. 1-111);EB + BPD + BPT + BP + BPT + BP + BPT + BP + BPT + BP + BPT + BP + BPH + AP + APT + BPD + EB
2026-08-24 18:52:20;24-08-2026;19:03:00;382;Scheduled;AA;KH;Railjet;11 cars (Nos. 1-263);EB + BDMPZ + BMPZ + BMPZ + BMPZ + BMPZ + BBMPZ + BRMPZ + AMPZ + AFMPZ + EB
2026-08-24 21:39:32;24-08-2026;21:02:30;92619;Scheduled;KH;AA;Talgo;17 cars (Nos. 1-111);EB + BPD + BPT + BP + BPT + BP + BPT + BP + BPT + BP + BPT + BP + BPH + AP + APT + BPD + EB
2026-08-24 20:55:44;24-08-2026;21:03:00;392;Scheduled;AA;KH;Talgo;16 cars (Nos. 1-25);EB + BPD + APT + AP + BPH + BP + BPT + BP + BPT + BP + BPT + BP + BPT + BP + BPT + BPD
2026-08-25 01:31:48;25-08-2026;02:19:00;466;Scheduled;PA;CPH;IC3;4 cars (Nos. 1-4);ER
2026-08-25 01:31:48;25-08-2026;02:37:00;13467;Scheduled;PA;AA;IC3;20 cars (Nos. 1-25);EB + BPD + APT + AP + BPH + BP + BPT + BP + BPT + BP + BPT + BP + BPT + BP + BPT + BPD + ER
2026-08-25 07:44:10;25-08-2026;08:02:30;2611;Scheduled;KH;AA;IC3;4 cars (Nos. 71-82);MFU + MFU
2026-08-25 09:05:09;25-08-2026;09:02:30;383;Scheduled;KH;AA;Railjet;10 cars (Nos. 1-263);EB + AFMPZ + AMPZ + BRMPZ + BBMPZ + BMPZ + BMPZ + BMPZ + BMPZ + BDMPZ
2026-08-25 09:05:09;25-08-2026;09:03:00;1198;Scheduled;AA;KH;Talgo;16 cars (Nos. 1-25);EB + BPD + APT + AP + BPH + BP + BPT + BP + BPT + BP + BPT + BP + BPT + BP + BPT + BPD
2026-08-25 10:56:03;25-08-2026;11:02:30;2603;Scheduled;KH;AA;Talgo;17 cars (Nos. 1-111);EB + BPD + APT + AP + BPH + BP + BPT + BP + BPT + BP + BPT + BP + BPT + BP + BPT + BPD + EB
2026-08-25 11:48:18;25-08-2026;12:04:00;378;Scheduled;PA;KH;IC3;6 cars (Nos. 61-72);ER + MFA
2026-08-25 12:46:17;25-08-2026;13:02:30;385;Scheduled;KH;AA;Railjet;11 cars (Nos. 1-263);EB + BDMPZ + BMPZ + BMPZ + BMPZ + BMPZ + BBMPZ + BRMPZ + AMPZ + AFMPZ + EB
2026-08-25 12:46:17;25-08-2026;13:03:00;396;Scheduled;AA;KH;Talgo;16 cars (Nos. 1-25);EB + BPD + BPT + BP + BPT + BP + BPT + BP + BPT + BP + BPT + BP + BPH + AP + APT + BPD
2026-08-25 13:38:44;25-08-2026;14:03:00;1196;Scheduled;AA;KH;IC3;4 cars (Nos. 71-82);MFU + MFU
2026-08-25 13:38:44;25-08-2026;15:02:30;2605;Cancelled;KH;AA;Talgo;17 cars (Nos. 1-111);EB + BPD + BPT + BP + BPT + BP + BPT + BP + BPT + BP + BPT + BP + BPH + AP + APT + BPD + EB
2026-08-25 15:07:59;25-08-2026;15:03:00;384;Scheduled;AA;KH;Railjet;10 cars (Nos. 1-263);EB + BDMPZ + BMPZ + BMPZ + BMPZ + BMPZ + BBMPZ + BRMPZ + AMPZ + AFMPZ
2026-08-25 16:59:40;25-08-2026;17:02:30;2607;Scheduled;KH;AA;Talgo;16 cars (Nos. 1-25);EB + BPD + BPT + BP + BPT + BP + BPT + BP + BPT + BP + BPT + BP + BPH + AP + APT + BPD
2026-08-25 16:59:40;25-08-2026;17:03:00;394;Scheduled;AA;KH;Talgo;17 cars (Nos. 1-111);EB + BPD + BPT + BP + BPT + BP + BPT + BP + BPT + BP + BPT + BP + BPH + AP + APT + BPD + EB
2026-08-25 18:51:51;25-08-2026;19:03:00;382;Scheduled;AA;KH;Railjet;11 cars (Nos. 1-263);EB + AFMPZ + AMPZ + BRMPZ + BBMPZ + BMPZ + BMPZ + BMPZ + BMPZ + BDMPZ + EB
2026-08-25 20:53:59;25-08-2026;21:02:30;92619;Scheduled;KH;AA;Talgo;17 cars (Nos. 2-111);EB + EB + BPD + APT + AP + BPH + BP + BPT + BP + BPT + BP + BPT + BP + BPT + BP + BPT + BPD
2026-08-25 20:53:59;25-08-2026;21:03:00;392;Scheduled;PA;KH;IC3;8 cars (Nos. 11-24);ER + ER
2026-08-25 20:53:59;26-08-2026;02:19:00;466;Scheduled;PA;CPH;Talgo;16 cars (Nos. 11-111);EB + BPD + APT + AP + BPH + BP + BPT + BP + BPT + BP + BPT + BP + BPT + BP + BPT + BPD
2026-08-25 20:53:59;26-08-2026;02:37:00;13467;Scheduled;KH;AA;Talgo;16 cars (Nos. 1-25);EB + BPD + APT + AP + BPH + BP + BPT + BP + BPT + BP + BPT + BP + BPT + BP + BPT + BPD
2026-08-25 20:53:59;26-08-2026;08:02:30;2611;Scheduled;KH;AA;IC3;4 cars (Nos. 71-82);MFU + MFU
2026-08-25 20:53:59;26-08-2026;09:02:30;383;Scheduled;KH;AA;Railjet;10 cars (Nos. 1-263);EB + AFMPZ + AMPZ + BRMPZ + BBMPZ + BMPZ + BMPZ + BMPZ + BMPZ + BDMPZ
2026-08-25 20:53:59;26-08-2026;09:03:00;1198;Scheduled;AA;KH;Talgo;16 cars (Nos. 1-25);EB + BPD + BPT + BP + BPT + BP + BPT + BP + BPT + BP + BPT + BP + BPH + AP + APT + BPD
2026-08-25 20:53:59;26-08-2026;11:02:30;2603;Scheduled;KH;AA;Talgo;17 cars (Nos. 1-111);EB + BPD + APT + AP + BPH + BP + BPT + BP + BPT + BP + BPT + BP + BPT + BP + BPT + BPD + EB
